200
241 -511 253 -109 9 -19 65 559 172 551 -16 757 395 101 312 -140 273 414 -808 -674 975 104 706 -287 -85 740 -126 123 655 577 11 24 222 450 298 191 415 -278 22 506 20 -50 308 -534 -370 423 367 366 -432 -39 -90 577 -589 -627 -379 -162 -459 -100 -430 -1010 -78 472 -273 -330 -726 83 653 -351 -664 452 -144 -490 -151 -260 -543 239 -528 -872 143 304 740 -230 91 850 -125 43 171 -816 333 -551 51 -61 437 -1268 625 -47 131 341 -531 -381 -312 -636 355 40 -241 266 -321 709 63 -931 834 -514 -482 208 255 -341 560 459 381 -834 289 -94 591 590 -185 57 41 210 62 -113 193 -41 135 -94 96 162 -427 346 -873 58 -110 173 319 -422 100 61 -460 -44 83 109 -449 -451 -522 -267 -745 -604 113 -142 -42 548 -497 -49 -47 -242 411 774 593 548 150 -311 -341 -442 577 -407 -350 634 -93 -499 445 99 -563 382 134 -209 -746 842 144 -29 -275 176 167 -1050 573 -421 -294 -115 -879 -201 522 296
212 13 440 787 575 -480 129 -106 291 99 -440 -307 -214 377 166 -32 580 308 -510 -80 -89 236 341 -577 -362 -175 2 1046 89 -384 234 10 171 -569 713 -277 -634 269 412 129 21 242 -487 -1084 231 -714 236 -360 -755 -530 755 161 581 -617 -109 -320 -235 120 -70 -225 423 65 681 44 180 243 -203 512 -262 -115 55 -12 -358 -254 576 442 256 -310 69 3 -208 -72 578 726 -484 205 47 139 1238 1001 -319 -282 -310 190 -76 388 119 262 -200 -634 721 -330 -862 282 -151 -404 -548 -280 -288 302 -649 -213 -261 -190 -339 151 -153 -220 -110 -69 418 190 907 -137 -286 174 330 697 -424 -611 -674 -23 486 244 -745 -304 581 2 -20 -4 420 191 -64 120 610 -52 -282 834 -631 221 89 411 668 -87 -215 783 -252 -541 -775 -29 250 -33 -97 403 -157 -100 160 235 374 -272 -3 -458 -149 739 -131 696 90 327 -101 189 521 -252 -442 -797 -411 27 43 459 -1008 -1048 -595 -236 -214 305 282 -185 1215 15 204 -1
-210 675 -543 -247 -290 103 -947 -295 -208 782 688 27 1422 151 441 -247 495 -70 303 -212 -428 173 -170 -682 16 -282 812 -257 -285 -387 7 -441 702 -369 97 -121 -34 2 -102 -62 276 -1 -780 219 261 245 388 88 -179 -130 1296 684 -785 -154 1628 296 -294 610 -161 411 732 -282 595 -875 41 723 -414 242 -146 121 114 -101 72 -132 192 -144 4 -526 878 332 522 628 246 -72 -292 650 718 -661 -290 -424 -86 -740 398 708 -328 -156 9 167 -700 -221 -297 -106 78 -168 -153 -393 494 497 -388 -199 -243 181 -37 -267 345 -888 433 -196 -217 699 311 357 209 -537 156 -292 17 -120 15 -671 137 -419 -268 -524 -759 496 -29 707 566 -150 651 84 563 -95 -36 -845 103 -415 382 -429 827 -1100 310 -227 133 130 410 -365 -55 -1249 292 535 237 -99 -503 -151 -20 30 -432 162 -277 908 -46 -714 -680 -522 -26 -1342 -344 273 -81 -414 686 260 -303 518 83 184 -346 910 539 -347 14 -439 335 82 -203 -54 -77 32
749 -434 -459 -515 -229 117 -586 -246 -458 -229 -700 710 403 -271 360 512 -1076 -298 61 -279 567 411 -499 -385 -398 195 159 -481 -488 989 80 277 -9 843 963 -116 -243 645 93 71 68 243 -73 449 815 -75 -554 731 -342 8 -123 82 -108 558 -564 676 -18 -247 -408 -183 -68 321 622 181 94 -345 -213 227 113 -248 -602 -419 -510 -954 145 789 -738 -1234 107 -645 37 283 474 402 1347 -1075 -311 -427 132 -126 -54 126 70 237 297 -75 3 611 -52 -425 778 -743 -309 455 299 -125 -752 414 -106 181 -163 13 -556 -486 -791 428 151 341 901 -365 -183 591 -50 -2 -719 -516 -247 667 -373 151 -173 -72 172 -560 1238 -421 -1043 -262 -225 268 -515 599 -45 745 225 -90 193 -359 114 173 -83 442 -51 297 -268 508 87 834 -40 -261 932 -238 334 -313 173 -155 -717 -819 416 -326 11 367 -216 731 531 138 287 319 175 167 -281 31 -100 -393 211 203 684 140 199 -441 -486 530 160 -519 341 373 -209 174 -304 -121
-30 -239 690 207 -1 82 222 426 -566 648 -7 -358 -99 122 386 -30 246 -170 91 -407 217 83 255 -266 482 64 271 -520 -296 -1507 127 -626 608 566 137 325 142 -407 601 286 -422 -280 382 22 1198 287 192 -314 714 181 -476 569 -101 376 -475 -428 -294 -464 -147 -652 -561 43 -333 -328 10 183 -57 -50 -67 -113 -376 245 663 -28 180 -164 418 480 -791 356 -390 -42 424 1275 -692 94 458 470 -209 109 117 -512 -122 -356 -13 290 -599 -767 -567 -544 -35 -59 -173 54 1332 487 376 -808 -84 -103 -560 75 152 -781 -409 1367 -523 -595 305 -417 -214 -6 -826 -200 382 -22 -128 33 -552 -122 493 -111 -437 445 -710 377 654 -343 -250 342 -203 331 379 -468 -199 -103 251 812 -315 -305 446 -207 -59 -194 -592 -846 -56 111 -196 663 -319 322 -148 344 -200 -274 -118 -310 -269 90 72 -17 -44 272 291 330 -85 -352 511 -375 276 75 140 427 60 -305 -21 160 1021 864 -123 -236 401 89 617 240 -286 146 215 355
-392 852 -1 1201 194 -3 86 -429 591 -228 164 156 822 31 -134 233 331 253 403 7 -205 -676 -355 -95 -94 -6 526 -387 -176 -212 518 -614 348 504 -78 262 -502 56 -122 -670 65 323 -471 216 -242 -334 334 -140 -314 -345 -450 888 -190 78 465 -195 510 -119 105 425 -702 280 176 -450 133 178 457 776 -451 -288 -515 176 133 -294 1276 294 1422 -228 -84 -264 -869 -776 164 -104 409 -380 314 -135 -399 -391 -183 -635 127 623 -588 980 873 -314 247 -436 146 -842 -565 150 -61 61 -9 -711 489 116 138 255 -153 -893 -611 267 92 56 127 -190 266 277 389 169 -453 -385 -477 -556 -139 -93 55 -345 -286 -169 -221 -56 186 -208 -319 759 339 -347 711 -109 -528 -306 263 800 -124 -138 448 -338 875 176 163 761 -582 -269 51 -415 178 307 207 222 -338 -395 -56 -471 -489 -150 790 196 -49 485 200 -30 267 134 51 204 169 -330 -102 38 20 -99 -55 -125 -406 932 -59 396 180 322 15 406 310 176 484 -214
-263 731 370 -658 167 -475 -642 53 498 195 242 -4 -290 -320 -559 -268 -659 -799 -497 26 13 -10 148 80 -196 333 -142 -370 283 543 -196 414 426 -13 -283 -226 -557 -136 214 -802 77 -908 217 149 -375 -516 -7 -471 145 -99 -216 -204 -555 269 591 384 159 211 -106 571 18 256 -89 141 135 469 46 377 -30 823 346 193 64 -205 10 -126 459 209 -55 370 498 806 -419 -529 -76 -667 325 -340 327 -136 343 31 220 -510 -515 -429 150 120 -196 -442 136 1053 -100 716 -148 -424 461 427 -458 -202 78 51 -616 -138 73 1161 516 -452 184 -365 56 202 -971 103 571 246 -108 -350 -31 645 -483 461 865 -156 260 204 -88 88 -67 356 559 -176 47 -461 706 -724 187 -109 1062 -197 156 272 -215 359 -226 -147 -70 -1193 -370 201 -568 -713 836 790 209 641 -326 -476 687 88 -145 -10 -1009 670 1054 347 390 -26 205 -245 -358 21 36 -15 382 -853 32 -307 133 -216 51 -180 -272 572 89 117 -325 111 -642 -680
-288 -205 -37 -424 600 182 292 -185 254 -581 -135 -449 -149 -363 299 -246 490 77 -515 269 492 448 426 693 36 26 12 -1 -104 -45 465 449 929 177 -58 429 530 36 804 -197 621 -402 448 942 -899 82 -885 26 686 -399 89 -101 -215 -770 -191 -337 134 34 -397 77 -21 442 93 -19 231 498 633 -431 157 356 -635 -31 -392 -474 -149 -310 -301 257 -243 -409 98 206 -550 65 9 558 365 -311 -138 352 -18 -623 63 -8 848 -535 182 64 8 443 -92 1225 125 78 -522 213 -336 363 -31 365 1089 -366 509 421 -41 -200 -111 -180 -343 619 155 -652 623 253 -84 -725 738 390 116 -277 94 -184 -655 342 -1321 152 -526 8 100 321 -719 -517 101 30 40 -625 47 -733 202 634 544 -339 -190 79 -273 -29 14 -527 841 -893 11 -475 -761 487 376 389 48 -399 114 491 243 224 257 872 -668 -465 -126 -179 298 49 -332 -271 192 972 -360 602 -170 -262 -481 -413 -377 89 119 -492 187 -26 189 -17 -713 368
481 -646 -721 -408 104 19 -464 53 -482 -448 -363 1324 -848 -272 82 -292 -124 2 -522 -1258 885 484 314 -82 -46 -124 93 -6 112 19 172 -27 515 -142 -320 -167 -176 -245 466 -695 438 -77 -480 -178 -263 -319 -209 21 91 439 649 -212 -296 392 91 109 -857 -899 -538 846 -85 -98 -403 183 -578 -89 -924 -227 -58 16 -21 -705 -246 417 384 -108 -391 146 211 -239 725 270 317 -400 -481 192 288 -15 923 -3 -29 804 682 -556 162 317 122 240 198 259 -953 -244 149 -293 -97 -595 -268 113 -357 13 374 209 -381 39 -457 -3 516 -568 -22 -564 384 387 679 397 -30 177 -565 -6 499 171 -8 330 327 35 226 -83 38 -732 -386 -304 -97 365 140 78 18 -470 164 -450 -869 -75 -256 511 -269 -666 206 8 257 -802 355 388 -615 -375 -30 217 -230 -114 -371 535 -36 -108 337 -449 269 -395 215 397 -347 -437 -678 -64 19 436 -149 889 -199 -262 200 -513 205 72 83 -504 -104 -41 119 -5 -557 915 -180 -78
-233 170 329 -419 -140 -399 50 -190 -57 -29 -76 -669 118 71 -379 -366 210 -645 -40 918 -113 231 -21 323 -516 589 115 935 -128 212 110 715 -59 476 -654 -510 627 41 789 -212 90 442 223 70 -88 -233 -731 -409 -541 319 -15 282 80 183 -14 285 757 405 169 -345 -643 -640 245 431 419 34 734 100 -225 362 391 -395 -87 -101 -292 142 -1028 365 454 -839 -207 -562 689 316 383 40 -201 298 41 640 267 -966 -192 95 656 417 986 12 140 69 18 681 -227 -233 -127 -536 -358 788 -610 175 697 -370 162 378 400 43 -321 438 -876 -186 -109 156 -127 -210 -170 331 -762 743 -650 -520 -873 13 -864 -564 -480 -37 -96 194 149 90 135 -624 679 -84 201 181 -347 -177 33 729 -248 202 270 99 -639 208 -4 -476 221 -527 416 515 446 82 -71 503 51 56 230 112 -349 -428 42 -177 -818 371 144 -334 -139 -344 -8 -488 -22 -147 -232 22 -64 78 194 -200 500 -420 -374 -287 -282 198 -52 -269 -83 375
-260 -381 -535 -248 243 -36 -456 -367 386 -279 -514 496 -155 8 -845 -772 -65 -162 -209 64 295 605 426 923 -890 196 -449 -82 -46 -64 646 101 461 -26 -318 -26 88 -315 249 378 -542 -661 -242 -102 14 -196 118 -563 -202 -46 -699 -373 74 -102 -620 -732 -396 -74 75 207 306 -159 -573 468 -29 -311 303 -215 -342 762 351 281 -80 -363 60 -349 -255 177 388 -322 539 571 -170 -239 -118 134 -515 546 68 172 -756 -95 425 -330 12 -89 147 -475 -134 -496 -408 4 195 -141 307 -355 812 -95 55 639 186 -7 19 -39 -294 -320 -465 -1 461 -733 627 -254 -417 383 -537 -396 -46 -412 -387 24 -258 -13 513 156 -729 714 158 194 -14 559 -196 430 102 -241 -27 -82 248 -466 -498 275 246 13 163 -6 -1211 -134 -360 -404 -316 -128 -638 187 479 -402 95 -121 285 -587 85 444 -76 506 117 77 200 717 665 282 363 236 -47 434 219 536 -268 -10 105 -306 -398 117 342 -492 53 318 585 585 -133 -455 -270 -482
301 -256 735 -53 -90 -315 -132 346 170 53 164 813 246 91 -176 89 -825 88 326 -70 -1604 -342 -211 301 549 27 -78 -192 92 597 -121 -97 -654 -449 -675 -380 47 688 154 -220 -98 777 64 -147 442 -135 390 -192 -272 -308 -561 -449 -59 -349 -345 -526 -285 558 583 -165 572 -539 122 -225 13 -258 302 130 253 46 -190 -15 -266 766 -165 416 -21 -179 -519 -262 -683 312 -45 -665 -50 -870 159 -267 -395 -101 -119 640 -674 273 -50 45 -406 357 -104 377 -436 188 -482 -172 27 -286 -634 -23 -99 315 136 310 -48 561 -68 554 -482 567 786 -644 -538 797 -922 -50 591 -244 -602 -541 126 198 -143 -783 366 626 -181 68 -118 -363 217 -156 1301 -271 299 384 64 862 -135 1453 -168 101 644 -419 52 -428 247 291 -1075 -508 128 -28 -12 -95 204 -360 -368 271 -498 -228 58 306 -96 27 -811 -684 -1003 273 2 44 -319 -336 -351 544 -330 -117 577 185 -337 599 -300 140 -272 -260 21 715 268 388 -487 -775 120 40
32 -281 126 -640 -438 620 -311 -80 -329 276 424 109 357 -32 699 -704 223 315 148 72 180 95 -256 -252 376 12 342 97 -364 971 -73 221 -393 -113 -270 617 -891 5 128 748 -488 227 -160 -103 -506 -1031 -71 -178 -380 643 -85 747 -177 -74 152 -148 -158 -350 -381 885 -422 -191 347 -113 444 -350 -19 147 110 -962 -131 345 345 -383 454 -366 -422 535 505 -287 386 -1094 542 25 -339 -279 -986 -162 6 46 331 91 216 614 -432 -499 75 408 326 418 138 -148 -709 -773 9 -829 -13 -534 -97 11 -434 -61 178 -171 -70 -270 380 -152 65 118 -282 224 67 265 -106 -134 -19 334 -168 84 359 -51 -227 113 -691 -460 -377 -27 364 1 -435 194 398 -83 -558 -6 533 549 -318 -35 442 -294 -256 157 -341 -27 632 279 128 -772 -140 -4 186 -617 -310 -395 -170 305 -248 473 -247 -220 -193 -389 390 -62 1123 762 -103 -247 259 -468 -497 -187 -411 -43 137 -472 -326 364 285 517 -192 -265 -398 389 -99 -83 269 -517
391 -409 -389 -290 -319 161 -141 -614 578 556 55 -108 45 -11 -578 622 564 609 -403 55 111 -645 -24 -375 310 866 -545 396 272 -1308 341 -539 -259 -351 -277 469 -149 -94 -46 657 -295 23 -754 218 -385 219 51 240 443 506 684 555 279 729 1026 7 329 803 -1014 -143 -238 221 531 639 -512 1017 -120 183 109 -446 -183 723 1143 390 -13 78 634 -230 318 433 -130 1683 -115 -487 -417 -146 872 -147 -472 -676 -366 -355 187 351 -685 18 -672 -60 -402 -115 71 515 300 688 -107 -79 -100 163 230 -954 30 -244 -187 -847 -296 -80 -119 88 -194 271 912 571 -559 -295 179 89 59 257 1471 -303 -261 -327 -400 -288 94 -5 543 47 1115 49 323 203 -363 -359 -480 -51 -974 -290 187 -151 15 -173 -193 -128 -169 -750 402 -331 -198 -180 501 -526 -211 508 291 -613 -67 -124 309 74 40 186 -522 735 751 -36 552 -782 777 10 -35 510 275 -41 -454 138 183 -96 -966 -206 137 445 -45 -473 806 -324 -206 331 599 505
436 -97 -138 -746 67 -28 -33 287 -167 -521 -18 -585 -689 -298 -1022 -479 -27 41 98 8 -141 65 67 639 -49 225 337 30 345 -204 -45 20 153 -757 878 -284 507 -10 -201 337 -203 -443 -484 -485 -512 672 -219 -800 198 723 -121 -714 -485 149 -510 -323 260 -256 179 -317 -183 375 -132 362 113 -186 498 -468 425 98 784 217 -426 48 -626 -600 1 -300 -802 199 318 56 -655 253 -74 343 397 710 -975 428 304 -80 -425 364 -207 368 508 -703 -10 -413 -63 -264 81 -147 856 -357 227 709 474 286 -77 -329 249 -401 434 -121 231 -447 108 392 550 -66 -471 647 -154 -151 -216 -88 184 -232 -132 -537 297 -231 -834 -18 -386 514 -249 575 -128 -664 380 64 43 -432 98 -189 -167 -333 518 -162 225 -129 400 -795 106 -462 -735 -209 -646 -53 -51 -484 134 112 -176 74 -187 -170 663 -220 93 45 566 65 278 270 -198 -13 -678 66 -125 -418 519 120 -714 -948 70 -22 327 -327 289 571 -216 523 -415 -405 380 -948
-558 -355 -330 711 268 -347 -487 486 614 923 8 468 147 30 28 -133 -46 99 -125 -344 -9 -609 -56 678 -143 -272 111 583 161 -7 -173 196 383 898 -10 501 -881 37 215 243 331 -473 30 566 241 36 68 -115 -18 213 284 1150 45 -161 177 653 -416 63 -566 -669 463 -254 -137 -355 378 195 804 -188 -352 -41 -463 1145 453 -488 479 -253 147 431 -244 114 -23 40 -64 586 408 325 -427 -150 52 29 316 -311 230 -22 -70 287 -435 168 47 -429 -838 326 247 509 -314 390 675 -1083 -453 -154 810 -57 -451 183 -426 479 -562 -469 -406 -222 -299 -228 -216 -192 423 301 266 685 198 -353 -163 -163 -168 -365 26 135 79 -183 370 -76 -780 331 134 -486 -70 -345 286 -311 1123 255 467 550 -521 284 -56 -122 583 -997 637 602 -511 -29 605 120 596 318 -84 1038 -604 -409 -133 653 76 469 -233 128 -88 -86 501 -816 305 -89 -41 695 -364 -33 -195 -108 139 368 553 -475 263 -114 -276 182 992 -70 -51 479
-290 476 408 -115 -362 -398 -253 -335 12 -293 171 296 933 178 107 -88 -296 72 10 594 565 1018 -47 242 582 501 -576 869 416 -544 295 56 -1709 -694 -185 2 109 109 -50 207 515 311 31 588 -988 67 -652 -177 520 -167 3 24 -179 -8 853 -591 124 -429 107 248 -112 386 -130 142 21 188 -332 116 502 84 -44 -161 -408 762 -634 295 -324 -144 -920 -440 283 319 -32 -503 352 91 -306 75 1140 -176 -490 455 -358 -266 30 -111 246 -26 834 102 675 80 110 492 -423 635 303 1166 -235 -8 -82 509 -56 764 85 408 -240 -44 -149 -239 269 229 -294 -28 332 622 527 -181 49 -168 -509 -326 418 -276 396 -510 574 -1037 -83 432 -241 18 -267 -373 386 192 526 612 49 -201 -295 461 -408 -208 363 309 114 -644 103 -166 -239 383 243 -249 -556 542 721 -433 -217 322 159 -786 635 155 884 -425 167 77 -239 -623 -259 -673 31 -815 -199 -126 114 37 -32 -128 -219 225 -380 372 324 85 110 -150 -402 -311
-923 253 65 421 284 -75 493 186 -394 113 721 -97 -353 -9 299 262 -758 -151 637 142 -83 -365 319 112 -90 645 259 193 -454 209 -393 -926 167 741 -67 181 -409 -153 327 -558 125 -23 582 241 -201 305 329 -10 224 227 428 -92 -129 72 315 297 118 106 510 -375 -322 146 -80 -6 67 -423 -724 -609 -140 -438 -8 -458 -98 -127 442 -451 34 -1099 -281 -56 -349 -786 531 -320 125 -29 67 -470 87 401 768 -399 -125 255 460 -680 -533 898 410 -48 98 245 500 94 -250 -40 26 112 636 58 591 363 285 -415 -111 426 -148 866 -174 -186 -337 -142 -567 36 -460 117 -208 264 -391 -517 -515 312 -1097 -387 643 17 -304 354 -11 -65 324 302 -88 -64 -677 -275 -462 -179 445 622 -387 -199 -1005 297 -332 193 570 123 -324 365 150 -822 227 499 241 755 -472 71 -62 189 293 235 -326 -417 414 -259 -40 -44 -232 -211 -743 197 109 -420 532 301 550 541 39 -877 39 445 -277 1055 565 -22 466 -542 -49 443
-59 694 275 -531 1099 -790 506 348 71 -577 302 -28 -770 -82 -29 -58 255 -440 -470 -360 109 600 254 -122 717 -124 -6 251 -313 112 135 352 384 613 61 -36 446 -577 -427 -536 603 -469 587 -110 -267 313 159 -59 356 49 -503 -683 -184 -430 -712 -484 -539 138 513 -579 -243 -138 -26 379 -321 -30 350 -490 472 -32 1181 -399 307 249 43 165 -54 617 91 204 -3 -214 211 7 -35 -735 -960 -578 -62 782 5 205 -179 -460 -193 -118 556 323 -393 108 -671 -87 -392 -928 -125 -620 -208 -219 199 115 504 154 -128 89 457 -537 457 158 101 146 -203 -548 -25 -349 253 -576 -39 -439 -142 -462 -306 163 93 -65 455 90 243 -7 76 -1119 493 -82 -145 -36 89 536 -202 126 -990 503 459 -65 -156 -217 25 369 -480 148 16 212 -109 81 368 606 400 296 -48 -190 -225 522 -417 379 -8 273 51 -213 68 550 912 -58 79 85 -68 175 -357 327 466 143 301 -53 -277 -367 -682 -37 560 -117 -572 -831 467 150
137 716 -530 -235 -550 -457 -494 -53 401 1274 141 -217 -376 -67 -634 -287 -311 -167 -702 239 80 -478 361 -340 685 -144 124 -701 205 -165 -466 -304 59 323 -20 -1170 -121 21 649 571 391 -362 674 303 -175 207 679 -182 -77 -169 -25 -127 -348 398 -246 -121 612 657 -52 -442 -1186 -742 -213 133 667 439 -368 -449 -589 -81 -765 -80 281 -126 206 567 348 510 7 112 -278 -389 444 -58 -220 -210 777 202 204 -11 686 338 -369 490 447 27 142 -624 -452 303 -641 312 91 84 -434 -702 -206 -548 -798 108 766 579 -456 -231 -181 650 55 -42 707 2 425 656 -87 -2 -331 431 -121 -454 73 113 -573 73 115 -104 349 -668 453 -190 -358 170 -93 174 234 930 38 79 -777 -329 368 424 -553 82 -905 -1104 39 -189 -165 -664 243 -79 -577 -852 1038 302 258 206 -287 -288 175 -297 704 -283 453 -839 564 529 555 574 55 -795 -500 -395 52 -200 -181 841 -60 -97 179 -705 413 130 -235 708 844 -7 -175 40 148 1030
255 87 -847 -158 -79 -477 511 -196 -168 94 -919 767 -345 -206 247 -407 186 191 -57 -635 -483 -608 150 -770 241 -194 -189 -383 1155 253 235 -355 -189 -190 89 524 48 -647 124 -94 -50 -456 -683 290 914 267 137 200 -1082 -117 -1195 327 -39 -234 101 -330 367 -519 78 -1181 -99 -1119 565 -420 42 -470 223 -370 374 817 -81 480 570 -242 215 -92 317 -389 -68 -703 -22 155 -592 110 139 -192 108 26 -126 97 -274 25 -202 440 -296 -274 76 -226 119 -162 -730 22 -735 28 293 -341 -369 230 -171 -20 414 74 245 -407 -808 139 163 300 -212 -810 -359 368 336 -119 278 -213 -230 -128 12 -305 353 832 -203 34 -675 -512 -306 286 -166 413 62 -263 226 726 301 174 -1315 324 477 -46 -575 721 384 83 -355 -440 617 -574 -249 379 123 -792 712 -118 -287 121 -270 913 480 -916 364 260 84 205 258 887 459 491 85 -473 36 401 57 -362 62 -294 -237 288 467 -100 112 34 -368 80 -240 -821 -245 -157 430 435
-833 -21 -219 369 -191 477 216 746 245 -30 -484 293 -149 414 -25 277 -113 191 -66 -344 568 -332 -166 382 -901 298 483 1 -157 258 -533 357 132 246 -29 63 -212 633 967 828 -170 142 -47 48 152 108 -172 -784 -119 15 -255 739 -281 -538 314 -292 -750 504 -871 -345 -90 1197 -23 -376 -249 270 528 -802 192 989 289 -233 -582 -283 -271 -106 620 -756 -139 -138 -581 781 233 816 648 108 407 -464 265 -35 263 -751 -568 158 516 266 84 22 -938 -158 -565 -184 545 801 330 513 -536 35 250 -516 645 54 -182 -1029 -696 267 225 379 394 -109 -210 -356 290 442 -438 212 -346 361 26 -637 -345 80 -354 503 178 406 504 -520 16 91 -796 247 505 32 237 68 -82 -646 279 285 -177 629 -104 -287 -92 -519 506 -101 -243 365 179 -210 27 364 368 -60 407 242 -48 338 370 10 389 35 -65 162 -1213 211 776 303 -236 -105 721 -71 -846 754 295 -403 281 -673 57 -110 501 -505 293 -537 -358 -174 -696 831
144 -53 206 -260 -853 -216 427 -623 -339 -473 -684 564 -438 -120 -217 203 106 554 -530 853 557 -765 -576 -28 376 141 -1008 -703 192 -358 185 -435 -323 -52 -357 -304 407 980 332 287 301 -113 -56 301 -583 452 147 67 -331 588 -320 -189 -216 -99 244 -830 206 -265 202 570 -207 -617 -437 -714 -266 -22 -49 -686 770 449 491 222 -87 12 135 381 -7 413 -146 -848 551 -123 -324 52 -4 -324 -362 154 -138 497 335 -447 -266 235 55 -369 377 327 -56 -413 977 558 147 825 -206 -101 760 648 -447 77 869 713 499 49 -531 40 -266 -46 -410 -228 -513 239 -417 535 -393 277 283 10 560 -305 158 55 -439 -442 -397 -302 -195 -87 203 482 -55 -681 91 135 66 -153 -223 209 30 -1129 129 36 449 717 -110 172 -109 52 -581 -488 -113 -255 -290 -127 -107 334 -614 51 -293 64 63 139 -561 996 -37 221 329 -1197 -372 -813 369 -29 -232 -14 -44 -330 -107 -187 709 -850 -68 434 -113 -297 107 -638 241 -750 74 582
-531 -719 -325 554 -85 146 81 -267 -86 -346 -874 485 -418 -21 -173 -260 209 -266 578 -424 -37 266 339 285 373 -42 -428 -437 496 -480 -1045 349 -298 -371 -124 -154 -398 -384 569 329 47 117 132 195 -636 7 -210 -254 320 -74 -319 389 -625 -392 -474 18 633 -520 766 -241 -357 -190 -681 60 129 -311 -810 -456 565 -775 -486 226 451 374 758 432 -202 442 -211 -58 29 -237 -564 63 -265 -158 -117 274 384 1084 723 -30 538 268 404 409 -534 -385 -599 144 -89 -534 142 229 208 335 224 -550 -81 114 144 -595 27 54 -305 593 -878 -417 -133 -5 125 21 -384 480 -23 561 -158 14 -323 313 -442 -65 224 -498 -388 -53 41 218 -259 173 658 187 449 -450 -68 -11 -191 582 333 -28 -178 795 -229 78 259 -426 372 -171 58 656 -832 366 -930 249 116 199 569 823 -662 130 -41 -221 -3 -120 38 -584 938 -552 -224 -262 -222 -554 -794 -403 322 -153 95 -763 -52 328 217 -511 -116 -26 -277 -394 466 261 -544 -285
-103 498 941 176 -623 -459 176 610 445 -58 219 -17 -334 -150 26 269 -379 464 226 -146 -14 -319 -752 394 144 485 -249 70 -5 396 -474 -340 117 128 339 125 -238 -9 -88 55 -17 23 -240 -228 349 216 473 460 -468 32 -232 -435 -316 245 -1027 185 -180 326 62 545 274 117 -92 -414 -478 12 -135 -191 -464 403 -454 -679 -431 -380 -213 -194 -803 55 244 -807 207 -631 -25 -288 -400 -257 207 -186 -63 -264 131 -56 166 299 255 -636 -497 456 232 920 391 -205 -75 484 515 -510 472 42 597 118 -153 392 29 -158 -159 417 -353 39 1318 -238 -316 37 -1327 -20 366 -218 -168 -506 59 -262 -278 357 147 295 -458 -310 -432 329 -115 -365 50 -274 -482 666 341 -40 -9 439 760 -44 -112 97 229 929 421 116 -297 -204 377 689 180 -294 717 124 786 270 -347 318 1115 60 166 435 121 -392 426 -84 -158 337 185 94 492 -439 434 -241 556 -157 -453 -342 602 463 278 -555 0 692 -355 52 1129 57 -108 -824
-811 -163 74 215 -215 1 451 311 -248 -494 -172 -44 59 264 -385 241 -134 53 111 389 623 828 -597 255 -254 368 457 518 -306 -410 201 478 -748 97 231 552 431 848 -644 -535 -314 200 479 642 -526 -128 -424 -340 -8 125 181 169 807 -234 252 -504 -91 -147 -191 543 -520 391 -523 55 7 180 -427 213 -309 -60 471 360 330 758 161 219 -335 -567 339 -439 -479 258 -271 202 577 -172 113 254 186 -231 412 246 442 -85 -199 709 -340 53 73 326 -4 -276 121 -409 523 364 161 -146 1300 -609 61 184 380 -13 -35 -493 234 111 -305 -200 -353 604 343 -95 -44 31 299 12 -303 -279 -102 -112 17 306 -724 -58 -83 633 38 348 -66 259 -92 95 -696 595 448 495 454 568 386 -686 -43 776 360 817 212 1422 431 415 -556 976 -874 -216 138 -109 115 341 -514 891 271 -189 459 -319 394 -895 -320 -352 79 624 302 312 133 221 -34 101 266 -393 16 -69 -97 -377 124 87 -622 63 841 672 51 -703
372 336 -290 123 -223 435 -180 -257 -120 229 -552 497 384 461 292 269 543 -303 504 666 63 389 -160 320 -750 -244 -320 411 -319 270 -58 -676 381 217 181 -6 43 -267 638 -165 -312 156 -420 151 106 -910 -223 -410 -106 540 452 455 -74 113 -155 269 -71 277 431 92 270 -356 -301 -846 35 243 -770 7 -233 -356 895 121 -542 -519 502 20 195 -106 -265 -591 10 82 516 402 1176 315 480 19 317 -74 -409 -608 -664 227 -105 -96 428 562 -105 -115 370 -204 20 -659 260 -360 -483 64 -331 607 456 -993 4 339 -369 312 293 547 -284 -87 -503 110 78 337 -302 109 -318 -170 -159 -539 -528 -86 799 -245 -53 -86 -166 -201 -36 -240 -174 377 -229 -575 -515 -328 -474 -871 253 84 185 -283 -34 323 -481 529 115 -652 424 258 309 -284 -248 219 -22 -331 424 465 -211 476 380 131 -605 -153 -625 531 -360 -139 -381 300 -273 553 -265 -950 -289 103 1132 618 -87 -429 -149 431 -216 501 134 805 692 -467 -601 -97
256 300 -374 -411 -191 -205 -406 188 413 558 363 -264 489 -397 -232 -328 -69 -327 288 260 -785 431 -684 -335 445 -277 604 42 -352 159 -843 -192 -599 -627 1076 228 602 969 75 271 283 -384 -571 -807 913 239 -616 -320 -283 140 194 56 -210 538 -197 309 412 416 -65 130 -214 -256 381 -366 15 142 -26 -117 50 -836 372 -218 577 -154 634 184 803 690 -336 240 515 680 470 -679 837 -27 -230 -252 448 -701 -79 117 -260 260 87 206 -142 -690 -50 -292 609 244 -230 530 -458 431 224 781 -641 481 -831 -1182 -52 -8 -7 33 235 -169 -208 -314 86 -419 -804 -254 -483 -83 30 -318 42 652 -47 626 -198 122 55 -479 -376 -277 308 -453 -299 1023 123 -318 101 32 -384 -630 612 535 -218 788 -6 -38 -318 -417 641 304 -20 -146 -375 -341 382 609 -486 356 -62 -485 -2 277 252 -31 -552 -456 175 17 471 -106 55 -753 -728 459 264 -129 105 -582 -388 -338 127 253 -390 396 -202 -14 91 -752 -707 -312 -690 119
-166 -174 589 -568 -236 -259 -26 -223 598 243 102 -100 50 -557 191 -406 460 -523 -256 -216 356 351 95 -764 360 479 -629 -1138 -360 617 226 281 248 -31 -109 -325 297 -244 177 163 226 378 463 43 88 -85 293 338 -357 348 -220 -94 239 363 40 412 -340 207 -16 -184 78 -1350 -14 -330 -154 585 283 -176 299 -441 -986 714 -121 -16 502 -108 -288 473 732 -145 169 -463 -575 139 832 -431 -115 -456 451 -718 -219 74 -190 225 -56 -266 139 324 229 -533 -326 188 642 -646 -363 -822 284 458 38 480 106 864 229 -32 -142 491 -340 260 516 -744 501 33 -206 151 550 382 50 -392 230 515 118 -98 -283 -253 389 -444 -285 391 -78 -293 -334 -530 -105 602 -226 0 -442 515 503 -75 488 262 449 -202 -228 122 470 611 464 -36 278 -163 364 -231 909 -237 313 551 163 -198 -101 271 -586 -51 -226 547 31 453 -132 -142 105 145 338 -285 -89 -399 -376 -109 -25 242 649 299 -250 -55 25 -513 40 -494 380 105
-376 -391 44 338 -42 -202 -242 -444 781 333 -352 -367 488 -554 -63 154 112 -58 312 627 -305 -241 -598 425 160 -41 -107 -579 -451 725 706 494 -30 -268 -628 345 597 361 -434 151 404 -285 -465 198 145 -642 -611 53 -392 -744 -216 -203 -515 -258 453 -72 880 -79 460 1239 537 -287 -551 -212 436 600 31 38 121 -323 -360 834 -226 442 48 -567 -29 416 -89 492 -163 139 -16 -268 896 36 311 -336 560 107 -690 19 -116 -309 208 516 -438 -19 115 -10 319 103 591 161 103 -28 -60 -340 -228 537 452 -477 -291 747 23 578 -354 275 -545 356 -258 184 -444 95 -57 -396 -10 76 -286 -109 -1027 -259 277 663 -597 -74 -188 -718 387 -196 797 -438 234 -387 -113 -438 -25 563 -256 -51 386 51 833 877 558 945 -369 -752 1263 -964 -299 832 -416 158 -81 621 -108 -375 -63 178 179 485 166 -138 -882 -239 27 557 -303 225 496 -762 236 -9 -294 192 467 -36 26 26 129 859 -576 120 -173 490 283 681 36 -421
124 138 153 484 165 -290 64 133 256 44 249 155 -728 -880 -823 -821 433 859 443 -694 -218 255 131 395 86 -64 72 251 956 12 354 0 185 -172 -212 164 312 -466 -635 -519 27 128 275 473 -762 -83 -188 140 175 -342 -86 410 27 275 -76 -761 -155 194 -146 -246 -524 -571 -4 153 54 305 -69 -214 -717 -45 12 37 217 296 -425 -331 156 470 -226 112 339 -934 114 -580 -25 133 -797 221 6 92 -274 623 3 84 -893 -592 56 13 341 776 -219 -273 123 -172 -211 567 557 60 -113 -162 338 -600 433 270 145 519 -57 253 -83 344 11 -337 664 142 65 -919 -305 -659 84 -929 -296 256 -207 -245 105 142 297 598 -472 -39 195 -298 -159 569 -613 -18 -1098 -242 449 403 -608 282 -383 177 -434 -97 -450 -115 -34 -98 -145 -538 104 195 -292 -220 127 -381 54 108 -126 -723 -98 117 536 -341 38 114 -111 344 207 455 585 -46 272 506 3 -871 -288 114 963 -162 -317 -220 -180 21 -418 388 273 21
278 251 479 -261 171 -225 -231 -456 -96 -704 -558 197 519 -312 -10 -442 -546 -200 -122 -403 -742 -32 -254 197 -307 -175 407 303 34 -514 -157 -295 -1096 -2 292 -71 459 379 90 127 715 -178 222 -221 186 -24 302 -683 -849 843 409 362 -511 -505 -125 -928 192 -426 70 -550 -575 -273 405 0 653 -372 390 -418 -32 75 -216 446 -1009 -970 -574 -379 212 -456 -302 -698 53 -48 447 172 -36 223 94 403 480 236 -13 -256 -45 509 269 -503 382 49 380 -173 409 -37 -875 409 692 20 328 -73 406 510 -510 134 1481 -605 -292 894 371 -182 613 68 -752 90 -438 -104 -123 -222 297 97 -212 355 -329 -37 -629 308 -348 -213 115 190 449 434 407 -386 -359 -471 328 -531 -629 -16 101 140 109 736 -266 222 108 213 -298 -161 -122 303 -402 411 -232 -107 -458 959 -272 360 -873 238 -472 660 -478 721 234 141 -564 -170 62 -324 -97 -47 193 -198 -632 353 -597 317 190 -480 -54 323 738 795 364 -540 384 -318 369 -211
-126 1048 -324 1301 779 -315 -160 -414 -298 47 28 936 318 -240 -635 262 -16 192 112 -423 -968 -430 81 -377 -325 27 901 513 255 97 -396 218 -674 -81 10 -394 239 -718 -776 -1159 -167 44 -81 -113 -473 -300 492 -1121 1003 251 -792 658 526 -221 -266 521 -34 -159 263 -496 -230 -651 488 -28 -329 -50 198 484 -99 -361 -412 10 -157 758 393 -99 654 48 -767 -216 -330 -547 -340 261 -123 1601 241 1036 807 -303 61 855 1051 553 -305 72 111 -692 704 -298 451 782 -338 -1002 -37 394 -699 -195 309 110 -367 574 359 -119 509 278 -808 -476 4 633 97 1009 -330 67 -89 766 410 -219 -514 -622 141 813 -535 514 -86 -138 1206 -4 -715 679 -466 218 337 -467 270 -545 459 470 519 352 346 287 425 -517 328 885 177 40 42 605 73 792 320 34 -110 44 1 456 -270 -130 -71 -318 -481 410 266 -792 167 -270 -265 511 -696 123 -117 251 -446 -349 -156 135 -44 9 308 88 -63 -207 -320 -8 237 314 988 -296
-136 -84 22 -141 290 -737 378 735 -62 216 58 -134 79 280 75 262 498 30 -785 -61 1149 211 237 -249 19 -540 285 188 -438 200 -380 -233 444 -2 -82 -102 322 -355 -70 -484 430 -171 736 -94 -334 125 -61 -542 115 645 346 36 -819 69 -453 374 397 35 -610 726 -66 20 -674 156 -59 -738 33 -500 -214 -18 42 -808 -435 233 -412 -227 -1373 -47 953 384 962 83 233 530 -98 -562 -684 361 244 -591 775 335 -343 -433 910 140 -22 421 364 -32 58 227 133 27 -282 -155 336 792 -107 296 149 -161 -435 335 1036 -533 -394 -912 430 264 -463 -401 98 -160 -439 188 54 959 272 505 -200 1247 445 658 -36 362 -418 389 780 -324 -256 -486 104 76 -384 178 138 -194 396 57 -800 327 682 159 202 411 152 633 -524 675 -756 198 -9 -147 276 676 -180 215 837 69 10 514 40 -425 -101 575 -631 662 -25 -513 -351 53 243 301 -650 -402 -324 166 46 229 851 584 51 -296 268 -401 -874 -22 -8 -160
602 698 -203 821 38 -452 394 289 164 459 23 -43 73 -304 333 -474 -76 61 -344 572 228 -419 290 -410 132 -42 782 -38 846 -182 168 8 71 -357 551 -563 278 177 -203 -805 -38 -489 178 660 252 546 35 72 -59 -254 -99 -407 -358 30 290 249 889 171 260 -378 698 -370 -304 -208 -50 -178 158 244 -628 491 -1002 -299 -530 278 220 502 81 -11 -541 -396 502 -274 -440 596 -383 646 957 -561 -240 366 -138 -967 -379 98 227 -18 246 -867 -107 -823 314 9 -8 480 -31 106 -185 102 62 -245 27 -375 506 617 875 62 -1135 -702 -433 -25 388 83 318 214 716 107 635 426 -233 26 -64 -222 -325 -402 -708 -713 -108 490 176 -251 -356 186 -104 410 258 -708 -537 343 117 -111 509 94 535 112 270 -684 -188 -72 522 20 365 86 -189 375 -301 -150 -102 -321 252 -505 492 -34 240 630 172 -138 79 -160 267 -53 12 -299 3 628 -771 682 -6 1268 171 -26 -55 -136 -358 530 78 730 248 51 672 -180
374 427 -584 -266 -380 215 43 17 202 -343 -536 -925 169 131 6 -519 106 -358 526 469 -448 31 -345 703 -992 -718 -282 11 -162 -178 -767 40 587 379 -508 457 -68 -373 554 750 -574 -40 104 577 -570 -318 208 -147 251 653 -656 -29 10 -69 471 724 815 106 42 49 -1 -163 176 -565 1207 178 -130 66 73 -398 -288 69 175 -83 -148 266 -362 240 240 -224 -398 -81 130 -1035 -41 282 -224 396 -580 -41 298 -74 -583 780 -330 50 704 57 91 106 -34 642 747 -63 -541 -555 211 562 -775 -122 -568 -212 472 -290 422 -263 393 -29 -323 543 -856 2 -209 165 -348 -225 -40 -80 43 -150 -259 145 324 -285 127 237 -186 -8 498 -45 -330 -237 -318 11 368 -289 441 -328 229 -216 86 184 -335 160 368 320 375 -402 -149 -800 118 -233 154 338 -65 46 128 240 -891 276 -4 28 -740 242 160 -29 292 313 71 155 9 -58 -49 15 163 -452 342 -230 55 -292 -268 18 -247 -183 36 488 -737 -676 -1119 -598
-530 57 -98 107 19 -199 11 156 -203 162 430 184 122 188 -249 369 317 398 -41 -476 -605 367 631 -238 -298 -189 186 -379 -419 100 123 603 176 40 -488 -324 845 591 -172 -700 610 -101 -191 489 -271 435 -409 -628 -336 -425 -206 133 -190 -393 -353 -360 57 -543 300 250 328 429 332 302 -269 -667 425 -356 -255 246 121 -18 16 851 -134 -234 76 264 177 -14 -627 -387 1012 331 -447 237 -239 -70 -119 461 -39 300 178 -363 681 221 115 -613 326 42 -272 -623 -24 -153 440 -10 525 1073 855 -366 21 326 695 -591 431 -190 679 137 -171 198 22 583 209 -148 26 203 -324 -90 -321 -228 95 -248 -295 314 88 1288 292 -684 -196 88 622 -303 305 -326 345 -402 240 385 -979 423 -601 -69 -155 -568 407 572 -324 747 113 104 -703 835 165 -122 -32 224 -477 -99 145 -233 346 -445 347 501 -471 166 -1232 458 1197 18 629 -74 -495 55 -567 13 -186 -109 268 515 -124 -286 -210 -180 -240 -390 -373 -41 39 -570
182 -300 -215 -244 -1063 -121 -84 -427 -613 -633 -1063 752 636 -871 -171 -549 -185 92 108 -444 -301 397 -298 -250 -727 398 -622 -469 -110 -898 -150 -73 -518 119 -247 -307 298 -831 2 -673 -393 150 -54 66 -636 -51 -571 -185 564 383 -277 -2 -72 -289 258 -19 34 -528 -221 -337 388 212 -179 763 9 -130 297 -470 -387 -245 -215 84 -140 411 -567 -588 687 -202 -251 -288 653 7 -911 -365 483 282 304 355 431 209 365 11 445 -35 485 -89 -539 -248 106 520 -166 417 265 564 320 344 27 124 271 -78 -1134 928 203 -210 -362 -109 -95 198 -191 759 156 258 -589 568 -496 351 542 -417 375 57 474 -175 421 1192 45 214 -346 -257 -42 489 -673 -444 -146 -456 179 -58 259 -295 202 312 -62 1295 -147 249 545 94 -348 -485 113 -362 -813 -237 -29 -544 30 543 -144 -23 120 247 -125 -127 186 -239 330 194 130 -1385 -136 -174 -76 85 -17 -77 243 -131 287 -493 180 383 -450 482 -64 -934 -52 -911 -30 505 349 -668
-353 -414 -43 -512 -95 692 449 -758 -126 -654 -43 368 -501 -36 -126 377 -333 -625 -272 -169 -239 -143 -61 -217 261 602 -1119 -194 1146 -93 532 398 331 -330 -42 -149 -54 -173 838 -450 66 44 143 193 298 -80 -278 183 -472 -127 -221 -896 170 -1 -217 -499 401 145 140 -285 -442 354 -179 91 -120 936 131 -65 -137 461 -455 121 -41 88 -38 30 -775 68 -56 723 -92 379 -413 -54 -202 -839 -21 -5 -588 459 -271 -24 -628 235 -518 -190 -235 548 -339 311 261 -669 -287 114 290 -312 468 -181 317 724 417 -21 -316 192 714 394 -61 -176 -350 -255 778 -904 859 536 112 451 -267 279 -327 863 -1029 -401 485 194 60 128 -115 -69 -124 194 325 -171 -20 586 68 645 -622 -348 233 725 -544 135 170 -390 609 -514 -542 114 -28 816 -54 -250 -474 -81 -54 -195 -225 543 -106 -429 795 -34 244 511 -304 -84 -116 316 -655 230 -206 -209 -804 -921 361 124 -181 97 112 -399 131 83 -388 233 -272 574 293 277 -517 -485
-153 -454 -351 -679 394 -461 524 509 -3 710 984 381 -72 156 -288 206 -77 -162 -785 -351 412 330 117 618 207 -117 -451 248 355 -200 35 -793 288 330 -33 286 -694 -1015 -101 91 197 105 790 -444 588 115 395 -148 -146 -305 372 155 781 658 345 610 515 -227 -34 -176 104 -569 -347 351 -60 54 -415 -113 -156 -476 -448 -188 -73 735 102 452 -305 309 -614 51 153 218 83 191 813 673 130 46 404 -757 37 373 477 -269 837 412 -168 -551 457 -281 -97 -343 551 -510 164 -93 -675 -530 -623 -753 -41 -12 -55 1002 17 -608 -221 379 -241 -200 171 -244 -65 730 -8 -560 412 311 31 188 390 347 -61 177 -116 -220 234 -213 -934 200 -796 865 443 -471 -529 -522 659 -289 706 278 -501 -504 -410 -241 -889 -155 1103 284 -685 635 -782 -111 -319 -527 32 -129 221 214 -132 -844 -433 -718 137 -394 1217 289 -607 108 -222 -540 -213 -691 -183 -295 398 -336 60 255 545 3 -55 -651 228 -457 -593 -981 -351 -247 -192 -14
383 164 18 857 589 -723 -12 463 180 -203 -342 198 -178 148 -345 201 40 -255 -253 -375 199 -243 232 144 -149 446 371 -352 -17 375 -299 560 93 -492 310 -276 -369 -151 320 3 24 120 -196 -310 413 17 470 -514 -553 -248 -530 239 -491 -189 -411 467 483 -534 67 -155 180 -734 -99 -637 -157 100 916 75 -97 73 -1120 -72 -868 -160 458 152 21 675 -175 -1025 14 -409 -228 -188 776 -16 502 -539 -270 -796 271 -784 120 189 -100 -476 684 -101 -158 -793 -619 -164 -293 -285 479 -428 -57 428 -487 -249 435 -67 -705 -847 -905 330 -21 -365 201 57 -85 644 700 -14 101 200 -34 412 -311 23 483 426 -468 -559 -429 -376 359 363 367 -55 -443 328 188 126 181 25 -517 163 208 -242 23 176 112 38 847 -1164 664 -350 -129 271 84 -442 860 393 865 -437 363 306 378 -325 -449 86 -713 -353 -428 -292 -160 -535 51 -538 424 240 -160 11 117 -152 -77 -205 148 -30 76 -536 379 -77 -228 318 -258 -131 -61 507
42 177 98 -185 134 -355 337 -220 85 39 158 504 -799 -433 -433 -52 -290 2 333 265 -87 299 268 693 162 289 -311 223 331 366 -245 242 227 -273 142 -623 -80 -590 -153 -43 266 185 -388 -58 208 -448 -160 596 -26 -138 -313 254 399 -47 -36 -307 90 -109 -743 -96 310 -184 -680 -91 -153 439 97 -595 52 670 652 196 194 -744 -53 -570 -197 263 89 427 -97 -195 106 -493 -150 658 -541 -441 -304 341 92 37 -308 239 -282 143 338 -573 -121 348 -33 62 -144 42 -2 504 249 -119 -591 28 925 112 -368 22 563 -283 861 -320 64 132 647 205 -361 -301 -79 154 171 -944 -30 -184 280 -629 -38 536 50 97 173 -258 590 -217 -547 57 -22 -50 -490 -115 -708 -990 482 605 753 -8 133 -371 272 -926 -347 -463 -626 740 -46 -328 280 442 357 30 -479 428 -574 -38 162 -203 -13 183 147 -666 336 593 495 -350 242 334 -634 635 129 -530 -363 -600 430 -227 -89 -513 -152 32 -607 212 190 -335 -578 470
230 -407 -11 -174 -339 523 -87 -1103 -95 -200 393 -478 -1090 343 358 -274 -74 155 528 -91 75 -332 -120 -545 185 -26 82 353 57 271 -405 -460 313 -433 430 346 -831 490 -310 -158 190 -341 118 -612 156 69 -399 -187 512 530 -333 -372 -602 -79 -638 -409 -414 -153 86 307 265 73 557 348 356 -136 -752 198 483 -266 -68 -35 55 38 101 669 -374 170 -127 -490 308 -437 681 30 -625 -175 -333 -507 215 -224 -400 497 -7 13 -398 -1046 -170 355 -44 591 534 655 -358 239 53 -157 -410 -234 246 291 -95 168 -125 242 190 383 -188 847 -497 441 35 119 203 -683 -352 -112 962 -49 7 -288 -286 415 798 554 -115 -780 193 655 139 15 108 630 -514 1078 610 -274 217 499 -1108 196 -149 -180 -423 1 -77 -493 175 589 245 118 418 509 -75 -543 -51 -327 -778 14 77 273 -393 -63 66 163 21 -259 36 -327 -102 738 759 -538 -488 439 -53 511 -56 -117 -592 -68 -458 -143 -133 -459 -429 13 -628 392 44 -531
289 344 -365 -311 -413 547 94 -437 39 260 -240 -41 90 101 -112 -513 -92 -776 -413 -202 197 151 361 -492 411 -99 530 -990 592 159 -283 -254 689 -184 -243 -395 -53 -247 1330 626 -658 -267 517 166 -355 99 243 -257 -164 173 233 -148 -884 -344 61 -380 201 -408 -409 403 -177 -285 -148 -411 -90 -258 -458 304 -156 -218 205 -249 183 -323 -80 93 279 -46 402 353 -73 332 776 -139 -324 -130 663 92 214 -110 83 849 244 406 -394 -634 -461 -375 50 7 71 211 -588 -142 68 -139 456 -138 -967 691 -151 -226 -28 -381 -9 285 173 -270 37 -15 63 -208 -382 325 -329 380 -267 -205 -23 269 158 -22 913 -256 -636 -454 -17 80 84 -59 -139 -305 511 -63 -319 248 -201 -556 -313 -1092 302 159 115 -11 -946 212 -700 169 732 294 -219 -261 194 11 -509 -34 50 493 -80 154 515 -37 483 -530 343 1031 610 -274 -539 20 -205 -454 -176 -199 -113 -200 360 173 301 75 330 -333 101 585 -207 -341 -47 -736 -523 -42
-478 -460 -2 780 -54 -228 488 393 250 408 -495 -535 463 949 -323 138 -960 -605 -469 -14 954 -568 -89 401 130 128 -135 -32 -69 165 335 955 198 -79 -847 51 20 -29 -230 176 471 283 -182 310 -349 -217 559 -84 -68 -295 -435 -190 277 -367 588 32 702 277 -63 -6 401 154 -259 648 524 63 -239 -685 -602 210 -681 -974 216 1035 -764 26 1 -86 376 102 -324 397 -449 -259 373 717 609 537 663 -37 -107 -250 188 71 387 451 -81 -386 693 85 -22 -155 899 226 -263 34 -478 393 376 -187 -552 44 121 314 139 -223 -827 415 348 952 -89 191 -65 285 -4 -104 733 -69 -299 -273 -449 -113 63 -94 -189 -403 91 -80 -96 528 -563 500 24 1046 -1053 601 -496 220 -472 672 -831 229 -309 26 11 -547 143 365 253 387 22 413 -14 74 537 502 196 124 632 532 -151 220 1053 -356 108 -492 -268 479 5 511 -137 -334 691 -466 407 -62 351 -29 -280 -907 -200 -544 3 -110 -506 -252 -304 161 99 -215
211 293 -295 12 729 -119 383 173 -317 -293 -275 387 537 -103 596 -164 -381 -174 -197 -33 1313 36 -217 439 -304 455 -653 156 -310 442 -246 631 -598 454 -314 785 49 714 -770 -118 399 -17 167 872 -141 -1104 -44 -458 -21 -300 507 -545 0 -44 189 210 28 -486 615 -164 315 -325 336 463 444 -692 283 -204 39 -58 -191 -191 388 -169 -161 -42 -1076 -218 -472 -305 -575 -712 -783 500 554 -204 13 75 -330 147 -219 143 211 -240 888 -82 934 620 321 6 1 -46 154 -791 -382 -824 240 131 183 -162 63 -795 -8 110 -603 561 -160 265 130 -232 -556 447 967 419 -552 594 279 574 -1131 -25 -368 264 -677 75 2 468 23 -119 -433 212 77 513 -160 -328 -116 -669 689 542 383 56 -466 -115 -710 278 717 -217 159 340 276 -18 135 442 -510 -317 -561 -246 -458 -957 459 600 -640 513 142 -93 -543 387 -235 241 162 305 -166 457 -335 -173 15 800 534 315 -128 -394 -219 -320 -418 390 270 1000 49 -477 -171 329
-200 305 457 -496 37 -747 -371 614 106 209 -295 122 363 -122 431 -405 445 761 -87 146 -80 21 3 967 369 82 737 -342 306 949 92 264 -1048 -383 672 -303 212 864 -297 369 178 195 218 1049 140 189 -1000 -192 -188 247 895 703 622 -628 -582 328 -753 -887 20 -415 444 43 286 -316 -158 359 11 43 233 -200 -57 456 73 -264 -628 423 -387 190 -288 -992 129 51 365 170 258 333 -199 108 633 614 -293 230 290 757 -404 -572 -236 150 360 -212 -46 -73 -739 158 303 -577 376 -62 111 -710 180 -184 512 -679 -7 978 80 -259 502 -32 -405 436 180 227 -217 -85 430 451 -6 -671 -590 -744 135 -194 -134 -381 -38 845 -355 287 -435 588 603 271 96 450 194 -390 387 334 381 -260 -75 -751 58 -5 -15 -274 -322 -272 -392 -645 548 103 -293 -937 -283 -1438 -184 -33 -162 -318 -360 285 -192 -575 176 -365 188 -479 -323 -818 373 -269 -430 38 -628 104 -303 349 -529 238 28 72 62 -416 398 -324 -422 -35
-340 -388 233 -264 -653 613 215 370 761 -3 -486 179 444 -148 728 -463 -410 342 168 86 16 -332 -372 656 -170 -485 32 -19 35 925 -68 141 -1155 310 -498 926 -151 -201 195 550 703 557 231 463 647 -141 -650 840 55 -272 139 -153 617 -460 5 174 141 139 -281 434 417 -174 999 -5 272 -203 -139 -653 933 -324 321 -338 -495 -233 -12 214 -33 -754 512 -609 82 25 205 -672 -353 171 -306 -576 752 -297 171 -46 -477 264 63 -15 -30 -9 627 1079 -216 -57 -158 -112 -823 321 811 585 203 -335 70 -227 -196 178 -359 511 -722 640 -508 -37 -723 59 -105 -636 -533 -184 -15 55 318 1 -172 -453 225 79 143 208 -64 446 443 -167 73 292 646 -259 -232 228 -137 -196 567 253 122 -109 -290 85 -470 339 364 204 -207 -199 -54 -99 251 -66 -323 646 146 -102 -330 362 -135 391 -142 -296 -742 561 -241 690 265 302 -311 -2 347 -101 265 111 -542 231 110 -891 -310 554 249 -102 -900 -439 191 -953 -632 626
-224 -196 -27 -407 515 109 60 316 504 -50 -77 -1374 62 347 -30 -564 -250 -242 4 139 -918 -200 -540 745 -598 -728 579 466 9 -47 386 -497 113 431 197 -3 773 0 130 375 -666 -396 441 374 617 293 -327 -50 163 182 -1089 176 -475 -289 215 -69 -854 611 278 -266 -267 75 -530 -133 79 189 57 -18 473 214 -276 513 -410 -29 108 -400 442 -333 400 -56 529 -123 371 -167 99 451 -294 -251 -216 -193 -391 -470 47 -18 32 -90 -241 -805 -37 -324 -585 403 258 -270 -122 878 134 -786 -27 -234 -1 668 -94 139 136 -378 -1041 -117 12 120 -498 -779 -175 -281 50 30 374 161 -93 -746 -46 -276 -209 358 -261 -182 -101 743 -85 -70 -336 -174 -254 -263 -262 118 255 -232 28 180 1052 -595 -93 191 -267 -157 354 -267 -387 -385 427 307 -158 -424 129 27 83 1 -454 226 -515 583 89 -40 -194 -277 -248 617 -363 342 -28 91 818 825 -904 751 334 568 120 205 68 -652 237 -182 376 154 -350 -225 459 -252
-280 -259 -11 562 116 -950 399 -580 107 341 1026 -135 -30 -71 555 326 161 -511 -51 -58 740 157 -571 -89 147 170 258 -11 -298 381 557 -578 225 -58 -237 -72 655 -395 -300 -32 250 150 511 37 546 -424 -660 -27 -398 12 281 -99 -631 -596 -2 -61 -23 -176 9 -487 63 174 516 260 777 57 -251 127 -319 253 -103 257 507 72 -305 -796 -577 -725 -318 58 -423 905 46 -81 -242 408 190 -6 464 456 23 596 123 -81 -174 225 -783 425 405 -157 121 256 -61 184 -96 -62 -92 -553 -150 1024 -103 -206 -253 699 -41 84 -135 435 -589 397 -858 190 -711 -583 -267 7 311 183 -69 -198 -99 377 105 589 -529 225 346 -1085 227 -466 -304 131 169 274 181 25 388 329 -370 465 -26 275 125 268 -61 647 -251 296 862 472 -366 1107 -289 -104 -289 -127 -319 -226 -682 199 -190 541 659 386 -821 -314 -91 599 475 195 555 334 499 1030 -567 -84 544 -44 92 -429 -205 -288 -209 413 74 163 -60 14 833 -208
-550 -74 -691 -298 -675 165 447 -267 238 -281 614 -176 -372 -407 -343 137 -169 -497 -92 -223 70 463 136 -345 353 912 -748 -900 -264 243 445 582 -369 -842 106 639 -129 326 325 513 -575 -954 636 77 -331 -332 -1140 422 151 684 -144 -710 100 8 -383 467 -550 -33 -36 27 -664 485 108 -411 -402 216 -109 -203 -182 457 607 894 -266 -454 -199 543 -83 -45 65 -82 -166 732 135 72 -507 63 -95 197 -487 239 -142 432 648 497 19 26 59 -660 958 -85 321 301 347 36 -311 23 90 352 -373 507 -178 190 225 179 -239 189 481 -122 36 -400 266 -688 113 477 202 463 262 199 151 -476 264 -191 687 -5 96 310 270 -66 600 999 -325 68 504 -316 384 248 -11 219 -116 -167 76 -331 46 -429 -44 -9 117 -120 -321 289 332 -403 578 -476 -481 -319 670 63 -362 232 1106 -793 287 507 88 311 331 78 147 -427 -476 82 -5 22 -310 -840 -156 212 -173 225 91 -33 -401 30 330 -769 387 -821 -294 -342
67 -1199 -592 -262 572 208 408 519 566 741 47 252 -290 -742 -144 -84 362 -671 -267 -537 -183 356 -80 49 -331 -200 289 -278 -586 135 -232 114 512 -110 -799 285 159 -422 -279 267 -731 -430 483 -460 577 -295 3 61 -536 641 -451 -15 -287 294 421 630 164 35 -262 -487 -305 -560 195 -40 -396 143 51 304 -480 -737 273 898 58 -523 -215 -541 -555 -160 338 199 -724 36 84 646 -52 -173 277 433 237 2 -40 244 182 -170 -30 227 108 -477 360 -655 162 731 601 143 194 254 225 235 76 -226 -563 49 90 -107 -137 26 287 126 68 -166 -86 952 -510 142 -221 -301 -208 1034 -581 75 436 10 -115 603 438 -271 488 -510 146 -533 -219 209 297 327 250 -127 383 -637 126 27 -323 265 -263 765 -192 -645 -452 27 528 901 185 -342 378 -492 -139 581 576 307 -198 -523 295 -465 498 523 680 603 141 426 184 -520 -544 -269 1139 920 -608 236 380 89 633 525 -400 477 99 282 -269 315 91 362 -287 -709
160 -119 -415 182 96 -1152 -373 29 -367 -294 -351 -31 -204 -884 433 -196 199 -135 77 408 -330 -709 -306 -489 365 -839 166 -743 175 -143 -338 503 -696 -126 -64 -769 -14 346 -164 -21 385 -91 -175 -76 -513 514 -390 -579 1254 49 211 -95 -322 126 -532 -489 -504 65 256 -197 -210 -392 220 590 -801 -119 0 -182 699 218 587 -343 -123 674 -319 -503 -409 308 176 -26 -629 -249 -316 -236 -753 229 9 -223 -263 196 1352 -4 -16 -70 143 -273 -95 367 310 -227 -732 759 -396 352 -233 -548 8 -64 166 47 -591 -373 25 398 90 312 383 -127 157 622 -308 938 388 -59 -332 -267 155 -830 185 -43 534 939 -121 -111 306 -378 90 -72 48 -174 -42 -791 -151 885 -6 439 -464 -141 279 357 457 343 150 -606 182 41 -69 276 -394 -739 -262 -486 439 488 -438 -314 -552 -383 343 111 -330 220 -231 3 -32 -461 -557 -220 -403 1206 567 -794 553 625 41 -371 -1145 -784 129 153 -840 -161 171 -276 377 -513 -460 564 -217 -397
-61 -365 750 452 195 -25 -46 569 -247 -111 -341 204 889 -314 -314 99 -463 581 -650 -176 -440 82 -91 406 -288 36 -663 -519 343 -767 -892 617 -755 64 -982 -102 -112 93 -93 722 474 544 331 83 -568 -470 -321 -557 -277 311 -117 525 490 -143 241 -67 760 327 -28 591 -150 130 88 393 -157 67 277 494 -214 59 -336 85 -482 431 -15 -349 -109 441 -73 307 -597 90 -191 163 -78 -294 143 573 -131 353 -358 -213 305 143 160 -401 353 558 -436 475 -663 -81 -129 218 495 -1002 530 -262 -851 -125 -392 121 429 385 -641 702 -640 288 695 -464 399 -111 -172 -393 -71 363 -498 422 -874 206 445 -184 178 -384 41 -273 1037 -139 115 854 98 848 -292 -402 -627 251 19 251 710 -443 118 754 411 494 69 -236 623 -324 909 -125 -130 -253 -419 31 -774 -565 -282 271 -141 -369 463 448 353 -42 -159 370 -542 165 -300 286 -392 135 513 26 182 147 -492 -279 -379 151 -111 -170 189 312 -199 -538 701 613 349 730
228 0 -394 47 422 -774 449 -696 -324 0 385 772 34 -604 -636 197 -526 -171 -873 -1170 -538 709 378 -388 1012 580 -60 -371 151 -217 -15 -316 -420 -154 -481 -191 63 -489 589 -769 -118 -188 295 -499 806 354 264 385 304 389 -103 -381 -70 -227 -373 708 -184 31 -394 132 104 51 -348 126 -284 -28 -677 25 -84 333 -87 -213 -73 -268 -810 712 16 -22 -21 34 119 -315 -135 -400 -397 118 -496 -706 255 1250 206 -740 372 336 -206 -426 -478 -153 -47 188 -262 -170 -385 470 624 536 497 -617 535 523 -139 403 -470 226 -147 7 -364 -96 255 -68 117 -587 -639 -848 29 561 899 -309 91 149 -809 -89 -558 -196 -443 93 545 -480 301 -145 49 593 155 -33 269 -276 -446 416 450 -341 -373 599 268 186 619 -654 579 134 524 592 -226 593 57 -125 205 -561 8 -44 -405 -471 -373 25 662 -341 109 545 -432 -15 -45 -194 362 156 385 585 7 -305 955 -193 478 -201 644 -60 -50 -493 -218 203 137 524 240 27
-327 326 -293 -28 183 181 -747 -647 435 -274 -55 -223 638 -105 201 -348 213 -398 382 633 556 -468 299 -355 844 177 531 -4 412 -100 -765 4 -118 -148 64 -336 -48 170 380 -401 -122 323 349 162 1164 -451 277 223 -429 374 -374 10 -53 -172 397 98 -35 181 29 -475 146 694 -218 175 231 927 113 72 -664 281 -10 108 376 55 -272 557 518 -43 48 28 -2 552 -119 -52 73 20 516 -180 -41 168 -187 -315 265 640 -1061 -276 387 17 -77 -268 210 264 -56 390 480 367 181 -647 -497 300 -443 155 702 542 328 342 -666 -425 -120 967 88 116 -273 -278 187 218 -9 -162 -104 -192 -99 -226 -35 -128 -697 34 216 -150 154 -94 32 437 323 -466 -101 -344 28 599 -460 -299 171 93 444 -93 491 1 -499 206 360 -88 -266 465 -477 76 -320 96 132 124 -115 514 179 686 298 -177 352 -195 -74 -182 -353 355 700 -724 684 225 -306 719 -232 419 34 189 75 39 314 123 -14 641 480 -145 343 -876
616 271 -441 215 109 -55 -483 92 -678 708 -600 -959 196 264 432 145 148 315 -202 116 -752 397 -361 -431 375 -103 790 287 100 -677 76 -514 -67 -203 -279 316 67 344 -87 15 383 350 -721 135 364 -384 110 -118 -296 -159 605 146 24 728 -752 312 795 261 -829 174 -610 -352 601 55 368 892 724 -350 -224 -691 1130 120 694 -1158 154 -831 -592 -89 -586 -4 -14 46 -103 -105 -241 -90 141 487 54 -396 -192 228 63 -662 274 -115 692 -257 372 530 115 -913 -267 -54 19 690 125 -36 25 -73 -107 -255 -113 402 -229 -701 -11 44 306 -5 318 333 38 218 -8 -906 89 -107 180 -279 442 -19 -149 370 372 -416 47 -423 492 157 459 -642 168 291 -89 -335 1118 217 -212 -73 -296 790 148 -387 132 399 126 -230 -477 -785 652 73 987 251 -540 474 -469 69 514 92 321 85 141 -63 220 571 310 102 427 -769 -534 -80 -228 -328 613 594 208 273 17 419 97 -383 -370 86 -98 557 -395 -60 -767 -77
-180 73 -345 -399 -109 -136 294 -157 444 -585 -294 661 -250 32 -60 -172 732 39 23 -4 -394 -190 -552 -226 -323 -188 -531 -35 -752 -26 613 -235 -691 282 -23 451 -542 -726 131 24 14 -118 154 -101 -299 -382 355 -453 324 276 -94 -566 -329 -260 919 397 -610 340 -221 -1170 -40 1021 -68 -485 -48 172 161 -307 -193 -102 -963 829 -801 -106 -355 -987 -51 454 46 -374 -612 640 -669 -595 -602 -73 -353 699 916 -449 324 383 -664 470 27 -257 -34 -11 521 53 -164 664 662 -248 664 -217 -190 208 -754 -521 -529 375 189 -197 -811 13 493 -372 614 118 -199 -78 258 -318 -262 167 -419 -102 -808 113 534 -177 195 640 -651 206 601 -18 181 -884 -299 61 -409 -439 766 -268 875 -638 297 -248 -752 408 -728 310 145 -152 211 -260 -285 291 -146 -345 404 407 343 -71 254 354 -288 -654 -170 -1 -237 499 37 242 305 134 493 -377 79 22 -43 62 -649 -107 282 267 -244 300 -97 495 430 -111 -235 65 -195 -383 406 26
16 179 357 -569 -88 616 -321 -361 -60 669 614 -61 -34 -382 43 -379 733 8 137 362 134 -467 -78 243 543 114 -195 -424 471 -10 412 -339 173 -23 -307 -579 462 454 300 595 230 441 189 -187 -399 -238 162 94 -282 792 768 38 664 -455 444 246 199 -362 -64 532 91 -645 -117 168 -458 547 -296 543 463 -308 190 781 737 -181 -419 206 -366 896 100 -194 -554 -144 -229 -480 -584 59 -240 -23 710 -18 -267 -728 -103 425 5 -506 -437 -824 399 35 320 -338 404 324 20 -76 -105 -271 162 -350 -574 241 353 532 -380 437 187 444 -306 264 412 198 403 -421 -125 11 350 -184 -16 -291 741 280 85 -25 196 10 346 5 -225 850 105 -523 92 -526 688 -232 99 -323 225 30 61 -252 223 173 242 367 36 616 145 -115 116 22 -187 -67 -718 711 383 -629 355 -85 -142 -876 35 -12 81 -290 156 177 -711 -23 -66 -508 207 311 250 -978 -276 647 -455 409 -804 -330 191 318 298 -125 514 278 -239 -289
-95 -81 979 381 -529 28 267 125 186 -827 558 562 279 432 -435 -28 -68 -717 -109 975 183 276 38 -186 664 149 -439 737 407 144 -191 728 -400 -901 1050 179 86 -12 -235 -188 10 -562 136 59 -375 500 -313 -76 381 44 164 -532 -98 -151 205 -388 -7 -638 468 -353 107 685 266 344 -67 185 255 798 116 321 1045 295 145 -93 69 414 -252 122 47 1203 198 828 58 -116 926 188 -631 -763 47 -12 -149 38 -706 156 -413 -548 -170 71 584 -48 -142 -58 -141 473 -449 -631 -630 17 -357 462 -30 410 137 -119 210 36 -157 -1002 -457 -826 -663 -398 -430 -236 395 -536 -178 802 638 -314 -524 463 -128 102 639 -56 -26 -64 308 -297 -81 104 459 492 -104 1184 -651 -492 -424 34 53 502 532 322 38 357 -198 -360 -508 813 -645 357 -1109 -315 -226 812 41 9 -55 -172 147 -557 246 -81 -649 -362 -110 336 -141 462 -193 73 -28 142 475 -695 44 -241 -216 -367 86 46 674 199 337 -167 152 -706 -351 -3
-654 -1064 -248 -795 -141 -508 -141 254 -830 -144 -331 -1027 328 -177 -64 604 361 -112 524 58 -291 336 -141 463 -437 -216 -873 -875 50 -623 -166 466 374 -817 373 176 113 -286 -17 283 -358 98 19 -650 -337 65 -45 -154 -93 78 -443 500 263 -663 157 382 639 383 10 189 -85 440 -1096 708 182 -419 -341 -580 410 -654 -96 573 -108 723 -29 -975 41 -476 431 666 198 95 -4 17 593 -192 65 482 -423 182 272 321 590 145 1047 -248 -673 215 -465 -267 -46 -723 -6 -27 509 287 320 264 -107 -117 -491 346 403 436 330 -98 46 8 259 110 273 -464 -216 232 348 60 -265 76 270 305 327 -610 -278 300 166 149 -1209 684 16 71 436 -240 -175 38 -857 823 487 -789 701 -725 611 -190 377 162 -377 -28 759 36 -598 -125 51 -324 -176 -522 292 -293 -117 888 -423 -156 442 -906 -324 -140 -702 -169 160 -457 -687 26 -371 -12 506 -19 323 -541 167 -300 -333 336 398 -320 563 -322 931 -693 -910 23 3 -156
455 -418 -180 -210 149 880 -235 -70 -538 129 462 774 133 -260 67 -354 -273 109 -136 -234 500 -308 750 -42 26 62 -286 446 -139 898 113 -141 336 230 -115 296 -49 130 174 270 340 -126 727 158 216 163 -1127 67 -288 -90 -355 414 241 119 273 -231 11 -148 -236 405 184 -658 437 196 -210 245 -647 703 247 -10 311 698 -316 313 1 -180 -278 9 -30 -118 -352 205 -36 576 -283 472 186 18 -486 273 -963 -65 737 949 955 -542 -596 301 305 478 166 533 22 270 -127 -613 -97 -446 436 121 -54 388 271 573 163 -168 -354 29 -554 406 -105 508 516 -86 34 -211 -468 456 149 -178 413 -262 49 -308 -483 -463 -251 33 209 730 -346 165 400 -128 287 54 -255 91 -1 559 594 -298 -175 -292 -676 421 -422 7 279 -171 -495 -1021 -601 -681 -847 348 -146 -726 662 228 617 -346 143 82 29 -595 286 -24 126 365 -551 151 197 111 -434 189 -360 108 -173 -587 -343 -57 -364 -297 387 519 -11 972 621 -36
331 313 1121 315 -4 307 129 -145 -284 1195 -206 70 195 -201 -375 -683 -691 -590 199 -166 -8 404 488 179 -167 274 718 -352 181 -270 -375 -303 -331 -337 77 -481 322 -121 553 244 246 -310 -801 24 315 -481 -82 149 -120 239 217 683 221 417 -598 -719 243 -319 375 607 -558 -290 450 -1054 -260 1 130 405 -471 253 -50 -444 -295 -937 145 50 -402 550 -596 -531 55 -362 729 705 -93 -331 731 -492 -447 -808 38 -293 302 468 -104 -21 684 -167 -836 344 -601 -367 -215 -198 796 87 381 53 -1012 615 -416 -849 -51 85 -493 1175 319 150 637 -577 461 405 -99 -363 482 210 -374 84 45 140 394 284 391 -453 -138 -1061 148 57 87 29 -681 -213 460 -349 212 -499 106 344 -315 128 267 579 -539 -380 447 57 145 142 457 103 -461 365 659 589 -155 413 -228 -712 250 -265 -95 137 607 -524 -221 377 -453 469 -112 -78 541 885 440 305 51 -164 354 126 622 546 -27 -399 -326 607 -421 270 -227 201 -221 104
-483 403 -1022 -87 260 -390 -335 -40 -113 -385 627 -562 217 390 88 403 265 311 -840 1148 197 -50 -101 -119 188 -148 284 367 -393 -103 590 -117 537 288 -312 -398 183 58 -127 188 -118 444 570 601 399 410 488 -543 -265 342 -196 621 -95 496 122 540 -963 30 377 -112 -154 590 -219 -97 -605 590 178 594 -505 226 357 100 -340 -132 -140 811 -66 -116 295 -203 17 86 -199 -74 -166 238 822 -544 -29 -45 259 -448 372 216 -899 373 211 -17 213 -510 -124 -482 455 -437 -630 581 110 144 35 -513 89 393 -347 316 331 -421 -312 218 -535 1038 -155 -180 177 -501 -458 210 272 215 291 162 -395 -179 387 -285 348 -74 232 -253 173 432 -279 681 717 -474 222 125 126 -287 -225 410 -322 -696 -661 -339 -274 614 181 -205 -220 232 500 -220 -511 -75 -140 -282 265 204 -403 193 399 323 179 345 218 -450 134 -112 -53 -161 -512 202 -414 963 -245 530 794 -196 -213 -20 5 -141 514 -182 162 276 10 1081 -517 122
-6 -785 105 51 459 -151 123 -115 24 -462 375 -232 805 349 162 -932 -932 -358 -227 -325 -356 -52 217 356 104 -233 -415 -53 734 279 -427 336 472 400 -661 -253 -474 -535 106 90 444 395 -832 286 -397 -147 -121 -393 -167 -195 -363 177 -501 278 527 244 265 275 -336 -346 695 -77 -627 -241 85 -544 854 480 -292 -29 264 -292 456 326 -92 -278 1097 -341 62 -88 354 -711 51 -127 47 -237 -430 818 179 194 -29 343 -333 -360 -600 -251 777 -263 -46 -212 -519 38 -837 -293 -390 140 133 -88 -190 565 -27 -1402 213 -131 -148 805 -229 116 -178 -181 -633 -108 -415 -241 460 265 -552 199 473 -227 -262 242 231 -265 428 -93 184 -171 27 -21 70 -100 -83 -11 -203 -718 40 10 -182 -98 -14 15 -715 -60 -120 -754 342 -1079 62 -547 619 -76 93 -413 144 -572 503 696 -688 46 86 -206 -4 -503 147 456 -334 55 -556 -471 387 666 -13 307 523 910 672 48 -88 568 424 722 148 -19 535 251 -563 -929 -68 -277
-157 -457 301 307 175 -510 317 -98 93 664 -82 -590 188 -40 612 -480 105 -150 -162 -19 55 -329 293 181 277 -547 228 -497 503 -369 358 633 -4 -540 854 -175 114 170 -157 -8 930 -582 186 -582 49 -191 -189 553 -439 -23 205 230 -628 -803 325 -589 -521 574 42 388 427 223 236 784 556 299 74 -531 421 387 362 -371 -158 -25 107 -327 242 250 488 1135 484 355 447 359 325 842 -587 662 917 -156 -412 725 -95 637 -136 157 -808 -428 -403 -15 317 340 -79 -296 210 -217 48 586 -789 -152 -798 44 -133 -260 -50 629 -127 -154 617 468 158 -375 -672 -33 -163 -338 -305 -360 -13 -226 -378 -437 880 -321 225 -465 213 84 174 -69 -982 -483 -175 -153 254 246 320 -114 333 68 -187 935 -91 427 -260 301 405 -391 -134 -48 -93 630 -270 -62 271 101 157 50 521 271 110 101 699 -157 -483 -318 279 727 45 717 -449 -371 -124 -762 -108 149 166 -266 -402 83 -232 -106 3 113 191 -185 4 42 234 -993
-326 -150 -483 -184 361 -304 188 -147 -10 133 156 460 -561 384 -161 493 486 159 38 1137 -88 -243 -419 2 496 350 391 115 -527 -132 106 165 -251 -400 -129 -266 -523 315 433 -216 195 287 -580 -450 307 -210 59 -188 -577 -115 1076 226 -169 403 256 185 135 -382 334 -79 -43 -429 -159 -273 426 32 -658 78 -305 -857 92 329 293 544 74 45 870 658 30 627 176 495 148 282 270 -356 -665 411 363 -140 96 -620 -441 -335 70 383 -433 -471 26 -133 116 179 -78 908 84 556 -250 -341 -231 -118 -224 -351 -71 326 -95 -328 -351 -496 -586 807 -204 223 -105 -600 -412 -754 -315 -98 214 447 -333 616 -839 384 -267 -431 -411 -558 205 -264 -176 -148 -64 -159 -622 -243 -48 -355 -339 -136 -654 476 -134 705 -18 -135 -10 124 360 95 419 316 -316 127 275 -46 -442 -1045 150 402 -572 -581 -441 -340 -390 878 544 -334 -80 -128 70 -714 -540 -424 451 -987 -322 228 336 -665 -16 829 273 -440 103 -202 82 -193 -231 -681
452 -427 226 518 -495 -914 37 121 301 357 -343 204 -364 -370 -111 -321 -300 -116 -320 476 355 121 -895 193 477 -57 379 203 -133 -609 163 141 642 146 -423 -171 -896 342 584 -371 -204 646 -548 -523 689 -511 -217 -662 42 68 -23 473 -274 416 -77 -508 -1004 -8 -131 202 33 435 94 48 120 142 49 155 969 13 -114 -202 -176 230 218 -601 61 -446 362 -374 -738 289 188 -59 -436 309 783 559 -571 -416 -161 -432 -50 -467 -292 290 71 -228 632 -409 -331 -125 479 672 -278 139 -129 -119 -163 82 -414 -74 -873 210 254 486 -301 -168 -229 803 -270 -606 -404 -1001 1214 -220 -319 569 976 613 384 329 -392 383 143 -416 -301 -1043 -84 -47 72 -932 241 -445 52 247 -150 171 -507 -763 98 621 331 -74 453 -363 582 -534 436 -466 179 82 -290 -161 -20 -43 -686 418 241 -50 -40 -91 384 -321 -335 -25 -65 -548 -171 -172 -55 -55 107 762 416 -144 -208 -1020 117 412 537 14 -391 915 633 -455 82 599 317 -472
262 -85 -552 -230 298 211 47 -708 -32 -532 88 -523 -449 -5 -410 93 -325 76 -284 193 231 10 445 -314 102 279 -377 248 47 -561 -386 -379 846 447 -84 552 -301 -612 -652 -546 -182 -662 -224 531 341 -76 196 572 238 -491 -773 54 472 -19 120 -236 -289 90 -462 296 660 24 -175 -315 -820 271 -440 134 39 150 1 -808 66 -315 485 958 527 37 272 -23 -235 -278 445 -463 -332 -119 111 -747 617 -346 573 -214 -442 414 228 120 -296 -518 -236 134 -304 -21 -127 -287 -268 378 -433 126 479 -162 -294 -130 239 -383 -122 172 260 -33 311 -50 210 -443 187 100 -263 52 143 -28 -465 -82 188 -217 206 6 -360 -105 -330 693 -345 -299 39 -116 -715 385 244 -46 -197 176 -398 706 -69 -612 -63 -30 -77 109 290 11 603 98 -102 48 0 17 -348 -157 -71 224 612 -537 293 -347 599 -195 702 -487 -146 -247 781 167 -49 251 -123 246 -170 288 313 11 281 53 -56 61 177 -1018 -547 28 139 713 -71 123
-95 -437 -101 -114 -78 2 -301 242 -51 -501 -490 -31 966 58 456 -22 159 -513 0 578 629 -421 -732 -443 -117 759 -577 -428 -619 159 591 578 -156 428 -636 -283 -787 24 627 -76 -182 250 -49 108 -72 -101 732 452 160 224 69 -309 295 453 385 804 378 767 732 158 22 -368 -239 20 164 -32 270 -582 333 168 -307 86 356 -858 -67 75 -700 -299 173 -67 -202 532 4 571 644 81 498 469 912 99 358 -3 515 204 369 257 619 -74 -137 -716 562 176 -71 435 -3 -642 -569 -201 -102 -730 46 548 -218 1082 388 284 -467 13 -570 -75 -508 279 -813 310 -1012 246 -1032 360 -505 268 31 22 -233 -640 64 95 42 -240 330 878 -239 -300 108 282 -92 33 884 -351 356 49 -338 -386 346 -91 -161 972 -73 -70 -15 339 769 241 -748 -110 206 250 132 1057 28 128 -33 184 -518 -16 -527 78 316 -114 266 193 566 -497 -77 27 -136 80 402 426 -52 -493 -216 -826 30 133 297 713 183 213 -16 98
-439 577 408 -664 -149 -182 -30 93 -251 156 1 -415 -803 -916 -407 -100 4 121 133 220 248 165 796 -72 -186 954 -17 247 657 -243 -294 472 -735 -838 689 -639 -261 -576 405 -834 -141 50 -498 -493 534 -641 153 -306 -780 -30 -155 -75 573 -171 -1382 -344 -422 86 -1375 -104 276 -22 377 314 -352 638 -30 -786 -401 -108 874 -349 254 -571 68 467 47 -126 129 -1 752 269 1063 467 -428 914 192 -74 126 680 183 400 286 100 -492 475 51 -337 53 -78 -581 -238 -646 339 320 -87 -142 -267 -251 427 -382 -222 754 390 653 699 21 -336 478 -340 667 -186 334 507 -65 851 -1 -385 -703 0 -284 447 -661 -474 -220 -537 177 151 -590 231 -429 -35 -141 381 53 432 -865 -224 257 356 401 1002 508 -1072 -327 246 51 59 271 322 483 661 854 101 -30 -398 -706 714 -261 -20 5 -540 -1015 -195 882 -582 384 108 342 719 -31 -256 84 275 278 -556 -1054 -424 55 60 -232 215 334 32 -55 199 641 -264 591 -909
-439 255 -254 567 -190 -203 -478 400 111 785 107 469 80 -204 -37 323 439 81 -563 348 267 411 -657 529 297 188 564 571 0 -437 570 377 -38 491 -463 751 404 24 381 249 360 -118 315 625 -191 325 -673 174 -506 634 459 -236 108 -142 365 82 -6 -253 203 -287 -302 564 182 -82 -207 78 -381 470 -17 509 -120 283 -815 456 -772 -912 372 -430 -498 549 -102 -189 -85 -102 -84 478 95 -53 54 90 -309 -786 -799 191 392 -16 -111 628 376 415 -396 -11 844 240 -233 301 62 -8 -52 652 -58 -230 217 76 -66 -429 392 -185 459 171 -887 -561 -146 -670 -285 -618 407 -38 -245 -367 -151 -233 -570 450 -807 565 365 -52 223 -454 -258 993 604 -111 -394 -149 -832 -695 118 -458 -286 -334 -730 341 -199 -780 480 262 204 319 -345 102 -285 261 57 -672 483 247 -1210 182 98 112 171 103 -383 -488 290 -83 35 638 -31 513 532 54 -1130 327 615 -432 269 -110 458 425 65 186 -432 305 403 -260 137 306
-471 -156 -227 520 -544 109 -321 453 109 -389 -1031 420 -546 104 -142 -305 -601 171 -116 19 -336 -314 -427 -101 -935 228 -542 18 9 585 296 461 325 -715 -407 -394 189 -96 -274 -427 -532 -542 -365 50 194 -219 85 247 -318 -165 -923 174 92 -567 158 -106 -1275 -362 524 -66 -185 187 738 -581 152 301 21 425 -211 -670 194 -313 571 -162 143 -291 17 213 -493 42 176 115 -455 213 166 471 416 397 65 -162 4 602 -421 50 31 -131 335 0 498 385 325 784 284 708 44 91 432 539 255 157 -482 1082 -137 55 256 -103 -352 -55 138 438 7 184 408 822 14 361 776 388 165 -151 -46 -151 -216 1 -575 -701 139 -958 167 301 -154 -167 -658 282 -130 655 -491 327 584 281 291 -112 574 -168 403 -414 -716 -795 1208 509 -30 -524 -61 33 476 319 180 -708 -197 273 -667 430 -120 64 -697 -172 519 -368 264 -8 -410 269 1044 880 -106 -567 -1022 -471 -168 169 -772 702 -167 9 -402 -759 86 765 -39 142
226 307 -117 -109 -826 19 -632 1120 -50 109 -689 118 -142 310 781 -104 -37 179 206 56 -149 -178 -377 -167 -456 -280 155 435 -309 779 9 51 -93 401 572 678 -637 506 576 -131 808 488 394 159 -75 308 99 244 459 -117 139 99 395 174 -303 -200 -872 751 -477 -616 -335 1321 248 -69 -238 -586 -246 -184 342 10 100 -530 -469 -47 -60 -150 -61 -290 -505 -706 -333 864 -358 -855 602 -92 584 474 860 -276 -61 616 -40 27 -47 295 476 1101 478 -99 -279 434 234 422 346 -190 291 -456 -139 -14 119 967 297 4 -245 -411 48 -58 447 -572 -770 813 249 -390 -454 272 300 -37 -880 -129 -435 -349 83 -257 -219 -56 338 -10 -575 -323 -13 890 25 -286 -569 317 246 -500 442 706 -302 -456 -252 -418 -374 560 -266 238 -371 145 -230 -296 107 908 92 -301 -1154 400 -367 -338 -105 534 -89 -36 -387 -26 -427 -582 60 225 -103 112 -27 63 96 711 -294 -175 379 114 46 -319 700 -306 -511 111 -326 -28 -313 230
310 -45 -231 391 -27 197 -447 -250 875 195 -944 -227 159 -67 -101 250 -424 115 -85 550 231 -287 -1196 -148 -226 215 223 -156 281 -94 -15 -11 260 -371 -22 -211 284 218 -508 -446 -262 1017 -72 119 -574 80 -607 282 11 211 -112 152 211 237 738 -128 13 -433 103 13 -94 836 447 -419 -376 446 535 423 -392 362 34 254 -562 -254 1383 -87 -153 -416 -329 -228 -162 292 -382 13 -73 505 385 -440 34 -484 -543 -553 188 -586 -76 257 165 648 276 145 279 -226 336 93 283 538 -21 945 -454 -404 -161 47 -470 191 306 -227 -333 213 -60 -203 -548 -147 346 170 768 -233 516 521 -263 -131 106 324 -64 -205 200 481 -89 -747 -499 84 -707 181 92 -373 103 748 9 -403 232 -560 -176 203 160 740 140 -84 152 59 1044 304 125 414 -458 -366 -565 -953 299 401 -156 -543 -202 47 277 537 -378 5 -148 335 -125 837 772 270 390 121 -408 383 -469 -982 -846 747 -38 -309 -492 -94 -818 -766 106 686 374 -341
684 -785 -291 211 508 922 144 38 -396 -237 -241 -651 43 243 216 -143 65 421 283 13 141 -433 -111 50 -157 -512 412 -72 -362 438 -354 24 234 -444 433 1111 -414 144 -1071 553 213 447 308 119 -4 -196 -8 502 239 -408 -336 830 799 705 198 199 288 -721 105 212 62 -736 227 296 -179 -292 214 331 -172 115 282 -161 813 -600 -183 -175 245 146 -53 272 375 -356 82 -231 974 -86 -183 -8 -213 734 -364 67 -354 166 -83 533 -13 -5 -342 129 -111 -342 166 -329 -499 792 112 289 -85 -309 -322 -172 1238 -669 -115 -204 -568 -479 275 -827 -915 -276 443 105 252 27 -330 1292 -97 -194 367 -198 -554 -659 931 -335 -245 713 490 191 -64 280 -809 44 -353 -140 615 -608 -240 182 185 445 -765 -137 -145 129 577 384 443 31 526 111 -332 -368 697 -89 -40 -431 292 -303 613 -274 16 -15 -652 -518 488 501 918 -180 282 340 630 134 327 416 82 -23 -271 -603 -288 110 744 -51 719 332 -320 748 13 -14
145 72 316 -1016 -134 -56 217 10 -118 413 180 -448 -19 255 516 -270 542 383 -554 355 463 -62 201 -318 227 85 341 -379 -145 120 687 76 257 150 62 -420 400 363 490 -648 641 -508 271 -468 30 848 573 -240 -203 264 -341 -519 -1015 -641 -735 444 38 -52 -605 -13 116 -389 -892 -213 287 164 643 -518 -147 709 -665 -500 -389 -459 -420 197 -28 767 464 -150 630 -201 938 511 -357 -228 -53 1068 326 -152 1 -359 19 20 325 -323 62 -521 -432 -426 261 421 -83 1049 350 -100 -142 480 -544 -135 411 639 304 613 -524 -17 7 -572 -13 370 516 -1037 -61 178 -947 276 162 -451 120 377 99 199 74 -431 -784 -825 -578 47 565 277 -943 -310 51 349 553 -203 986 -257 -166 -138 -760 560 -385 239 173 580 -267 -276 143 247 79 -180 -569 235 -141 214 229 11 227 -292 336 -336 547 -288 31 638 -60 -486 -394 -599 -120 28 -813 337 5 -239 369 -356 345 -168 -264 -192 644 -234 -145 31 -437 395 90 417
-468 551 -479 -307 789 -492 -309 -369 46 -41 32 -155 -379 -353 -26 194 -181 765 -205 162 -452 -555 232 -216 -292 721 -566 582 248 554 -84 529 386 -129 -271 599 -282 250 -301 588 -256 612 278 -265 -113 300 455 -580 -703 190 -693 -168 -244 -386 -474 755 -139 512 12 -602 480 -18 132 -57 350 70 -51 49 153 -323 14 274 465 -285 620 447 566 -468 159 -186 -769 -54 339 -371 202 463 -191 -321 -67 -184 567 409 -63 236 450 -740 89 745 -641 -496 -327 105 35 -220 233 -708 377 546 -730 -227 388 -39 253 799 -227 -581 -315 -98 269 47 42 -261 431 611 -117 141 134 792 -236 -420 -441 -221 -178 -126 141 154 552 630 390 -1407 72 559 -330 698 -267 371 971 -19 208 682 1188 70 -140 -125 180 190 163 -404 218 -960 720 -529 -11 797 -494 -130 -647 393 -258 376 -126 -692 488 254 -289 -215 256 259 630 -29 -84 -340 -142 383 -263 450 33 -414 -543 -248 894 -437 506 547 -140 -136 279 -468 -55 284
134 -597 279 68 336 -619 692 -642 -6 -304 652 316 -218 121 -225 219 50 -86 -1075 -372 435 -571 -178 119 516 -5 -558 -229 -96 -59 -342 88 62 -231 539 -83 -56 -554 -730 136 -450 226 328 -314 -329 -511 -574 -532 -155 1147 26 -92 -24 417 165 447 444 -89 -221 180 310 206 -306 -243 -148 341 -216 -225 -484 -266 21 668 565 115 -454 -159 319 196 403 745 -936 -570 336 672 254 -520 -139 -656 179 556 196 -4 627 -10 -95 -586 -137 289 -707 -260 -316 124 -352 -577 516 -932 758 -873 -608 264 431 -425 24 10 176 269 -146 231 -173 222 311 252 10 -728 741 341 343 47 -74 -149 789 259 -65 320 337 -166 834 32 250 -25 107 891 380 -15 177 -59 209 310 9 -997 517 -81 315 789 582 286 808 162 871 819 -595 507 -78 216 453 -5 -107 648 -454 62 471 -196 255 673 583 223 23 30 -281 -336 365 191 -8 417 -500 -32 246 -858 -333 292 454 -69 660 -29 366 469 452 -547 -465 -131
-319 93 -61 -20 1028 -120 -103 624 -323 -873 -277 -511 602 81 133 -422 127 224 222 -190 424 -217 197 -207 -256 -213 434 470 620 327 524 927 2 -310 510 6 -69 -7 632 -419 -75 186 651 134 -865 -353 -577 300 121 -1147 191 127 375 41 -155 -608 -5 -367 124 236 -440 233 379 622 -560 -511 41 435 873 206 -117 -510 325 -114 -805 -470 -328 456 230 -255 233 -1034 1128 464 -203 118 -109 -950 -109 860 235 17 -602 -361 201 135 -508 -701 -13 31 -382 -198 -221 326 -125 552 687 20 46 23 -200 -316 -162 66 66 409 7 -340 -193 147 -6 -844 598 24 134 116 308 -352 108 -358 575 -285 -288 296 51 200 -482 -242 53 586 383 301 -790 410 -98 268 378 -175 -415 -226 -88 -705 -380 -15 99 31 179 -115 -298 -438 382 579 307 360 239 749 -253 -805 -72 590 -388 -738 152 -672 -735 -227 618 272 -255 -201 454 142 -129 73 496 4 461 -177 226 -506 433 211 675 375 -306 279 -340 -60 -547 -233
46 -37 -662 557 -760 808 -713 -594 878 448 185 -710 -459 120 -658 538 442 697 -33 -232 48 -968 -194 318 -278 -247 972 448 439 -632 58 -652 315 431 -889 418 -78 -531 -111 534 -293 -143 1205 222 563 674 137 -294 -350 9 474 483 14 -359 396 918 647 -189 -198 -203 359 406 -578 -996 519 -601 -190 -279 -638 -468 -266 413 160 -75 730 -520 449 -236 -204 588 -107 267 281 -106 -78 740 225 -542 -500 46 -81 -144 -139 435 -297 98 -500 399 -634 319 -1005 -754 730 357 377 1006 793 -253 -92 -32 361 -433 -80 -200 63 -806 -495 61 108 659 -274 -1042 394 -117 -349 -355 513 -279 -491 186 732 215 -263 -26 -347 -85 -559 1581 -219 -607 -1 670 389 347 -178 -996 385 60 297 -445 844 537 -607 699 7 307 -188 285 -488 -20 -134 400 -351 84 -38 640 -383 556 -749 448 363 120 69 503 -318 -678 -161 -701 313 93 -559 73 -743 559 -152 -351 -103 -312 -14 -264 357 446 228 -125 -161 -189 578 -15 -584 24
411 94 85 -429 -244 -687 -35 473 398 10 -165 -215 -112 84 -230 -345 -391 -371 694 355 229 174 -406 322 -117 65 -20 60 410 -24 266 -491 -705 642 404 -701 -794 -669 -185 204 -222 -41 172 -83 463 -1028 -477 148 -220 -439 306 -132 962 84 6 -83 -123 372 -223 -643 74 170 8 736 -614 -280 -149 -200 -487 179 434 -90 -96 131 10 -392 -146 -544 21 -446 336 -465 -537 217 -421 -64 -103 -584 920 85 273 -335 -250 -575 -20 428 198 473 301 334 -539 -96 -32 -469 434 -360 -713 -573 589 262 35 23 -321 507 460 551 268 547 569 -855 125 399 -209 -147 16 572 -74 -632 -633 -460 -75 450 480 400 333 -257 -6 -61 -1075 63 96 487 -134 -162 249 -184 -528 332 643 629 -336 279 83 -304 -122 -167 483 -122 -756 -392 -53 -274 246 -121 392 166 142 -70 616 -89 -426 167 -14 -549 306 368 -9 223 -136 132 -194 392 -693 -284 -437 121 19 25 398 -225 390 -173 -537 210 -312 -368 775 -148 80 -382
-440 -19 116 418 984 56 173 -301 569 539 155 895 -56 -739 360 340 286 -557 340 -634 -341 -11 -273 704 566 126 353 -599 430 193 -322 -682 -47 741 -741 440 -90 -696 -411 -483 704 -32 92 51 7 -223 236 -123 175 -264 87 -47 567 837 503 258 -40 432 -114 531 -173 -754 -529 339 22 -5 -463 -726 -608 -233 -619 207 459 -286 -214 -57 -464 438 822 494 -548 534 -811 524 473 -349 -160 107 -109 -522 -224 291 790 194 -693 1203 -274 -437 -413 -196 97 302 332 -391 896 308 -60 85 -538 -304 138 -347 151 116 -40 225 -147 -314 84 -106 877 479 453 673 -503 -300 -301 -1305 433 600 -203 349 41 525 455 409 -50 102 -568 -80 -98 233 208 -291 72 -724 -756 -567 622 201 -284 309 -192 245 469 -324 -533 -52 301 252 -639 -187 189 -202 852 -83 51 521 137 50 -715 114 517 -3 635 322 -349 -593 -145 -148 387 141 -456 -538 -435 -151 902 252 -409 156 566 -212 -648 -278 -193 311 -1107 -423 -438 286
11 -384 -19 243 -47 304 -516 -62 50 -154 -190 -336 -97 -365 138 174 -448 127 -299 -150 -493 267 -563 74 -813 -120 810 -180 173 -504 -139 383 -917 -15 -174 -425 231 524 -658 -748 16 829 13 374 -592 -310 -652 -460 -581 214 12 31 760 277 -1061 392 172 305 -141 -505 -691 360 1002 517 -562 91 -319 566 344 -439 -849 863 797 -248 573 -413 460 301 301 -471 38 583 337 303 228 -134 60 -104 -329 74 -86 49 402 477 282 722 -403 225 543 -156 -391 192 167 692 83 321 12 -914 -13 143 -989 -366 676 287 -174 568 -120 -611 417 -186 -125 -79 106 219 571 218 -39 114 33 87 461 -85 -816 128 493 -883 -109 298 569 -411 532 261 69 -108 -678 289 166 40 -319 -93 328 350 -103 341 235 19 351 345 -337 370 678 550 373 717 684 128 -590 328 -1014 853 -384 -276 56 78 -158 -143 791 -248 327 -468 -332 423 344 150 -5 -392 -241 -42 93 250 -64 459 686 216 -219 -906 234 12 -336 -499
105 -505 71 223 -53 258 -424 -416 16 24 408 373 -216 -508 -10 621 -721 881 118 460 -215 26 337 705 -154 -790 425 -202 886 206 -823 -336 -439 -1053 470 163 251 -162 -407 667 -392 44 64 -964 408 152 -209 473 359 10 -179 43 256 314 -133 123 -240 504 -883 100 -105 1633 731 485 -851 183 498 -319 954 91 150 409 -595 0 -576 -9 -140 303 45 501 -674 -61 218 -709 -1003 -266 -402 -32 -227 105 -556 126 41 -279 -430 226 -710 125 302 387 266 615 62 202 39 -348 -187 -159 40 238 -585 -213 -274 -306 -14 612 455 -397 -379 93 -195 -224 4 54 -71 -513 551 236 542 -82 165 -780 -261 -215 -284 670 337 -200 233 -125 -25 146 -1058 -249 61 -487 42 -236 -189 -986 -39 319 309 1 193 -748 325 -70 -643 108 -405 -220 -984 -434 -253 -209 -311 232 -920 -775 311 -200 975 92 306 -472 121 199 -200 195 210 581 253 216 33 714 -45 121 -586 -35 -637 517 -755 -128 -263 -77 -315 691 189 394
-767 -221 -216 656 -290 424 67 145 646 -288 -135 312 -161 380 -706 -369 -101 433 53 -285 790 30 59 -1 -311 388 0 710 -360 273 734 -26 412 176 -315 617 -190 902 -98 243 -311 -471 169 337 235 253 645 636 -786 -81 710 -42 -380 -395 -601 84 541 429 -13 429 1245 -1147 -185 698 122 355 -462 -21 -358 -284 403 341 193 -105 600 -234 324 122 -489 69 14 84 722 109 220 -143 599 -319 -91 203 -570 -504 -704 153 -697 797 278 -92 148 -270 -657 -24 814 378 -648 134 -304 -882 374 18 -199 143 -308 644 100 -15 99 177 562 825 -408 412 515 400 104 198 -249 -486 1027 312 -192 456 -550 500 440 -365 -261 -68 -203 -481 6 323 329 317 288 -595 -51 657 -852 -62 -56 -149 -287 -349 -134 -216 -197 -260 481 -342 448 271 66 101 218 48 649 -402 -88 361 144 -232 -2 -214 135 -174 208 200 5 369 619 164 443 -260 132 157 -382 -247 -371 -165 -520 -226 -400 329 989 397 213 -614 -305 -138
532 103 266 339 -216 478 462 -294 123 583 -424 -184 -578 762 -965 850 -404 -59 -574 -92 -80 -146 401 -8 187 -108 890 491 -352 -672 -605 227 -356 62 -161 1063 7 -221 87 -359 -416 -495 81 -323 -534 -460 -362 -216 90 -784 271 -457 411 760 -50 -408 -436 78 -652 -585 -717 261 233 209 -449 153 197 -410 -563 86 -370 -265 -113 116 -644 399 290 101 -271 659 -210 433 107 640 -370 -307 891 310 803 -863 172 772 -120 -682 181 -461 151 -998 160 -208 52 -394 -213 125 185 502 -15 670 -1 -358 290 381 -233 478 -544 -21 -17 -396 -271 751 344 -240 61 -469 138 -338 736 -254 442 235 347 259 -799 45 295 -416 -229 -195 495 236 142 357 516 -77 -587 270 149 339 -547 -221 -577 148 -837 -264 446 127 70 -90 -763 779 328 -85 -370 -89 -211 590 -227 865 66 -300 517 -656 -234 636 250 221 -576 -693 16 -340 135 291 -831 -27 -144 186 -180 -795 355 115 379 -493 209 -584 -214 -826 -656 696 285 198
-122 683 165 163 -10 -506 101 206 -560 203 -798 598 237 389 301 69 184 -97 -310 465 -210 -520 835 -259 524 -302 -493 -552 553 -390 90 -372 -570 733 489 -363 152 -219 278 -74 179 -217 -134 199 -807 473 205 576 -378 446 160 -228 181 -582 48 -194 -96 529 -69 -73 -328 231 -363 -7 -630 -466 -206 -712 -111 -188 105 333 -75 786 -510 36 194 200 -254 -292 -13 269 36 494 -703 -415 -135 659 376 244 -302 -237 -379 -75 -289 -569 -240 86 -131 -393 -243 536 -365 -175 530 -246 -239 237 -175 4 22 -335 45 302 -189 247 429 142 844 515 126 293 -177 -474 -144 32 -18 -660 -215 -50 263 113 246 463 627 223 219 -186 -110 -111 657 -71 -63 -68 61 -7 -275 -115 245 -5 -694 340 3 -192 183 -261 -101 -807 -924 -105 -363 -262 -337 804 258 -595 -63 -237 524 -583 -212 600 -584 -62 55 329 -694 -229 -819 -443 -167 751 -244 -960 142 10 10 632 -187 265 17 279 -805 364 109 43 98 -1127 340 287
-336 -953 -328 -450 -536 -569 219 112 -210 -401 472 978 -339 230 587 -345 -213 -256 362 -72 -318 176 -645 529 -420 -723 74 -579 -43 -292 749 -1066 674 102 -230 -59 -782 -50 168 86 -34 -972 -26 216 83 575 -307 461 110 236 -320 -222 143 -344 -476 -176 -236 -566 -105 406 146 -746 58 151 -393 135 -323 -276 377 -59 -111 119 231 -220 90 107 -40 -835 -179 -571 -45 152 57 419 -345 -15 55 -30 -399 127 -105 -392 -689 -392 -19 312 1 167 -54 -560 -76 157 -183 -255 -45 -181 -171 -37 -152 -375 766 38 586 304 247 -65 514 180 368 158 513 281 395 473 64 17 -258 -415 17 228 -397 594 -17 64 223 23 227 1 66 -72 299 -610 339 -316 301 374 -459 226 527 685 27 -9 -709 -241 363 -377 624 -230 -601 59 148 -81 -266 -795 -273 794 593 468 165 -97 263 -411 -62 24 205 518 192 7 -367 -492 267 -163 -736 -702 98 -529 -165 73 830 574 -679 -426 -186 179 3 871 217 -342 -68 54
-128 522 -329 271 -778 -529 923 340 320 366 -210 -213 -200 -129 43 -150 5 443 47 696 -147 -812 86 -102 -400 392 130 -288 170 465 183 377 -662 -396 175 238 417 -233 -17 -22 -222 -553 -633 -39 334 -190 282 647 375 -206 371 -861 -342 653 62 -141 1034 652 -511 -8 579 -574 -161 -826 145 272 -387 -391 -98 -449 -458 -254 -419 -655 -124 602 -26 -349 40 -400 472 -148 -211 38 -370 -374 158 -470 117 -113 850 -681 67 345 -120 61 401 246 -253 -505 577 131 120 -188 -254 -277 -143 -412 188 -178 701 -319 13 -773 0 338 624 24 -64 444 -510 -171 947 838 -679 867 960 188 9 46 257 260 -531 -108 506 45 -90 487 -118 316 -1165 603 472 9 15 91 -198 -225 -225 -233 -251 -152 -393 205 -275 -179 302 530 -148 138 258 -1182 66 23 -182 -157 92 23 -233 -605 294 425 -612 87 265 245 202 -61 191 -492 51 -200 -353 308 -668 -174 -64 -98 700 -812 23 777 -183 -496 -735 -343 211 -298 276 905
-413 -362 227 -273 -381 -434 385 47 -633 477 223 197 -246 249 199 24 166 91 263 -136 953 248 597 691 -850 347 110 90 -688 257 -465 726 80 267 -875 -39 40 488 44 -170 58 214 -144 -228 -840 -610 -352 -495 -467 -379 218 -57 -86 -762 -225 186 657 -269 742 478 -273 -357 -223 -248 -131 -468 -162 -9 -325 303 -144 -135 -818 384 -360 117 -329 219 317 -674 -466 -370 -679 -168 128 -386 579 439 34 -168 -358 -651 -281 192 480 -982 1475 403 110 395 -178 252 25 93 -245 333 295 824 126 780 722 -285 115 195 -905 -568 215 831 -147 -700 349 309 11 -500 44 540 -25 -115 -150 588 155 92 169 -312 -54 231 60 392 -44 119 383 -160 478 -476 -288 113 -52 -39 175 -127 -341 -356 -278 194 308 -228 -183 146 68 -308 -345 -376 -231 -256 45 275 100 309 -113 817 -235 -45 525 -193 -419 351 169 -574 517 -156 14 98 -576 -341 39 -60 55 170 601 -436 -42 -665 505 780 -308 -404 424 -3 -150 884
-104 244 -552 -1128 -387 31 -471 409 208 -34 29 212 438 -79 274 -85 -51 172 268 -333 -421 575 31 -147 -553 -280 -288 530 195 371 -326 463 -96 511 460 1 57 -469 56 57 -308 -244 -29 366 474 -383 -492 -69 21 39 -447 113 -292 -201 -29 699 -511 661 140 -573 -629 464 9 351 -127 -133 309 -303 741 -255 576 232 787 226 -2 264 104 -63 316 171 -63 365 -509 559 828 -40 -302 -416 -580 248 119 570 152 -145 433 -191 -283 150 -431 -259 371 -329 -650 316 -171 -662 -39 -270 -10 244 768 -83 -1188 -400 195 -846 160 247 -400 -447 570 -35 22 -678 -67 93 -222 -263 -548 -296 -438 -535 -13 -223 -31 558 -245 -50 556 -630 229 197 -185 -395 -980 469 -249 339 945 -235 54 -1013 616 -725 669 -292 432 -303 -304 63 375 321 203 -96 174 -278 -654 -242 -109 284 114 965 -503 40 99 428 36 746 1261 124 -197 447 220 -54 -359 -194 885 123 311 446 663 -192 -220 59 -299 298 483 76 553 276
453 -283 285 3 -277 -201 1107 -181 236 136 -490 888 -304 181 -50 679 -243 466 -303 -63 294 -654 66 570 606 232 91 -679 -522 -1011 -775 -427 214 53 -719 1021 -571 26 19 44 -211 -502 -343 80 -101 150 244 -89 419 804 -90 -974 -254 99 223 -42 772 119 -348 -544 499 615 -686 310 -453 -469 -169 -205 -487 479 -447 -253 -605 876 -237 260 131 -232 -503 -444 -502 959 339 52 48 487 331 329 86 -507 21 470 -100 -180 -736 536 66 -527 101 -466 134 -321 247 53 213 297 -725 -131 -173 -978 496 -205 261 -1086 200 -11 208 -390 245 -609 225 -257 50 744 364 18 -417 956 255 -122 -187 789 306 -84 -430 -29 358 -4 -172 -392 -309 -264 680 -239 172 -200 184 8 501 -1030 -1335 314 -71 229 -246 -304 652 479 -352 563 33 -132 -594 -177 714 -964 826 1068 -153 30 698 -600 479 71 335 483 -1058 -583 61 -132 360 -276 -1097 -645 -23 -526 -271 -506 -457 298 304 -24 376 452 -1 -670 -62 -795 -128 -380
413 -15 103 453 -632 241 724 642 43 -330 168 223 -371 -490 336 -460 -218 827 80 144 252 -63 -5 75 276 660 -381 756 -514 -127 99 337 -151 -737 365 390 -704 516 -652 568 -1084 -271 -99 -428 -438 -192 -62 -154 201 829 23 -813 223 -83 93 -593 -223 -567 -586 -566 287 -176 515 340 569 -611 -635 247 439 501 153 -42 20 -183 -717 56 439 -466 296 -230 376 377 -914 -968 -99 1229 -620 497 -31 40 418 -80 -406 758 -699 312 -208 47 319 -304 -379 19 657 -471 -1054 137 190 39 -146 -89 -115 -36 395 387 554 -652 103 -115 -504 -347 -240 -528 -58 497 299 -684 46 543 473 -301 -954 1605 549 329 98 438 868 -677 950 740 -367 -673 -259 -223 -265 498 -942 -70 -793 -212 -446 513 180 345 344 -645 215 649 -622 -257 108 396 519 76 -29 245 407 265 -485 -486 -457 -439 -90 370 325 322 332 195 -94 562 -226 -669 -215 271 247 -90 -458 245 37 -763 226 -221 -207 352 -491 -8 -473 -792 -223 -267
-307 -326 -58 -153 461 136 46 451 693 -849 -96 272 -86 -544 -235 -15 342 -460 470 181 17 -469 338 294 132 -438 -255 313 945 2 -675 -6 -153 -760 -297 322 351 -454 68 328 251 -307 -262 296 320 289 -66 -130 378 384 -446 -346 -244 19 50 -147 -59 -167 -167 -363 2 -487 -161 581 711 -184 -249 -321 -363 143 255 283 305 -188 -311 -609 -433 793 282 153 -203 69 -260 127 -11 301 -51 65 -142 547 -261 428 -603 -470 -381 641 -363 -542 -230 609 65 -78 97 -51 745 398 -40 -398 -298 -160 346 112 302 -773 -45 418 -355 -144 665 298 498 713 -129 83 100 -472 -205 -173 -425 -343 -481 155 410 432 -878 -173 281 -245 -360 -465 39 157 -180 746 -637 366 -664 -464 -41 40 -455 282 -86 238 79 -785 154 -610 -6 168 -321 656 145 -178 484 240 337 -44 43 448 24 203 -298 -351 110 -311 -49 372 -584 190 419 270 569 -376 290 -30 -134 -557 32 382 -59 -236 771 -409 -471 717 -132 -2 -338 35
-424 192 -452 -519 616 505 -573 -116 267 -621 327 241 210 -390 190 -283 247 128 861 792 -142 -521 560 -198 491 -562 139 -421 -143 826 -265 226 506 34 136 352 -253 60 1203 801 -490 1023 -77 197 315 -103 547 507 -350 530 -1097 976 -112 -34 -152 -28 -158 800 637 -206 -252 -7 686 -35 126 513 -275 -196 804 -107 -778 299 890 208 100 299 80 649 354 -289 1 162 928 -278 -337 25 -724 516 -645 -251 -144 260 225 404 -317 122 -54 -368 -177 -398 -555 828 -276 769 -529 259 -384 -844 -586 80 -384 238 366 149 56 1000 -597 138 204 173 -237 689 -495 -40 446 -265 -773 28 -356 339 520 -300 450 -708 -231 -597 -273 216 435 135 404 -371 372 -12 -36 174 67 348 -272 913 450 -380 89 100 -1163 283 -102 497 569 -281 575 -387 -651 248 317 -547 -127 -395 -5 602 335 -352 -432 55 499 -27 1343 794 -454 -63 -146 222 727 -315 161 -271 -299 682 -748 -491 455 -8 366 988 291 457 -226 70 -372 12
-251 -813 858 -47 442 -32 -37 -88 -712 56 426 352 286 88 81 -174 -221 -125 -58 213 590 -186 388 163 -87 -192 596 -434 348 -43 -572 -116 -121 607 -163 75 226 518 -147 50 212 -174 115 -664 -647 115 -168 -418 -304 523 -123 -422 -213 -143 221 354 -323 57 -544 225 5 49 -1028 -336 -13 -250 310 133 701 -72 -87 -790 100 366 -503 -57 204 -31 45 197 121 -394 -426 737 -476 -533 -124 812 219 -244 -365 342 136 -36 116 -279 404 74 -1037 -423 558 -476 -343 -52 304 -1028 -51 64 163 -345 -571 -1048 35 126 -71 318 470 -32 1317 621 -69 -132 473 -830 -151 229 90 93 -122 633 300 624 633 -468 -45 -343 199 888 614 193 630 -115 156 -1043 -124 450 544 82 -807 -263 176 -251 321 217 638 -15 49 -533 -170 488 220 -389 -935 464 126 -431 -287 485 -175 522 99 -51 298 -217 -406 46 16 -235 59 204 175 208 -242 -871 30 -138 87 493 201 346 -183 -229 -278 289 451 147 3 -290 423 -393
-46 144 -744 53 -463 711 -422 222 145 56 -331 609 183 -700 39 217 -649 -416 191 -270 302 276 134 46 -115 -150 361 -252 666 -11 166 386 -11 -139 -744 -28 -15 13 513 73 -914 195 -171 797 687 296 283 396 -214 -54 -46 -399 162 -237 108 141 -187 78 -173 -119 1099 677 -154 187 -504 -461 -12 -827 -681 613 348 -32 -203 669 -431 7 350 -317 -816 -167 574 437 -417 -563 123 261 144 -287 195 338 -143 -365 -190 156 -135 -164 -156 261 73 347 -351 787 424 591 184 531 -159 -693 85 -422 -211 -66 22 402 244 -420 727 376 240 419 -66 403 -797 655 236 443 380 -653 -295 -50 207 -739 567 -293 -391 -109 -87 257 -371 672 -497 773 558 -408 -706 -483 518 -580 797 -324 330 -529 -259 190 -444 -787 354 -456 291 302 749 -448 300 174 287 -85 -127 -511 138 -332 -519 147 124 -580 789 106 43 -406 -661 -163 -104 -542 9 -52 226 -49 -74 153 442 -20 -411 -200 68 -576 -999 -369 366 -326 3 -505
422 309 502 151 155 314 -113 -495 -186 440 -61 -515 590 129 -371 -180 -844 706 64 169 -456 -414 470 -75 149 25 6 175 149 -236 -677 101 -233 521 710 -417 722 580 -9 -109 -171 -37 -115 -8 -367 -178 -159 -108 -232 -793 45 348 -221 136 -405 -584 79 -122 -782 149 45 373 45 -336 -433 240 -597 227 -659 -612 64 -62 140 739 525 -248 540 -82 -747 -245 -419 -173 815 307 -331 -526 5 -839 201 -497 315 -81 137 -248 323 379 -729 -300 -641 263 420 387 -952 624 -562 845 -161 -330 117 734 -103 -131 -361 11 62 1019 342 -18 347 -345 -345 46 -1047 -413 716 76 355 247 262 -538 255 -166 136 -195 257 -511 -16 29 391 106 126 -281 80 -899 381 -140 -52 449 -97 214 232 -43 513 293 -575 758 431 -124 176 373 -222 634 -285 26 45 -23 -382 -619 79 -326 -266 -178 -240 -346 -489 781 -940 -743 -303 354 20 493 -216 -609 124 -447 274 57 -74 364 246 -136 210 -266 279 234 -55 -14 -301 -137
-246 157 449 -87 725 -278 469 -435 46 -260 318 -63 514 1096 -717 -178 61 -140 397 263 136 -237 284 -9 -423 -222 -10 -34 24 110 -598 -6 -502 221 452 97 88 -172 388 -32 -45 99 668 -315 256 -552 250 120 249 -767 188 953 448 381 526 672 329 803 -828 -493 -444 272 -1105 -90 -387 -32 122 -220 -340 294 -1109 205 -674 -13 242 -214 -439 186 -29 -114 -121 -1092 293 378 -273 -281 -36 -107 305 -30 582 -179 137 719 68 114 21 532 -364 -651 416 -501 299 69 117 26 685 -708 274 -268 -153 -26 340 -200 431 -307 -430 -299 32 -9 579 -139 -420 458 -243 1010 800 -268 -863 318 290 -388 199 686 -67 -63 879 -94 -416 -207 135 463 259 -338 404 35 215 322 77 3 -373 295 31 546 398 19 752 286 -445 202 -431 -342 -81 161 95 10 -395 275 -487 -677 -410 -324 235 410 203 -211 -198 327 -70 521 344 -626 -291 147 -219 -186 467 377 -99 316 780 -673 488 -25 21 -195 -254 -23 446 -320
216 -140 25 -224 -180 372 318 -392 44 321 -1039 235 366 -41 -405 -768 -26 252 469 -61 -169 738 -302 -456 -304 367 -173 -302 -397 801 497 -26 460 61 -728 872 -48 379 1412 201 578 -222 -167 289 -228 550 129 676 14 -259 -120 248 613 -979 63 -361 -92 -231 205 930 -474 -368 286 -143 982 -409 87 429 324 -714 -989 -101 -35 -150 88 -590 -317 330 -183 -368 698 660 996 -1054 -367 -523 309 575 -762 -148 -600 86 -207 314 159 -207 -153 -340 -596 59 -270 336 50 110 337 541 11 441 -121 466 -661 -221 386 103 -730 111 277 460 423 56 168 -13 -415 -1265 -152 -534 -78 144 338 591 716 -499 -112 195 -64 545 -906 -888 422 840 83 479 -97 338 -213 233 207 463 -587 22 108 389 -269 526 -104 396 -590 -96 385 -1106 133 -29 350 365 70 239 -469 -292 93 -264 -49 -239 221 673 -790 554 -356 242 -253 -270 273 139 381 160 750 104 365 -340 94 702 -810 726 -523 19 253 245 -657 249 22 478
354 -395 642 1180 252 -1 630 652 -87 584 -75 357 -493 289 239 479 341 264 -333 -328 177 -415 564 606 -255 -194 724 518 -483 -234 -75 438 100 -93 -723 260 -638 606 -227 -11 389 728 -6 -472 -676 -500 -11 -439 -286 127 626 -13 -238 639 -105 438 23 523 -129 802 86 -1011 192 -231 -404 6 12 1195 597 -466 -600 -810 -10 396 360 -28 -787 387 5 -479 -492 19 -92 628 -57 -44 310 852 364 -452 202 -43 589 120 1092 723 34 -468 313 -148 43 56 153 190 -538 -750 -585 -950 306 -770 -280 -151 -123 -24 -355 -10 -47 497 337 -159 244 795 875 597 -712 9 -661 290 -103 198 110 726 309 -213 -298 -291 368 588 -334 325 451 -5 334 119 -172 -361 660 272 -284 752 -446 -334 87 601 71 568 -387 122 -398 -420 272 -153 -1053 235 -451 -307 134 -550 450 92 -357 -214 50 -243 -426 -710 340 105 475 131 -407 -464 -623 -414 156 -506 -293 -8 -184 -701 -687 -119 133 468 -547 -483 -37 527 -471 -318
-210 -820 -264 606 627 -345 300 161 -480 612 521 -325 -96 295 -103 -7 110 -196 -713 38 1037 -1419 752 1048 14 40 529 -355 -224 18 111 748 887 642 166 -1008 192 290 -206 -306 209 -229 285 -441 -552 381 107 144 -429 682 544 362 542 -245 141 121 -157 113 -258 646 762 -548 42 -350 -417 520 107 471 -399 4 -256 50 -320 -285 564 225 362 504 363 -436 -96 -325 -369 200 -58 596 666 417 200 -20 852 -848 565 415 104 533 -41 -97 -263 -264 -374 347 -884 -210 -306 -207 -69 112 528 944 -463 -579 -200 -308 184 170 -514 -208 105 -321 -567 80 -754 -34 101 -97 34 1173 106 -27 -627 723 782 155 -67 275 -243 783 -439 104 -214 -598 289 -198 160 87 763 -482 -12 607 97 -588 242 356 388 489 163 -331 591 307 -774 -383 -349 97 491 -364 177 314 312 872 542 -129 281 143 -451 -242 -277 370 252 -320 -89 -177 50 -307 91 300 -700 541 189 -151 155 -376 395 -21 225 -648 1049 -176 -547 -553
59 15 -174 -642 391 -336 -621 -65 -415 -241 138 -383 -184 126 428 -482 -211 -624 602 187 -509 -1126 -36 343 72 -28 -397 407 -59 290 -116 -66 1241 45 208 -425 -138 585 709 -308 -64 753 -108 19 -59 -565 379 209 -469 -94 246 -150 239 -84 277 -137 -85 302 417 413 -101 -462 -178 8 200 474 -298 338 -51 -30 506 -17 20 -314 116 -243 68 -568 -63 -938 -774 1069 890 -247 -21 320 620 -228 -100 -482 103 305 -34 15 223 66 85 -82 -263 -282 -198 31 -1048 -17 143 -32 -385 -142 -113 188 446 814 210 87 -585 -532 -641 427 130 -660 255 317 -326 24 308 -282 -853 -253 -155 160 75 -453 -134 -411 791 -49 -617 -375 -157 -585 -151 -594 -9 -51 294 531 372 -487 22 929 580 -267 182 -453 -72 1141 -485 546 1226 54 258 105 -74 40 172 87 -1049 -179 379 312 166 167 -619 -60 -244 612 -134 -57 647 449 604 228 -120 457 235 -457 -552 120 120 145 -670 -739 476 989 -244 602 170 240 277 -570
-470 -203 -620 309 -108 -159 -8 622 178 -189 89 -123 301 -225 402 -123 474 -604 226 500 803 559 -318 -509 307 -197 356 -608 -114 -336 -549 540 -912 -345 443 663 1066 91 -150 349 -661 -114 -656 57 317 -32 -9 -58 231 558 644 271 289 135 410 551 -950 -193 150 -140 167 164 -177 -18 -98 564 47 -380 -208 748 -154 -180 651 44 -626 724 -278 226 -135 -88 1187 130 -489 55 -343 43 409 -114 75 235 185 -995 -167 341 -572 -119 114 477 135 -688 -848 -316 -406 767 1032 -463 -14 293 -94 60 -158 -662 513 -374 55 172 179 -536 -175 -245 -123 439 -662 -22 -593 224 -184 642 -122 -404 413 329 -139 514 -964 372 314 79 288 -167 304 760 -116 410 -121 -10 191 -29 -301 181 276 247 187 251 771 -888 173 -54 190 521 -242 289 -152 263 -524 -172 -294 424 700 -4 24 1076 -278 -95 -525 -351 130 -206 -171 -56 614 -105 358 719 158 486 -220 195 783 118 165 -970 418 -227 -170 59 -553 575 -320 337
-478 -510 37 -565 -147 33 14 -183 208 139 372 -141 187 425 -584 82 46 -344 408 -209 136 69 -175 267 -408 90 -335 621 -269 181 315 192 197 -196 399 -180 199 421 -350 160 -250 135 620 577 -144 302 -618 -319 -244 60 -596 46 215 395 -628 800 -214 -803 -251 -1131 277 -93 -498 -121 -111 -616 -29 272 -401 56 -118 215 -91 80 245 277 707 261 269 -171 121 485 775 828 910 -192 -271 -382 -185 -54 -658 474 -381 -48 -347 -53 -197 -234 -604 194 46 -602 -275 250 -32 -318 334 604 -491 -289 -63 -647 482 -115 16 8 -358 -164 506 -827 335 -302 -514 147 530 67 -570 374 -327 -246 244 -259 122 237 1063 182 12 -187 -140 -87 -214 695 185 651 567 135 -29 -237 45 389 -735 138 -311 -460 -157 -301 239 -167 170 116 212 597 682 85 791 -238 100 167 -324 -447 -478 -1092 -806 -76 -551 -434 -735 -83 553 -234 176 304 -195 -71 430 -153 226 -56 -226 161 583 43 263 64 205 204 250 -585 -479 -509
-336 -474 -304 170 477 479 -525 163 -239 -103 -35 634 386 -187 83 74 703 -16 503 23 446 583 -83 -318 -269 359 47 448 404 273 608 -255 98 487 -314 312 -678 21 -35 483 -444 793 -10 477 -396 -235 153 756 340 -220 20 95 144 -324 201 -147 -293 -63 -512 859 362 619 -928 -314 -536 621 -255 -9 329 -384 -84 45 181 622 -105 -644 192 -28 466 -245 347 10 -759 292 -30 -1013 -655 68 -186 246 -314 -259 -391 -115 -99 -280 -474 228 -166 -79 -100 314 56 393 -195 420 375 -455 298 373 -307 -82 -155 -738 -276 -362 -88 -376 -284 -314 167 -225 -225 546 409 562 -260 -94 146 250 417 -801 858 600 482 294 -329 575 384 143 367 349 -355 -540 278 323 178 186 537 415 -521 -138 559 595 361 -689 -303 -291 110 -363 -359 -396 186 733 -195 83 82 258 284 -122 -226 -12 765 79 -455 -780 -117 -262 -480 -611 288 -199 -467 -655 -443 47 468 986 27 819 361 377 -394 -541 -112 202 262 -13 -272 416
-320 150 590 -702 -764 235 -375 -674 656 -209 470 35 -282 176 -387 -567 -294 -48 -140 200 109 516 -239 471 980 -505 256 -2 -323 200 578 -505 369 220 735 -26 -1672 -342 479 1 -558 254 90 91 184 465 353 431 -201 -534 74 -498 103 319 -134 -144 -45 -269 -310 -148 334 -275 36 -266 148 15 -196 -217 -348 127 -678 -554 506 187 509 643 223 1112 -650 -6 -400 -610 388 -15 -85 -1087 -529 6 261 -229 655 -39 210 -566 -446 -80 -199 898 109 288 430 -28 -354 578 -342 -148 505 234 77 715 355 271 -352 -72 -654 932 240 -895 775 -638 -280 -405 307 544 -20 -83 -295 456 -486 186 -533 339 597 -956 -597 -184 -714 881 -190 -473 -821 -309 365 890 -670 480 -90 -123 52 -80 -146 252 25 229 -395 -392 -204 -225 107 708 -164 405 -56 881 732 -565 507 -327 -405 138 609 -132 377 -429 1117 -244 690 172 -501 422 481 91 207 -430 542 -317 288 -1152 217 -297 324 -542 -243 -157 -355 -491 199 300 -120 117
-114 -400 -446 -263 265 -48 64 -754 -114 112 389 280 -394 678 -561 381 -38 -581 108 -93 72 -290 -599 -17 -351 595 -265 -273 -84 -266 -106 80 -89 -1335 242 21 -171 443 433 183 -477 -983 -476 -106 135 -205 33 411 3 659 -182 -492 -542 223 -99 -225 -279 -777 -406 417 -552 -675 -381 -394 249 -359 -109 -495 17 301 -221 514 18 -859 476 757 -42 -319 56 122 897 38 54 113 -64 602 -626 276 -394 59 -29 -426 -182 -102 -1136 -528 -109 -152 -472 -751 1227 -123 -776 324 -140 107 170 459 -62 -772 581 95 -742 -901 58 -366 -254 -277 -273 30 112 -107 -77 1151 -441 695 -89 432 -253 624 -635 -135 33 455 357 -265 29 -170 -134 94 26 160 861 107 139 -400 92 345 214 -366 -551 32 240 225 -53 -479 115 352 48 113 109 -210 -116 -324 -552 -465 -336 -80 -379 -247 583 -495 -369 438 292 100 -525 708 282 -729 -107 -102 74 -190 294 24 -388 -106 664 -138 658 -169 -147 127 402 370 -181 -450 313 261
236 61 -91 483 -161 660 -155 -303 71 184 529 320 311 112 -61 -167 -201 -531 -221 -1144 -270 470 -224 -609 681 -352 472 227 -17 600 -98 -203 100 185 -523 135 293 189 -679 36 -680 -399 204 133 -301 -228 437 -55 197 -369 347 -920 -509 244 0 633 584 -306 181 -81 576 -714 54 -57 -22 213 174 16 -625 384 300 405 330 81 -280 13 360 -267 -377 -76 313 337 246 115 -268 -937 507 2 387 -397 -426 588 -244 82 -273 -165 361 -479 -19 108 779 254 541 64 604 -286 -174 61 -215 -7 -311 -237 27 10 -53 251 -5 -390 -4 687 -424 692 -7 579 908 198 247 -156 208 20 149 -323 275 483 473 -136 277 -115 561 -739 -379 355 280 390 389 -462 -3 36 -315 -187 -425 658 -756 -20 192 -1085 -39 572 -475 -71 24 -250 705 237 632 782 243 313 -313 -449 -223 4 181 -285 -82 11 113 -546 -273 -282 70 -37 -248 -679 499 518 609 216 697 -575 -264 209 -463 186 550 -142 88 -62 -735 323
-513 -30 337 -146 445 -59 -202 567 -26 -210 475 79 395 -22 -408 67 168 707 101 34 -112 289 -279 622 -523 85 832 29 187 -21 -811 -549 -661 356 305 54 542 109 710 300 -423 -171 202 -323 270 -276 461 85 470 -300 573 464 541 -134 415 881 -1062 204 -22 -721 34 -13 -406 -64 375 163 268 -459 -215 278 -741 -653 -970 -543 -545 134 -473 208 113 -472 1232 -556 447 -645 -411 -42 -330 -13 -243 -398 521 -30 -81 501 -537 579 -879 -424 -245 449 822 -99 -261 267 722 568 30 -289 615 -524 -48 446 507 -218 143 649 98 -190 269 -336 206 -71 -894 472 -734 -359 327 531 -631 -234 73 -708 281 647 -819 83 -418 -641 -152 -20 -1045 243 -114 -410 694 40 227 -815 -42 793 235 -261 11 -1323 -20 -405 873 394 -300 1003 -642 145 144 473 273 123 247 -39 -933 -28 -793 349 -403 -168 187 -718 357 69 43 -416 -1004 -469 326 249 -131 26 307 758 273 -240 -478 -538 99 -434 -92 -232 -102 134 172 371
-269 -693 -207 -9 611 -459 -557 1144 82 516 -93 281 542 -97 469 -384 591 -245 -203 -316 -752 -296 61 352 788 -193 -578 103 -103 -974 -973 212 -92 264 -706 254 -230 344 477 25 511 226 -488 -1246 -50 -336 69 -309 -1019 305 -384 549 -399 -89 473 38 -887 112 -847 -705 -312 165 654 -141 -173 360 -21 -144 165 -266 -431 255 634 -679 587 -538 -501 1140 201 -369 -550 493 439 332 -425 693 -59 439 7 -723 181 145 703 -253 319 34 -324 -294 221 206 -91 203 -501 677 320 216 433 551 -72 -424 -690 -21 653 340 -281 47 -312 -277 670 -187 513 -704 -61 159 -482 55 -385 -232 -825 290 581 455 -18 -378 54 -139 357 -968 951 962 -384 344 -363 -657 -68 51 -55 -266 -17 -169 -531 267 492 -428 -450 -399 227 -60 -368 -44 309 -707 -687 925 -233 -444 -262 908 -291 464 -597 -336 -14 94 -17 236 313 109 -101 -935 -418 -25 75 315 232 146 -313 -226 -1145 -142 -292 -443 -174 834 587 -675 854 -414 -233 -6
130 238 192 -165 -381 -1 -167 -161 598 -293 -105 -339 430 3 -482 448 246 229 -397 550 75 -116 1001 -202 280 -129 -638 -599 -518 -423 -380 113 47 195 525 1028 -135 389 -32 816 405 822 76 277 113 -448 -67 472 552 -1037 -149 -92 665 269 -91 447 462 800 173 -205 218 -158 -649 68 -1237 464 -440 -647 705 311 -842 -445 -561 -62 -539 12 -331 477 -316 -312 463 -58 -460 -113 2 -368 -52 -349 357 -276 254 413 130 -326 832 259 60 -231 -33 80 0 -330 617 -2 -259 -19 -453 336 329 -487 -730 851 559 1227 30 268 -233 170 -83 346 24 74 -373 456 42 736 29 1008 318 -338 396 309 -29 294 -4 -749 -19 207 -100 -394 190 260 -189 352 520 -132 385 -30 -545 -265 382 -681 128 95 99 307 610 -120 -284 391 893 12 216 330 273 -461 521 -22 772 191 210 -66 1040 384 100 -49 82 166 612 -21 230 0 848 77 -413 100 26 674 -202 -395 -539 -399 -847 32 583 -290 2 -4 537 209
477 464 250 -169 -405 -273 520 122 -190 78 -454 331 259 239 954 -324 -497 -450 -394 361 636 30 -65 -838 668 261 317 132 204 204 391 200 -351 7 916 628 -279 740 -307 -426 445 616 336 240 -296 629 -108 53 -294 231 802 79 0 -70 -508 -555 122 -570 -312 106 -670 -344 123 -295 -378 -197 519 12 602 -270 -853 -281 515 106 145 517 -708 -853 -562 -833 -220 -143 98 516 -491 -579 585 502 539 241 150 196 201 274 -69 -635 291 45 -82 -167 -455 -888 -451 -511 -223 -224 218 337 505 597 -622 -502 447 -26 228 459 284 -6 369 145 -693 106 63 -614 -103 60 180 402 -41 111 -469 212 -183 -108 735 109 -285 -306 -455 614 703 313 -109 163 306 38 285 459 214 427 -367 -82 -390 379 645 773 450 452 945 -121 798 978 -130 -310 -253 -444 -494 -120 448 -543 55 -105 207 603 311 -150 -955 -220 148 132 515 -561 -227 -341 -429 918 -6 447 203 558 -77 613 -633 415 71 490 17 -443 369 -867
479 -854 490 596 -481 290 410 178 738 204 -457 -726 -176 801 -178 73 375 252 94 711 294 252 96 388 80 425 349 300 -108 556 -491 450 590 280 13 -98 -399 -23 885 197 -94 729 -303 484 -177 324 -1039 318 109 -138 312 -434 -25 -61 -304 -131 26 316 -115 -14 1037 138 -68 381 239 413 -200 -635 622 146 270 176 -80 -86 -783 135 280 733 -492 -110 -484 1189 8 -349 482 -175 460 -298 -205 422 611 -630 -670 -128 -265 196 173 -565 -655 103 60 117 367 434 502 871 -83 461 -210 -515 278 445 736 310 -11 -4 -363 -30 -422 252 245 62 8 -724 93 -114 120 244 352 51 216 -178 -2 -439 -194 -149 -452 -350 619 184 -245 -19 471 91 808 -254 698 -264 -631 -269 519 -559 -498 -187 -103 -460 -551 -275 296 105 544 -294 -29 673 545 -368 312 168 -261 148 -39 245 -74 552 -443 305 -461 -56 1112 -604 124 -532 -616 -46 984 135 -255 -67 35 -497 -293 -616 496 -799 -741 -147 66 98 -860 -241
-214 -275 288 321 -49 149 122 -319 240 127 407 -324 -480 777 -429 252 -140 71 -75 -416 -130 -522 305 448 -31 518 319 -280 -290 -15 348 -259 1 229 -198 553 -764 328 392 543 -410 -3 -237 -369 304 -502 48 618 -169 145 89 344 370 -210 136 102 433 379 343 -313 59 -425 -224 220 49 294 189 203 -63 -313 -674 -395 848 477 424 -221 143 277 -369 273 -81 409 -218 -516 -117 -673 118 253 -54 -208 316 236 -157 277 23 91 -27 613 -427 434 256 253 165 393 404 -219 65 -859 280 927 -713 120 43 195 165 429 -924 -349 784 -175 -518 154 -1159 -232 -656 369 92 377 -645 240 451 -108 -97 -247 142 -377 -377 350 -78 31 -142 24 -244 47 -453 216 496 376 -174 219 157 335 163 463 483 -34 706 298 322 362 534 -38 536 570 688 -319 -282 196 -29 753 195 94 398 387 -77 -273 306 709 589 201 -248 -158 130 -51 116 -787 85 520 79 275 -424 -715 2 -332 79 -121 253 -148 259 -789
278 79 -800 192 665 197 337 353 -415 -94 -77 -546 -144 -385 291 -683 388 29 -120 -80 282 171 125 -190 -84 -124 -82 394 -24 236 -408 705 371 614 193 1255 419 -291 -377 -184 235 -228 109 296 -363 -196 344 295 -83 325 -369 -91 379 -261 124 346 55 -112 -366 35 -123 119 637 -318 -123 -386 -400 509 180 -106 -18 -938 -95 333 -640 849 104 1051 -376 768 327 -86 -136 -916 -612 -563 -221 -352 165 89 250 -24 -492 127 -245 -289 16 -410 236 535 -613 103 -188 -34 -346 221 -184 310 -378 598 -646 -686 -121 603 -449 227 27 -592 445 -155 -581 -397 -390 -1027 189 -82 345 691 -137 -694 874 64 474 -357 -84 76 446 -670 766 300 515 180 -662 -100 158 89 161 -243 266 91 211 -459 95 546 84 479 29 -564 563 423 -29 -10 787 215 99 -277 271 166 994 -367 -148 575 125 -317 193 210 -10 1293 79 -673 -16 812 300 1196 674 870 192 -81 263 -88 182 -169 318 220 -833 293 -283 384 222 -17
795 -342 14 573 362 -390 204 279 145 843 68 -200 -713 135 285 -297 -125 -2 -585 145 93 675 -462 347 -331 265 -529 -172 209 -781 170 -593 685 266 -142 -134 -592 393 -511 175 207 -8 -440 808 -111 -161 -177 214 650 -165 466 149 459 -182 968 578 65 438 -272 -111 867 -509 266 87 -125 266 -484 41 -70 392 -502 -70 -551 -469 431 -557 -320 -1085 174 -176 9 466 -273 113 -265 17 420 -40 -79 285 -191 224 590 -409 298 305 -250 291 -173 -195 172 -699 120 118 -581 -577 399 379 387 -241 668 348 -27 119 -660 3 -160 284 -517 -146 75 137 -149 -468 529 -3 606 828 137 -712 -38 274 -325 194 -113 -118 224 -673 -598 -186 -203 364 -62 833 104 279 -717 -112 543 181 45 -201 -238 400 -61 -679 439 163 -412 -93 384 -71 -153 -791 -363 -909 -220 109 586 -602 213 -496 374 298 300 -7 37 154 299 751 312 33 449 -26 22 470 202 -187 -415 -758 -254 -224 -505 169 497 -639 579 458 187 416
-493 -179 16 -389 -226 923 -711 386 -23 13 -712 254 225 356 -412 188 698 813 513 150 169 -780 -149 548 -624 -440 -203 180 -547 -553 -376 -249 7 606 342 997 194 490 -365 480 -277 -97 142 -434 -504 -672 -354 -84 -164 530 275 698 -86 -228 587 715 -181 56 -787 -335 -611 292 150 27 396 -77 -176 -542 78 -390 322 8 473 -481 -529 -15 -713 -617 550 -612 320 -452 -259 775 -260 288 -494 -118 263 -960 690 222 459 -476 1023 -259 2 -155 -415 556 417 -222 426 773 -197 -383 404 -244 365 -1331 73 -1035 -334 -681 151 -342 497 -27 -492 401 185 530 -30 -475 -814 30 190 438 124 123 294 -45 566 428 315 -172 -188 740 -536 -579 -177 -428 -221 -554 -201 -51 582 -1099 346 -403 -178 256 -191 664 127 153 592 -80 -281 570 7 321 -51 -117 -376 3 60 -173 444 37 -108 -554 -777 357 -264 -489 -464 -129 877 -222 -195 -152 118 -101 -106 -467 -30 -155 -153 392 113 -88 742 202 -567 374 -97 114 217 -123
172 58 456 -478 -109 -255 88 700 -399 -75 614 157 289 37 65 -530 332 443 380 400 356 141 -202 772 -192 91 18 482 -190 270 -442 -656 -109 230 -150 -103 -109 -388 629 725 -10 687 349 67 -361 271 100 97 249 389 130 522 268 198 -84 551 -65 -18 706 -183 10 286 -416 -187 -371 215 62 -186 -374 -410 96 295 -415 259 -1145 296 -475 184 310 -1145 282 -47 144 -598 965 -19 -11 -309 103 -420 -4 467 180 111 172 1358 -284 18 -205 190 -248 328 275 376 -29 -77 -919 -426 -27 -468 689 608 88 621 133 -608 531 108 -487 -31 251 560 -301 -279 -38 -631 -213 19 -52 -529 -287 -124 -25 -59 -245 -457 -79 -286 209 170 -201 -262 536 -242 -288 88 233 -466 171 475 -318 -722 -434 -635 -418 309 118 654 -436 -13 19 374 -174 -370 894 428 -626 49 -838 -266 76 -450 -286 -219 -476 461 232 -247 154 -20 -228 -331 96 -678 198 -838 -209 281 137 31 201 -683 1026 -776 -349 27 -172 -355 -370 -8
-145 236 -557 -653 284 122 620 228 -183 -1307 -428 244 156 255 644 -311 -4 777 353 326 -181 -49 -1158 -325 -353 -433 790 285 124 384 632 -253 -865 297 309 -490 -119 102 -87 -273 361 445 78 439 -319 557 -255 -316 426 479 75 294 -54 291 -312 59 -574 242 119 -313 -470 759 394 -259 -315 216 -180 -106 716 -622 176 -230 -204 36 92 8 -46 527 -281 -691 189 230 238 351 79 -98 -338 -307 344 116 650 -716 -85 -380 244 -149 -93 306 813 334 -319 328 -132 419 -224 367 -255 -1074 57 -639 -84 15 332 80 743 -80 -51 5 -530 525 602 -523 129 -398 -111 404 -116 -352 66 544 161 139 -495 73 354 -251 78 99 35 35 -270 -23 -549 -68 373 166 200 61 648 -47 -233 157 -564 -386 133 -21 -331 -267 -488 -154 732 92 -126 270 87 -575 151 -889 -481 294 -297 46 53 668 392 -520 194 529 429 -162 17 -89 -243 38 -85 -61 -366 -272 -516 188 80 920 -100 131 -491 -12 556 -85 -281 5
-76 -392 -353 -677 840 -107 -77 325 -144 -504 447 842 -195 842 -274 451 109 904 -475 -196 -230 -611 -250 -274 445 -127 70 1176 -139 -6 61 -227 -228 470 750 415 -145 82 -342 -884 -276 -410 -262 -757 166 45 -92 -231 -113 -40 166 593 443 1188 133 177 -669 353 -472 126 -96 457 301 659 -189 49 -60 314 -74 746 -489 -122 582 731 360 408 433 27 -61 -543 -125 291 489 -351 213 318 -277 -499 85 -711 231 -430 208 -528 167 172 -396 -82 534 -349 -302 128 -122 826 -390 270 -151 -531 -515 -253 -319 -766 343 372 439 129 -433 -315 -552 135 -30 277 -136 -270 386 505 349 253 333 600 24 1075 -652 389 -331 -142 217 52 1012 -217 -74 707 113 -313 -593 602 -147 240 -146 -192 496 398 215 372 170 -34 574 -491 149 744 70 -321 185 635 374 -413 -502 -510 -176 288 -92 444 -456 338 187 -252 -463 600 -7 -43 24 344 -759 30 235 -1010 -211 79 89 -508 892 -622 592 219 -192 -309 -49 -540 -804 167
-30 109 -570 -568 -144 267 -209 -273 -642 550 334 216 140 -80 -352 -985 316 -383 329 150 603 -113 556 -615 -173 240 -269 154 453 498 -247 -541 -60 -285 210 -201 1087 48 549 -311 566 -661 639 20 -309 -107 423 -351 345 -350 185 -130 -419 -246 179 -1008 6 46 -145 -104 1055 -347 177 -13 -676 66 -7 -268 -343 542 507 350 -816 -140 -586 33 -138 -134 -186 216 417 158 231 -159 -520 520 -85 53 112 105 -308 32 187 365 -152 -705 -281 -87 -142 224 -95 187 192 -347 -143 -501 170 313 640 240 89 -410 300 458 -466 169 -249 -188 -330 712 252 -421 -491 -230 -212 862 -8 496 52 -97 203 237 -48 511 -303 320 -258 -191 -187 287 104 127 367 -223 287 156 -427 -288 235 -69 239 -430 150 501 -642 505 -351 105 131 562 -662 138 30 -513 -401 695 -152 392 -210 -337 538 97 342 -388 -189 -81 -541 -260 -755 -438 -728 284 -322 121 -97 556 -851 91 615 -36 -92 98 156 -410 99 -356 -128 -565 226 -210
-112 -534 -448 -259 -155 312 -8 -128 -287 -91 500 836 166 251 537 619 456 -736 -347 528 351 -668 -141 -325 -880 -136 -350 -499 999 138 -106 25 711 -586 -180 -410 -447 -627 399 348 -43 345 -168 -945 189 -276 183 -857 -261 427 -331 231 110 174 -403 313 -175 -53 289 315 -129 23 384 223 211 -60 -74 281 -145 -14 327 -223 320 79 771 -38 12 706 563 95 550 -100 -49 592 35 -656 -199 426 -614 -96 -107 -657 -576 593 441 -329 -215 372 -363 -513 376 -280 18 604 85 -448 319 -116 -1049 -292 -271 109 884 -39 21 -380 467 -279 -569 120 444 -881 38 849 -607 -654 -225 205 25 479 718 -133 338 34 -759 -332 -478 151 -173 -206 -385 792 380 331 -297 -411 579 -832 239 -481 273 214 540 -224 -270 -125 -435 -253 87 196 114 39 -596 167 -333 -161 -13 277 -387 -194 330 -32 -516 -73 376 -47 527 184 203 233 -511 128 -286 -170 -153 -724 -154 -128 346 -171 -292 -264 -60 -212 -818 563 -280 -123 162 22
-298 602 480 -264 -272 34 -213 -676 139 -423 -33 -739 486 -261 -386 -85 -441 267 660 146 -1144 -307 -498 -393 16 50 187 -685 -230 894 203 -258 -844 -471 -287 -753 510 -1296 136 -186 -161 134 114 12 300 -688 -550 -15 182 366 300 -103 -421 -279 428 249 434 719 634 -324 -694 -141 -312 319 729 627 216 -314 -172 -565 266 771 1081 -971 -804 -685 282 -210 162 -79 69 -375 607 37 11 192 -65 190 325 -260 319 398 217 374 -1191 -230 617 -574 -779 -145 420 371 -297 -213 1127 117 97 -178 -32 -82 295 134 -435 -485 -152 554 -416 546 -587 494 -38 111 238 -22 -1181 236 751 -468 71 -311 -439 -249 -199 36 22 -285 -89 -52 -104 272 18 -464 387 -133 102 -454 262 1 312 -440 196 301 66 395 676 313 -432 75 507 -397 490 187 7 -14 128 495 86 -442 -1020 1193 178 881 -18 -65 -540 881 297 300 113 344 -23 -130 630 622 -619 -108 176 -376 313 -151 273 510 465 -370 94 65 -391 244 292 153
376 326 -356 37 377 -59 -284 555 832 -324 -844 34 -741 -70 -173 -387 -575 -613 102 -419 53 697 -378 33 235 -92 -257 -135 167 867 -664 304 99 -136 787 -499 392 348 -40 -396 214 58 39 -42 319 148 -231 -63 233 -245 435 29 -96 -153 -73 -499 -347 -228 -329 341 297 372 -129 136 -358 211 -694 -203 95 399 1193 269 -354 -409 44 5 234 -500 126 61 114 399 -390 -559 559 -555 -71 -165 617 681 278 -487 -986 348 -398 300 -163 91 345 90 -486 -662 -171 -148 300 240 145 -514 412 1172 138 223 -277 68 616 342 -26 200 43 -195 -474 -502 -117 87 419 -34 255 110 53 351 -805 -158 551 433 700 -87 335 -335 -568 -401 927 -125 -367 83 392 887 -1038 -296 518 314 278 164 -254 -518 581 -270 144 107 500 -153 -905 152 117 209 180 383 161 262 50 -367 -379 249 405 -783 681 -888 -515 219 -61 319 507 -264 801 -158 123 685 -729 -136 -342 42 157 245 -335 531 239 -278 357 209 -222 -16
259 33 218 -60 -604 183 -609 305 -185 147 -493 422 283 -75 412 110 -144 -142 70 151 -29 -269 18 865 -460 348 296 -347 75 -320 -111 571 97 651 -30 -315 59 -46 -653 373 -567 -966 -825 150 820 -186 617 -10 -468 686 -495 -36 -456 -993 -188 -298 -894 -360 53 -46 288 236 -232 -704 -182 -43 457 -107 -285 -131 -321 -160 -169 365 -74 -170 -42 -509 -281 -489 418 17 214 603 132 371 204 133 -598 -43 300 -691 279 -255 426 78 289 -767 306 -696 -38 -357 -768 -78 -411 41 -576 -957 197 113 40 506 8 -849 218 541 714 907 -8 -392 -151 77 -123 296 254 310 97 193 -980 457 61 402 569 -185 -998 -270 -387 410 -723 151 147 298 -296 -777 -561 -177 -50 167 117 706 675 112 -351 -939 438 -410 -39 -135 252 852 -272 488 -542 -115 86 -89 -287 -341 -129 -411 193 627 -491 -86 4 -61 267 -48 676 -368 227 632 275 -512 -320 -381 -366 155 175 160 -1154 -205 294 221 -131 -84 415 936 584 116
-430 -346 110 -34 259 386 -105 -66 592 423 233 99 147 408 -321 -214 -527 -64 -461 175 124 -819 43 -353 46 -293 629 -577 372 207 -563 -641 -51 561 253 337 -377 334 -106 51 -83 448 -468 -100 249 3 282 105 63 -187 629 22 596 516 -98 81 197 487 -384 329 59 257 -3 -693 -1003 144 62 -778 212 -30 -720 -311 -312 -137 142 -110 1 81 -148 103 218 -819 196 324 490 -330 228 -823 -152 -505 259 -51 390 -208 -226 -47 434 811 -535 57 -668 -133 -27 600 -175 -334 172 76 358 -610 -307 299 -148 140 156 249 -50 -682 -88 -2 -90 -454 132 403 566 -35 -220 828 375 69 168 575 -640 -177 252 -1217 -533 523 -443 -89 28 578 405 194 -45 -180 985 245 308 -499 -284 -748 -346 292 16 -410 378 23 480 559 107 -369 559 -198 154 -35 -103 -304 644 -11 602 365 545 -431 90 230 -475 -367 -673 288 74 210 853 -401 52 261 -434 292 -164 -244 419 700 134 -228 -54 -653 -430 373 -221 63
-74 97 -705 407 203 -321 260 -248 225 -399 3 -723 -557 -410 -342 -245 414 -480 -360 -286 -455 533 12 -224 -575 26 250 -728 236 406 368 668 234 -795 -63 -401 -158 -850 -774 158 -35 248 -16 -92 -179 75 -448 -225 818 -339 -82 274 636 -44 158 135 115 -407 547 -119 -216 59 -146 -433 407 -223 259 317 170 81 -818 889 381 -8 611 143 148 229 626 43 -93 706 -551 -560 -180 -82 -365 265 -213 565 -496 421 291 161 -44 297 -307 -84 47 -348 379 119 -27 -531 290 -423 128 97 -774 -191 -604 -109 -178 -953 186 -182 -707 -521 270 203 99 132 339 770 439 -79 418 410 -753 366 358 -411 -409 145 106 357 559 567 348 183 572 180 575 -91 404 442 -187 292 -456 451 519 247 -511 523 -301 -267 -110 -40 -556 -403 -821 -809 284 -693 -37 -290 120 127 -253 -119 156 -610 -129 463 -408 124 1302 503 40 -93 4 121 321 160 -293 -382 86 -471 -324 619 -6 406 -607 -461 -133 -543 -324 21 -270 -136
-807 147 -672 729 258 44 1045 -194 -28 95 657 -87 69 -655 227 -251 -436 89 -171 362 -57 115 206 10 -273 925 40 -624 327 -160 204 59 -885 -92 958 121 96 -286 10 19 -1060 511 -8 -971 -26 -211 -346 -601 413 374 -80 889 -89 -75 -244 176 -920 -322 -246 -51 -534 655 -135 -212 -599 510 -291 -649 -334 -404 182 664 243 -178 -130 478 -141 45 379 286 -156 145 78 433 -661 124 -640 -506 460 419 517 -841 625 -524 273 511 -805 420 400 -536 271 24 -424 858 -151 -503 -295 -336 87 93 -162 344 213 -390 24 480 350 -546 -466 -299 644 -505 -479 -25 -29 504 -380 138 313 -571 -3 183 -591 -179 -314 77 164 198 -292 738 -85 -19 628 -669 -526 348 -366 53 -101 -293 372 -90 -339 -361 -133 37 42 -500 192 225 503 338 212 -552 -108 -184 -422 -213 299 -28 530 -923 -316 -494 -72 990 439 -372 491 159 676 -93 596 240 22 -179 260 769 -420 -218 468 -66 -172 -198 285 -427 80 396 789 503
-351 586 122 10 -204 -148 232 395 126 -454 351 62 -154 18 -69 -103 -168 194 127 -130 -435 -763 575 -162 -256 -1062 462 133 694 187 412 217 -405 -1262 -567 486 -249 295 102 182 859 -19 600 -24 -453 43 146 -27 475 -875 -158 163 180 -373 622 -485 88 -403 164 351 -446 398 346 -493 -41 142 -23 483 23 308 60 -86 -450 622 -132 301 -67 -92 -513 -50 -335 445 123 361 -333 583 -54 -55 143 494 -123 739 197 -351 -274 278 -565 873 683 666 603 425 -283 42 281 600 340 -266 -54 -328 95 446 9 -29 902 357 -375 324 -299 499 -12 477 185 74 215 236 396 741 -850 -964 -202 -345 -195 -4 -151 -513 637 54 274 232 3 -78 16 -167 -204 897 472 610 -65 -36 194 -457 637 172 -455 741 -119 229 -403 343 506 1014 -27 120 290 389 -599 47 -1349 204 -203 -698 68 866 348 -694 456 -168 -153 -161 -435 -952 111 -145 -730 -709 -269 431 238 493 -196 293 -49 -428 3 371 276 311 224 -353
601 -367 -857 440 -382 317 294 -1069 138 -612 154 57 -471 189 -485 727 -995 -338 -583 -638 605 -33 -462 221 -592 348 208 -149 370 -346 -240 -216 -514 -385 1 -325 39 -218 -686 53 95 867 216 -167 -417 -355 -1143 -625 199 -188 -362 -775 794 401 -788 -149 264 -253 187 -799 1 791 -795 117 -390 -256 -295 410 162 225 338 57 -513 341 -40 612 81 -466 -485 -169 -192 468 -355 -487 255 -40 450 -716 427 712 -524 -38 -84 -641 -208 0 133 334 284 -571 565 -604 263 192 303 36 -760 81 -208 -75 218 566 -672 840 168 -550 -5 287 -278 -557 -580 -794 -457 -300 534 -422 -349 683 454 -403 24 -627 -344 -481 -278 -447 278 -134 -115 -689 330 642 143 467 103 -54 955 18 189 -465 330 -258 -656 -862 -603 64 360 782 -847 1116 93 633 246 -384 130 -681 544 405 -833 1 788 -38 -53 175 -74 26 -68 -287 256 163 -259 393 205 503 -102 690 -147 -600 819 -667 145 149 323 -927 -652 -189 -175 12 221 -626
366 -411 111 489 881 -802 849 139 -88 -693 -268 554 1137 -814 -423 412 -305 747 -681 -356 581 737 -159 -95 18 -86 -230 -412 -193 265 235 -196 276 216 26 62 -81 317 -172 77 -70 1306 125 358 -475 250 -577 -401 -390 -55 -267 93 -412 286 -63 -273 255 -307 -273 277 -21 -280 102 -73 74 219 -133 65 249 -248 -419 -948 -20 482 -801 -451 -351 186 -6 270 -497 694 -80 -91 817 235 -81 -273 163 -212 -296 189 384 269 624 171 81 -1107 12 -170 372 -145 189 -145 -587 442 503 466 -620 -605 -159 166 -63 175 290 -327 118 351 566 613 857 197 882 248 69 -890 -525 13 -349 145 505 -57 -23 499 545 -465 455 -491 476 37 134 147 116 166 167 515 -420 -560 605 551 -167 170 409 -395 425 -571 103 -200 143 -794 -205 -114 478 845 -26 223 -125 -1201 854 -305 -506 -388 19 -267 139 -766 -417 -868 23 143 -199 47 570 -562 135 -313 353 -168 -575 -270 230 -188 -543 401 394 162 -379 351 -661 135
-216 95 -335 584 88 -924 -443 353 912 720 -272 -391 113 241 184 -67 456 51 -746 -317 880 217 167 64 -37 446 -397 -453 -364 -27 -344 708 -407 -378 -457 68 474 595 389 274 -250 -283 585 366 -749 -534 -491 -1005 -187 192 559 -225 -666 -93 -310 -307 -592 175 -523 241 68 129 -380 32 31 98 -435 -225 -83 322 204 -30 245 781 378 -199 -529 513 145 -528 -500 497 1062 176 24 467 567 329 141 458 151 540 179 -558 337 -186 -345 -723 117 14 -300 -266 864 -452 642 -1072 98 620 -261 -361 653 168 415 635 291 -447 -279 332 954 451 433 -496 678 619 287 -328 506 978 -532 -122 -67 130 -92 -34 -1023 259 684 -112 226 -155 462 -66 -294 -296 -618 12 70 795 -83 49 468 75 -382 -1 -336 -88 881 -25 759 -76 -1009 -91 402 128 -120 24 276 -285 234 259 -659 335 560 -814 -358 -67 330 -120 500 -9 -385 16 535 301 137 182 -310 -337 -279 -139 -388 -880 -653 491 -37 -182 53 -70 161 -264
-103 -102 378 45 -115 -104 120 -355 -308 -169 19 491 590 290 -468 -286 -67 323 -266 291 546 670 -99 -548 -319 492 277 -271 -207 162 412 62 -927 -1223 388 -320 -24 362 -133 293 -240 -670 665 -476 -306 -55 -201 -452 420 -187 -184 -26 24 -590 173 -794 -551 -804 -156 442 -783 235 -231 -418 30 109 622 -480 -446 -151 -32 93 -165 -422 -271 445 -384 587 -617 -160 263 -517 -505 168 -127 -484 -140 -106 15 269 396 -902 -11 -521 593 -243 -166 -123 -69 -192 138 324 68 -221 130 502 144 -399 -212 786 154 -97 320 287 -420 655 539 94 -84 -195 -437 397 140 -64 187 464 1099 605 -623 -231 643 -443 -368 438 -799 -261 -433 -122 294 841 -817 -121 650 -597 -236 111 -216 720 2 -537 -181 -181 201 -70 -72 -545 773 -552 203 -122 -184 798 -580 -339 -73 636 -40 -876 -454 -325 -181 340 -220 373 -221 187 -593 162 52 -840 -196 65 368 -89 634 -224 413 255 328 304 -136 651 346 -502 -396 -697 315 -288 -82 811
-189 -48 143 17 -6 38 453 -532 368 -654 407 604 1156 216 633 -54 -169 -634 -157 -514 -343 27 440 251 -118 10 -497 -249 305 -454 -285 -695 -604 506 -200 379 -192 -119 -429 423 152 189 371 524 346 867 -471 -20 664 850 317 16 -55 725 -229 343 -42 -501 -347 148 -381 122 -120 21 -24 73 -495 -158 95 435 -264 -429 -184 -203 268 594 -204 -811 287 -814 191 921 192 -287 -379 3 -382 -836 118 -649 407 -421 -487 -32 -326 44 -790 730 -145 -17 -85 -293 -503 -53 -94 722 277 297 -56 -88 623 -44 -23 153 1038 437 9 -518 -657 282 2 -610 -105 36 144 -159 -462 97 676 198 -112 -359 -139 392 595 372 -256 -142 805 -230 -209 24 1224 -581 -197 -88 -344 -131 697 850 -360 480 -35 -1092 60 327 424 -188 -1469 -20 22 -445 -179 704 90 482 -173 751 -321 -411 622 360 -356 68 278 263 -900 77 885 -434 -642 148 -255 -541 -251 -545 -78 613 196 109 872 191 -471 -340 6 707 -271 -797 -847 846
404 -794 -718 -726 -716 324 -608 19 456 -266 -736 457 156 783 -636 225 357 -83 53 652 -377 337 35 98 -89 -707 -523 -240 324 -170 -146 306 267 -228 -343 -56 393 36 -137 787 -326 101 457 284 -60 289 -803 -21 631 78 -874 152 793 -352 -588 174 49 727 -337 422 68 41 196 675 92 -304 35 -722 669 235 409 -43 -99 -216 -260 -91 -356 794 -268 371 83 -155 -156 -287 -192 -83 75 102 -181 169 133 23 -26 -464 287 -408 243 -874 272 12 -790 -109 -59 -675 184 583 208 -119 -698 -318 -892 219 597 425 -588 148 -41 1458 -237 887 -672 47 -231 -321 -420 -302 -252 -749 618 343 423 -372 801 90 10 438 632 -289 -100 406 336 538 113 535 515 -115 169 466 -433 238 206 339 62 4 102 455 280 2 -703 -513 -766 -150 -372 113 -240 -64 496 112 -104 168 -1031 -21 9 172 737 -522 -212 -210 154 -38 511 -64 -910 588 -244 1373 -383 -160 -401 898 -853 385 -1041 -579 -294 -512 -518 -264 -652 -421
103 -1073 203 299 350 -222 14 -209 -372 -173 285 625 137 64 -250 546 360 -552 -429 -809 684 356 239 141 -1029 176 -188 487 85 443 274 491 521 -180 -14 -391 -207 -59 764 -377 -857 -348 375 -620 -38 -116 176 -297 -354 -324 86 -686 189 411 256 313 -886 -399 -204 -618 48 -40 88 -222 -175 -60 612 349 -214 1132 152 -16 -392 -439 -84 -426 -252 -308 385 935 -171 -564 -385 -92 -200 -529 -338 -414 206 -195 -346 127 192 -662 382 -662 -457 -322 584 -449 -88 656 -76 112 109 -77 370 -153 164 737 -139 -322 -111 293 -403 -262 172 -16 59 -487 315 -564 -39 738 -377 -87 508 157 -563 -1 107 -426 135 294 -135 170 652 -203 -131 299 -352 272 -217 -50 200 -101 -197 -194 -38 -69 303 108 742 110 -17 -340 89 -571 -48 773 -1291 -351 -267 504 -483 192 829 251 114 -599 -745 916 113 -285 -151 199 -32 170 -967 956 -324 353 -36 825 273 -44 391 45 -485 -562 -161 -582 240 -565 -368 -103 -296 -623 -34 -146
-511 38 288 -117 472 -268 -75 -320 -430 1398 282 15 -79 42 -428 124 495 266 86 293 -316 530 354 264 98 1039 429 629 -311 -141 900 334 56 747 -395 74 -888 -71 -197 -14 339 -157 -643 46 605 -1107 244 402 -903 4 131 243 157 -70 703 93 752 297 -311 -350 67 -220 662 -125 207 482 -183 -497 -813 -513 -1067 184 91 -9 177 -193 343 412 272 248 604 -493 683 58 309 -435 -228 518 -38 -576 -65 453 507 239 -92 1291 -110 238 779 139 693 322 318 323 -529 -99 373 -226 -213 320 47 145 131 976 347 -133 25 -300 -49 -15 679 589 -411 580 269 -654 -627 279 -355 -37 -188 -107 -874 -341 -597 -729 -128 -429 255 -269 -256 -505 155 -337 -223 -1092 -343 238 -657 771 -101 23 -215 -995 -290 -356 -248 295 -609 -550 -288 232 859 133 197 694 -690 199 99 -264 -58 -78 708 -300 730 -225 1168 239 228 -672 -515 -460 -195 -244 173 -101 366 733 -470 -236 162 424 4 572 356 -22 -719 136 591 -423
602 -453 284 -441 245 54 311 73 999 -135 507 45 -507 55 270 -802 625 184 586 -525 171 -69 603 -161 -287 -153 -416 -86 914 350 -10 15 379 -43 -380 149 -3 67 188 408 -127 -95 -292 191 -410 365 179 412 -355 -445 218 -494 469 -893 24 -559 -29 -187 440 152 234 -488 -442 -265 820 -157 83 150 515 -328 209 -176 62 394 542 82 340 573 -133 837 -3 -44 -815 495 486 197 -464 -262 6 535 -187 441 -692 660 -480 -254 58 -171 -915 212 -560 -760 215 -485 262 673 658 805 -559 -147 241 305 -688 -411 -323 -245 294 854 195 -58 467 -958 -21 -391 283 -567 231 -646 -37 -490 -6 -850 1028 32 213 281 497 144 -234 -20 -208 816 52 -91 123 650 250 190 46 440 -34 152 106 59 362 205 -371 -268 -2 -593 -201 -603 531 339 110 183 798 -307 518 287 261 252 16 81 -735 306 -695 -87 34 375 81 -154 -90 -337 243 -361 165 415 -209 143 487 -3 -32 -825 -350 -458 97 -137 -218 318
-871 -208 214 -887 -561 602 -729 683 656 -740 208 371 -98 -213 384 -18 505 -40 351 390 4 519 -272 628 127 120 -323 -707 -367 577 135 -269 203 94 -378 732 52 -352 -329 13 -419 271 59 348 596 -509 804 579 112 -170 158 -443 729 -21 596 231 334 686 -204 -173 419 65 -24 204 299 243 -278 41 129 858 461 -463 -136 -15 -356 195 195 -545 -501 -78 -145 175 -539 -614 -18 -351 292 14 220 6 707 298 -243 260 -334 430 86 -487 265 208 260 -855 780 214 -236 77 83 -314 31 -281 349 287 289 472 -59 328 525 37 -24 649 -109 -295 -66 371 -116 -396 -131 58 -178 331 86 -332 45 8 -672 222 -261 162 -449 -301 332 -209 498 -584 -800 399 -463 -49 -142 -203 530 -838 46 -245 -237 -420 239 -409 109 400 -209 -275 -189 675 -158 486 349 303 -381 25 648 129 -123 -376 301 85 532 -245 -162 97 -145 428 344 -95 250 -475 -102 -138 312 -726 298 -663 37 165 -412 -289 -474 -120 -320 794
-681 509 -154 -505 191 78 -674 143 -416 20 965 -124 162 269 564 -582 -448 330 -98 -431 -414 -31 -122 383 872 -48 746 589 288 601 576 -298 -67 -330 442 -324 -137 706 273 -237 772 -73 196 94 309 551 544 -244 -14 -268 175 298 -919 -733 -122 -624 -365 188 -123 240 -282 907 236 60 137 667 -261 -34 243 -580 97 -232 212 514 43 13 358 728 -569 448 -174 1075 826 -199 90 -95 63 -455 449 -291 -379 537 -106 67 -405 -173 -86 145 -402 934 -19 -76 -395 -333 175 208 -210 -492 289 323 -277 80 -609 -24 346 301 17 -604 244 93 -773 -47 -259 -307 203 -358 -785 84 506 17 -184 -134 94 138 80 395 -298 447 183 -714 -546 -47 376 -519 281 557 225 -926 62 189 -76 289 -601 -195 -616 484 164 36 139 511 -420 475 -7 332 712 319 -235 -556 26 1202 54 -530 -140 -438 -53 -160 18 -290 353 -69 274 -79 -405 635 101 288 -62 -260 319 -304 158 120 352 411 280 -292 -261 -65 -531 -580
-199 -76 -193 132 -122 615 317 443 -362 431 -68 -9 -859 -748 -209 -396 511 553 41 -356 240 97 169 -508 152 -276 239 701 -349 -206 -138 -217 641 416 196 791 -254 648 -819 -128 -106 -101 380 234 -746 71 83 -1023 440 779 559 167 167 263 -494 -448 -264 -418 -700 9 33 -955 -196 1003 228 -76 -375 905 331 178 -84 -367 522 291 222 -220 -292 158 566 -757 394 383 -214 226 -490 525 -33 588 293 -288 535 892 739 -549 740 23 -466 -694 -165 -10 300 -941 328 70 -197 -122 -954 -459 289 -287 -628 -950 630 -65 -305 71 -512 -238 165 554 -135 1126 418 319 -92 224 -225 252 85 85 663 606 -352 546 495 -246 -141 380 97 163 48 107 -386 313 -369 -415 -115 51 -197 208 241 316 -401 190 -505 -277 451 195 -442 -335 388 542 228 -148 18 -581 583 -498 614 642 300 -588 -639 307 247 -741 143 -725 151 456 509 58 181 -174 -188 407 201 -574 -58 347 -134 128 32 485 467 176 -106 -402 -283 -328
127 922 820 499 -863 -469 189 266 -536 508 -2 -719 -656 344 146 39 -382 -495 236 -711 484 222 857 -664 155 -90 137 -200 197 3 181 -624 -44 205 363 -55 -474 -545 811 -46 951 -271 640 0 -15 366 -83 731 750 14 -19 -140 -314 -408 -375 -146 1031 200 178 124 -392 -278 -421 -273 137 378 -381 -494 -598 -563 -60 -639 -475 -251 261 411 -422 -399 -454 -556 560 -154 127 -579 -477 296 671 -29 422 153 564 832 -487 463 1 94 559 634 -214 358 -339 -301 37 7 -109 393 327 -157 -164 411 -136 -176 -75 476 151 -324 177 -208 854 243 -118 379 252 -617 -101 905 534 -1305 211 321 -8 462 51 -807 482 -134 113 -69 -613 -77 -461 -69 228 283 -249 334 -96 832 -132 436 58 280 172 -107 507 263 41 -165 -866 96 -177 -213 493 -420 -132 280 229 549 -800 -239 406 -311 43 843 135 -410 271 259 332 59 184 -864 -303 -800 -459 -816 -84 456 986 386 -899 11 -14 -208 83 1470 -387 -348 352 37
279 -496 -382 -453 -317 277 -328 -97 79 -379 -330 58 -641 201 -176 254 -295 -453 393 11 -156 43 74 -491 -357 179 -287 78 -56 595 -536 613 -314 -672 -208 -380 -592 726 -253 808 -186 656 -29 -32 420 -189 -480 64 176 348 -542 -207 259 209 -615 -854 476 -408 -180 -499 386 576 -44 -657 11 -5 -464 332 92 -548 254 304 -229 -91 107 531 -517 -1020 167 15 -379 878 651 649 -342 261 176 219 -484 129 -325 787 -341 141 246 259 -522 380 420 -416 156 -348 254 569 374 -171 -313 2 -578 -285 -26 -540 -203 -1015 460 -270 -233 450 548 -90 -164 507 -479 918 -205 366 -503 439 -36 -631 -661 -746 152 -354 46 495 -65 336 -132 -505 179 -191 -177 474 -92 -235 -502 461 -188 321 -498 84 -42 -768 -44 211 -517 253 -303 -489 95 -432 -266 -374 45 -112 42 -633 -29 -390 573 188 -635 187 224 -146 -145 -298 606 -572 710 -212 -238 -784 -940 282 -491 61 618 -47 57 755 661 -216 80 -202 -980 247 -148 -572
-204 45 138 -276 127 744 583 229 -344 -109 204 421 -820 153 343 526 1166 276 726 258 143 247 -823 778 -583 519 -237 656 90 1082 -396 -244 -325 -163 230 289 713 91 -346 216 286 185 -846 -104 79 -378 544 -460 -84 -323 434 358 265 -463 -699 -260 299 -723 -291 -15 -268 661 419 -244 229 -510 366 -74 -132 123 1081 331 638 -332 538 297 -331 -62 693 -478 175 227 275 153 320 337 -516 195 125 -368 6 -136 44 13 -126 20 213 -279 655 62 1206 -473 242 63 181 710 -367 273 -319 -850 236 -878 295 -653 -105 453 -212 142 -594 -439 -62 -156 -367 330 -882 69 520 550 338 -205 -166 -349 -364 -150 85 432 -292 -83 -224 -129 -680 68 -178 -799 -220 -73 -193 -447 -547 -420 -555 333 170 -148 409 -860 -58 498 58 620 -728 554 -580 124 -147 214 -64 146 203 362 -211 -762 244 -214 -202 -428 -627 -139 548 -9 674 722 659 -136 -316 -13 504 -181 -558 471 -220 -491 -223 -575 -242 48 -248 -136 229 734
-105 -265 -27 468 515 379 -160 625 -176 165 -303 796 -356 181 -652 -2 -576 152 70 -256 -187 1086 428 32 -371 -279 -95 1162 -448 473 32 -494 409 483 -20 197 425 -214 -132 -14 109 -653 -674 56 862 753 536 390 282 254 -214 -269 -508 -670 -275 -209 -1153 100 66 233 1303 36 27 -657 -416 -189 456 -149 486 328 767 -346 515 -295 388 -21 24 58 -373 -126 351 598 64 -498 361 609 274 148 733 -482 -673 552 196 49 245 107 411 -801 382 361 17 443 624 -396 -421 535 265 -386 207 -250 350 12 -4 -245 -251 -498 -87 346 292 -84 131 207 -108 -51 462 -335 500 -183 326 -582 -542 -7 351 -196 56 -6 479 -545 217 -97 -99 149 -575 -267 746 35 459 -857 107 768 -283 -96 167 -510 -105 -94 -44 -35 28 89 -381 299 75 -415 -718 666 -94 -105 -401 81 -492 424 1128 -149 -406 -410 -344 92 -393 38 -1010 1138 -238 383 -599 236 407 214 -400 571 -167 -229 278 -159 491 375 80 393 -1047 553
-211 -8 -159 271 -101 -437 244 -256 -116 510 -103 536 142 73 362 -401 435 233 -298 -183 -39 -420 178 -156 538 294 60 -560 183 -341 563 -220 -371 157 -467 -411 72 -91 -124 215 -23 -273 442 22 299 -508 893 688 -100 344 555 -364 -573 -7 -208 -265 524 -544 804 -569 181 -1315 -188 -369 321 267 45 -490 -764 -213 -494 -94 -420 -356 -165 82 45 50 408 -307 298 -868 -1136 61 37 295 -499 100 193 -921 114 1043 -244 -49 793 -297 -4 -213 45 944 -49 -25 -20 -541 -160 -239 151 -44 -1 85 595 -680 -215 -150 325 587 -232 -721 456 -46 189 319 -311 -36 221 181 -189 -146 -96 330 741 11 7 647 24 -237 209 258 -155 -23 35 -20 653 412 -115 13 -557 406 66 -670 -420 8 631 67 -2 277 -726 299 475 -128 -43 107 282 -292 531 -73 390 -161 -173 -336 452 35 306 -24 -684 -136 338 173 185 40 -362 -135 57 -169 -280 -453 -32 333 517 842 548 352 -180 94 -427 776 482 -847 339 405
183 -312 -169 -41 582 41 533 -133 -132 674 612 -218 -24 -284 -262 588 267 -125 447 59 369 118 -463 295 279 -334 65 -504 -389 -408 -688 273 -301 -425 -338 -786 -444 710 1042 -865 578 84 403 -619 -78 -533 -368 -537 342 -68 23 460 686 851 572 -132 194 514 568 421 -162 423 -817 224 -283 402 -402 273 -8 -281 347 432 555 504 450 -96 -95 966 645 670 -632 -247 -110 -191 -127 30 -325 135 87 337 188 253 1039 -15 339 814 122 -151 -199 -567 -91 646 58 576 -688 344 -268 -239 -275 135 -359 -727 -207 -78 -502 80 -54 175 -579 -243 181 558 -529 405 -245 348 -180 -343 86 67 463 -22 -72 615 -594 255 635 165 298 114 175 444 343 413 -321 -793 565 537 473 -292 172 -10 213 562 17 46 -20 569 -793 69 -712 -793 -513 214 791 -51 -15 -543 -129 392 -212 -47 -571 -105 -57 -80 234 -394 -1118 336 79 -397 -134 295 588 -256 109 59 -2 -434 -354 89 -331 -44 -321 -494 35 -222 -659 -644
891 816 -415 742 -15 446 359 -445 -25 -309 104 -608 -381 -359 11 255 -16 38 21 -94 519 62 -419 272 141 79 355 60 293 -48 54 331 107 -258 220 1161 99 60 514 -68 348 -1126 -294 511 -59 3 -853 -126 18 -533 -149 -159 -845 346 154 134 576 -370 118 444 -441 -35 -60 219 454 -309 -115 -507 -35 473 -364 34 -195 -175 -236 727 292 397 555 1094 229 15 196 -22 -105 -98 -132 273 -276 280 25 -423 476 61 588 -163 -10 -815 -246 -94 278 80 452 105 -558 802 101 -131 -309 -174 -793 -546 713 300 -548 428 177 30 -689 1441 -140 -740 841 -206 -487 -283 464 -241 -93 330 -87 947 -65 -579 -403 -270 191 -430 449 594 143 383 357 159 72 -904 -538 664 -147 -510 69 303 -273 809 427 412 168 -94 210 -312 179 -49 -375 255 -309 189 594 -354 441 199 -79 -210 -107 542 863 -159 -560 -6 -544 214 163 224 79 -95 298 59 690 -438 -552 -233 398 171 -437 -591 -178 447 -18 687 125 -55
-251 -82 -473 -76 96 -162 287 211 -47 184 -7 -384 -681 -15 -355 -529 27 -597 676 622 -582 468 -23 45 -287 1093 605 -481 -40 307 109 259 -534 180 -135 -811 -176 137 -164 -346 -215 -847 158 356 -133 -351 -425 1210 160 31 396 -672 423 -311 521 -122 43 177 -103 181 -221 159 260 76 320 -46 74 843 -382 -255 655 -217 -833 -851 -88 268 123 116 484 -25 191 -16 -304 41 -450 -227 -350 465 464 117 492 -112 -175 -410 124 -58 438 74 922 95 -2 154 -221 -298 -17 -456 -65 162 82 -221 -333 -346 -579 -541 -391 154 427 -256 222 67 -298 432 -615 -444 -494 23 -364 99 -534 -443 -443 305 202 -566 311 -1 92 -247 447 757 -246 -188 585 -320 71 26 443 -106 128 -172 -443 -60 -586 -325 534 480 -245 -610 -892 -320 -188 -470 472 543 252 112 -149 -175 -94 -196 339 -383 -18 -194 195 606 137 892 396 -698 93 -21 -180 -363 -83 -187 -92 550 343 568 -339 215 -237 -271 -589 -158 452 626 -491 -115
-22 14 45 -280 -270 -171 9 -868 411 -101 -339 131 -394 629 -560 -36 -28 -308 -704 -92 -296 324 477 -102 -22 514 -297 -132 -488 -122 812 490 -126 152 98 -691 -342 -30 27 -274 212 -121 274 418 669 -551 -189 352 781 -73 575 -294 436 290 163 113 230 -525 -396 -362 531 -338 -709 145 274 302 -143 -770 250 386 -342 -81 -453 -829 628 -144 97 -181 740 680 249 -641 85 -70 -316 272 -572 -217 625 204 770 -217 -61 -731 757 -505 -592 -9 684 -85 175 -416 1003 -146 -399 -290 346 242 111 -557 253 648 -191 1 465 -54 -223 -92 -151 390 -22 -253 -362 296 649 494 350 649 -174 290 -12 -441 -358 -116 182 286 289 109 -647 -270 146 -280 390 -139 363 -625 -288 65 -158 -149 250 310 -540 -325 -13 461 475 -479 445 -149 52 -136 573 -165 317 644 618 -417 556 -678 248 65 55 -331 -195 366 -658 93 192 118 83 -648 653 553 -91 -69 298 464 163 -182 556 44 326 60 622 -279 -112 26 903 -51
50 198 -432 -726 119 -39 -126 739 -87 518 545 38 -26 488 -116 26 -70 390 -362 471 160 -537 -340 203 -319 -769 160 338 -328 -201 429 -729 229 54 -358 690 -275 -206 129 94 -187 -258 -213 94 114 528 109 -589 50 6 -15 187 78 317 233 630 -1129 640 -188 -730 -49 -244 507 864 -139 43 341 21 -224 453 -764 -31 228 103 -687 -352 -114 -222 -351 406 273 538 -265 63 -310 799 87 -98 -323 -450 513 -303 -306 -598 678 385 -1295 -203 465 -1011 -684 30 143 685 -241 -439 172 142 68 -639 150 115 -93 -67 -33 -364 414 435 10 -649 1025 -174 4 955 -600 78 11 20 -602 -384 233 -455 328 -7 -380 -494 346 164 76 319 375 708 -386 526 -1064 437 -837 183 778 699 -1249 -715 -161 737 -420 -1036 585 -106 -387 7 327 82 281 -30 -711 638 -528 -229 434 -428 155 49 -11 -2 -125 166 -671 159 74 203 -693 14 477 116 -278 -110 6 333 -587 -98 -209 -787 469 149 -508 311 129 983 341 663
228 325 -589 -244 -199 82 -513 98 510 -625 -151 818 -738 -823 -223 201 145 -273 -804 41 314 -18 -284 -517 -145 600 495 40 10 -266 175 263 41 -408 335 846 621 -550 -677 -54 -614 371 -354 -6 -643 -95 533 -915 582 446 249 259 -622 195 -41 491 -527 -684 -642 -613 203 49 -428 -282 -119 -390 94 248 -176 515 649 -42 102 192 -465 447 165 -338 303 3 -118 603 -478 -86 -1 127 -125 650 -64 354 327 -587 242 290 -402 -16 -112 155 131 103 -110 -462 -90 216 69 -654 106 -239 194 -328 -145 -708 -763 -721 -190 -747 514 -25 -213 554 -541 222 -51 111 149 -520 19 53 -180 -279 20 408 -237 705 194 795 32 55 -412 393 220 -246 554 -152 244 158 86 -332 -499 -350 187 201 38 152 83 -290 33 55 215 371 -987 436 153 -191 -378 -20 198 127 12 932 -634 -978 -337 155 67 -143 47 -1093 -166 -504 -31 273 -55 263 -80 143 -151 -813 65 329 802 -111 155 -191 76 -378 -393 -621 -519 0
-92 813 793 668 -312 -354 6 -555 253 829 36 825 60 240 -279 237 182 9 -451 572 83 724 -105 98 128 200 259 -145 54 -217 283 -260 -965 22 140 -779 851 690 316 -178 -253 607 -247 668 409 -372 611 -921 -343 131 21 110 620 107 67 -608 -103 -676 -214 190 1048 120 256 -934 -210 298 -104 774 148 871 399 -702 -843 227 -76 966 -103 549 -572 372 316 166 58 390 421 127 -340 -115 -104 308 -279 -847 -7 246 -55 -359 -72 519 83 -367 -218 7 121 91 489 -579 326 -221 -659 510 577 -115 -446 296 -134 62 96 17 -67 -456 -34 30 -553 61 29 -289 339 -651 -18 -261 95 95 349 108 -649 720 104 365 -709 204 -67 347 1025 -289 635 -443 -544 252 216 -679 -257 604 174 -507 41 -46 -585 101 275 -39 -893 483 -58 401 -494 680 -673 -227 721 -323 -476 410 -53 -1 88 180 -828 -851 -216 -731 417 593 -432 251 474 -430 -126 242 97 -276 333 -181 -316 -358 -123 -1184 150 314 -85 804
-130 -47 254 483 -84 -927 266 354 31 -267 147 616 331 -58 -326 263 -354 435 -94 -71 130 -133 -638 447 699 144 -255 -90 183 -101 507 -175 -1042 586 92 -686 -203 -397 -474 -284 250 365 525 -19 -448 746 -163 233 -204 -53 439 196 480 67 -162 -28 -352 292 103 177 -83 -233 42 500 -818 -248 302 354 155 -214 -420 374 675 926 25 1 145 131 172 -204 -495 -45 -489 -504 -275 -845 -515 -414 712 40 36 252 405 -460 -427 242 -604 -91 498 -149 -644 -144 -225 68 -711 -723 344 -353 683 -223 -21 -389 -879 19 -279 88 -172 -545 771 -986 498 73 -12 1 474 35 -133 -244 677 -346 59 -119 -400 -745 96 -873 714 620 129 -362 470 -357 231 -392 -486 630 -210 491 606 -441 6 225 504 1306 -371 254 -191 -776 539 -237 -11 -278 307 -453 19 -277 13 269 255 -179 107 -64 783 -789 406 463 -636 -5 -611 718 -692 50 -51 -86 -203 -81 280 -99 -591 512 796 -247 -81 -60 -97 -685 814 -546 390 -114
319 -594 110 462 421 94 438 359 -82 -672 -106 -507 -155 -715 -175 1111 -119 -82 63 -165 -688 -506 128 668 -264 -25 287 488 -555 -422 -567 230 -606 -108 -680 855 -37 147 -103 423 168 -36 8 -737 -162 -278 65 177 613 -88 -176 -619 758 207 94 9 110 198 117 -175 383 300 -235 315 -101 -1293 -237 164 277 -554 139 -265 -781 -161 -674 -573 -506 -113 474 919 -228 572 -529 -717 -235 -146 -342 164 409 358 253 -162 334 -459 -256 622 -138 -84 15 -265 -75 -168 189 -1025 -228 346 465 -198 968 -584 -369 -207 504 -80 113 -80 10 148 -199 -310 -690 -270 -530 260 15 -134 -43 492 662 199 174 -188 -418 37 459 272 371 188 167 132 69 -173 -354 -423 328 -544 229 -116 -645 -430 -862 452 -195 402 -439 308 394 535 -487 -495 -139 198 -395 -32 -129 15 881 948 -4 -19 -6 -291 -474 867 -28 -74 -43 -424 -104 13 -18 -94 -67 146 -501 563 -455 -153 -39 -41 -129 333 11 159 -37 217 786 -163 -149 -585
255 -914 728 -593 216 11 -371 313 -640 -207 -188 115 22 1167 -172 -82 142 363 -262 -324 36 116 12 -21 -632 -686 102 280 160 -158 437 168 96 -632 163 -449 311 571 -338 -429 -207 250 -122 -704 -821 110 66 -459 485 -190 -335 554 -324 183 463 -314 -514 64 86 -102 180 525 -203 -472 -694 -696 246 79 841 257 -999 -235 -720 408 14 -216 -562 332 272 -351 435 -6 44 242 248 -278 132 -431 -381 128 -63 796 422 -174 -397 -29 -863 -323 -556 -493 -149 -259 414 -1 384 379 686 538 -356 -735 -290 366 232 -430 -499 -425 9 267 274 414 84 -69 345 -1 -36 549 -46 -46 29 136 374 -273 338 -9 -112 -827 329 -11 332 -180 -221 1155 194 -131 -421 266 108 86 -435 13 152 -151 332 462 -41 113 -653 803 -777 636 283 230 -428 69 138 -19 -318 8 -549 -308 -126 838 -378 542 -336 -641 117 328 -418 128 125 1042 -354 441 95 -322 43 -166 -386 -397 -536 -38 450 -290 -20 -393 -620 -33 190 -171
-245 514 -799 90 -47 335 256 239 126 970 1214 -270 -3 503 474 -43 53 126 858 -328 22 -746 183 285 516 -42 521 452 -210 104 -648 -202 -306 -517 460 11 546 554 259 283 294 -1008 332 86 -240 91 -562 -502 426 -128 466 851 -828 -191 599 123 -215 -476 -104 -764 622 1219 548 750 -286 -289 698 380 -533 605 -148 493 -80 -22 173 -41 583 376 408 916 -9 -100 899 -267 -586 626 376 -324 201 -131 -235 24 -25 235 166 -209 -551 113 309 -56 -353 -484 153 111 327 -126 22 688 546 -732 157 -517 68 -902 193 320 -5 -103 -155 296 519 -562 -413 -498 -344 125 37 595 350 -428 -211 540 -75 -172 -807 848 -325 -836 533 305 -6 998 68 276 -476 -210 -538 106 197 -244 42 -308 -218 496 -16 -445 225 766 235 388 -249 148 -687 -259 415 406 -554 -632 -273 418 267 -540 544 -201 147 -748 19 -30 685 875 -479 -91 -229 563 -104 340 -492 -540 -547 241 36 -45 -337 -96 168 99 -239 780 923 -488
-21 -23 -563 242 -246 -521 37 -431 247 -39 765 506 -568 -136 -628 402 561 -150 96 4 199 -758 136 443 -336 -360 663 230 50 300 -239 223 456 32 535 374 236 -391 281 -534 316 -131 248 -888 -908 -53 -315 -508 96 -126 99 118 -639 311 -685 9 167 161 -77 850 101 93 -531 174 -898 435 -225 537 -445 -306 -191 90 168 900 162 18 528 938 -57 520 145 -816 266 9 244 -286 -115 -181 -365 299 -1 -731 91 229 -498 -163 -302 49 339 -572 -638 454 -462 -192 72 -603 -717 -17 -116 609 620 -39 -620 -18 74 373 412 -279 -107 -626 -113 106 407 295 -142 474 -101 -322 863 -522 -689 1563 -201 305 -136 -623 -209 347 255 345 -2 33 195 -573 -20 -301 -583 643 157 646 182 -329 -105 689 553 -538 577 -616 -279 146 -542 -219 -87 -198 125 358 148 8 565 784 627 -773 84 -861 -315 -479 -30 -325 -496 34 180 -19 -146 19 275 -360 -143 -817 84 212 -65 133 -80 -135 846 143 -233 950 27 -659
11 -8 -270 133 -516 -54 317 -431 377 48 33 220 4 690 -765 1150 -236 -314 -150 -174 -72 740 -255 -297 -220 5 -875 84 -332 -888 260 -398 182 -372 -453 463 528 -121 283 598 -328 -1143 -375 819 -86 457 217 -377 -66 434 235 0 -160 243 -15 720 318 -842 157 -77 263 -877 -195 -48 116 356 -451 851 -320 125 232 -211 -339 -580 -341 561 243 314 272 495 364 85 -159 -632 518 -83 -21 -1043 213 -67 209 -733 -306 -700 -85 -900 439 39 78 -568 -1009 -357 -452 -396 113 -246 156 319 195 -266 277 -64 -372 -727 -1058 -270 455 -372 -243 53 26 113 -281 -762 294 211 963 -289 336 59 29 334 198 -229 126 -63 -117 -100 -86 -148 -82 644 -384 375 763 656 -128 -112 477 -503 364 -374 -123 384 -207 -204 208 -567 -85 147 98 -250 873 -854 -281 408 481 331 378 -447 -120 -64 134 765 124 541 -367 -446 -527 -125 453 373 -48 -17 -49 -357 151 -333 -220 429 398 -28 147 -584 -133 360 530 743 3 399
44 -71 -88 -544 -240 -30 -538 -209 -952 -412 -302 -81 -345 36 139 1277 -192 169 384 290 -8 -164 -261 -700 -72 86 468 -443 288 -469 221 215 -14 -825 790 -715 2 180 365 -476 481 91 6 19 -15 259 280 13 258 211 296 -126 169 -699 -143 96 727 554 133 59 -360 -138 -872 316 -81 -23 799 -493 -489 -421 436 -84 57 108 1212 -308 27 -292 199 671 61 306 -127 614 846 88 733 -137 -283 244 434 655 456 -166 536 894 446 -296 -754 -462 668 -254 -204 -32 -694 -453 611 -377 87 -545 228 -315 -868 410 22 -316 -79 -53 -526 -433 1022 348 240 548 -176 -58 -684 -376 84 1037 443 -233 -646 -441 481 -203 -141 13 -478 78 237 -257 367 527 -841 374 452 -666 272 -106 722 628 676 -443 53 -335 228 251 -432 405 -160 54 11 -502 164 450 -1121 485 -91 -75 691 56 418 692 -190 243 187 456 -706 107 -778 67 -698 -321 -24 -1428 -720 -73 441 -73 -981 -381 79 155 -282 433 121 -17 59 -77
159 81 545 333 -365 381 19 -745 -180 -125 189 -695 1012 925 -41 -113 488 88 242 1161 273 586 500 -208 239 658 77 448 72 194 234 312 406 347 381 -251 -36 575 -146 -532 187 254 -321 -239 -794 -119 -432 -173 -627 -205 502 -219 720 -99 551 -476 -113 -48 -105 86 297 78 -453 -468 -3 1121 -40 351 -294 -111 -227 157 646 113 109 651 -279 447 -467 -216 89 -39 255 -215 -552 -364 -149 -96 -78 -272 -265 -180 44 -455 296 166 911 77 393 -204 597 -367 -168 459 11 -1 -577 -155 176 749 -113 -76 900 336 483 142 148 -671 -406 -192 -609 -9 212 41 325 -205 -31 -143 532 -24 -443 -250 -11 626 -639 -158 -259 -140 575 -178 -615 -500 41 -19 5 -243 464 762 -892 176 364 63 218 -456 -54 402 -712 298 -568 288 196 749 -176 527 440 -372 -418 -127 -346 23 168 167 -479 -180 -338 703 96 363 353 -94 94 34 -1206 -46 1163 253 -29 699 -162 -479 -708 -13 -101 -424 -16 -27 -170 -234 -275 -642
-106 -20 -9 189 -7 -928 -667 -123 599 61 310 143 -285 345 114 767 106 214 733 -157 356 74 -507 854 164 -214 117 -80 -295 197 108 325 -815 -362 88 19 -693 -520 -33 453 -305 545 -620 157 -153 -768 374 0 68 10 -30 156 103 666 -204 93 -504 -321 163 -456 49 -43 537 33 -1 560 -210 36 634 -128 -127 -473 115 533 -196 403 -179 -91 208 -46 -431 125 568 -141 -294 40 -191 379 855 211 143 284 1102 -126 -600 343 -322 -179 377 349 -320 500 -357 -64 -152 -74 -443 -222 -580 -435 263 -368 -684 40 270 116 324 463 11 1451 -153 688 -264 491 619 -420 -576 -669 -86 -195 -468 -177 561 547 405 46 113 -534 -620 -894 147 -46 125 76 -252 -213 266 268 216 255 152 -247 -142 -368 -660 403 588 -558 -163 267 -540 394 449 351 308 589 -313 -570 402 -200 -442 -195 143 -422 590 -687 347 -3 -173 4 323 -311 -117 -311 636 -329 21 -178 317 -593 235 -395 -334 379 58 -521 -65 125 -184 -253
562 -294 -552 -230 -261 -428 -318 -227 10 510 -466 731 -299 519 -288 -284 -37 85 -840 -519 -554 338 -171 -323 -238 -168 304 -250 -284 -107 -34 -590 -226 745 -23 -1135 -115 445 104 170 -81 395 -858 -313 625 -357 943 -332 -482 253 64 1006 -242 -267 -134 467 -251 -259 -255 -223 606 -745 558 -44 690 367 498 226 -6 -99 -217 -271 201 -265 261 88 214 -351 -300 -369 882 497 -442 280 115 -200 -230 805 281 -588 22 -494 -65 142 285 145 -100 -1 597 -665 197 -189 -461 566 110 -705 -433 -40 -262 -1 228 597 -833 -725 -357 -202 -485 360 542 -290 154 509 -1061 -75 -381 -183 -913 948 367 -324 129 -333 427 -43 249 -258 196 140 72 326 93 -488 280 387 658 100 267 338 341 216 31 365 340 -812 -261 795 46 -406 -703 -638 -241 -107 664 129 618 538 -203 -384 1143 -95 -818 476 -107 -193 293 487 209 429 182 -951 -677 -587 -208 -224 147 -210 192 328 -38 14 166 -1 -320 188 149 -316 284 -407 210 -96
-177 -988 132 499 269 836 153 -187 117 496 300 428 130 250 -4 720 533 -314 -172 -1016 663 -971 -310 -76 -561 252 -630 489 8 -286 12 628 212 -344 -708 -110 -739 222 -727 96 -709 -1047 -232 -1185 -107 -1271 -19 -289 -37 365 419 364 44 950 535 -146 361 47 677 231 -469 -303 647 325 812 -90 -146 877 -54 4 -128 223 93 -547 -149 115 -326 184 575 -46 -836 -216 -379 -122 -142 -398 -56 -4 154 -904 46 -377 -473 -29 204 72 -478 -374 -321 300 -126 826 521 428 -160 353 -473 -305 -158 307 -521 -369 -596 -384 118 85 34 765 -222 -434 157 64 -393 4 797 321 -148 938 422 446 -336 715 810 737 436 266 98 -691 179 -341 -471 245 -532 640 756 -478 280 397 178 54 -288 -115 -41 -116 142 -792 -215 -150 574 190 -133 -333 265 299 615 252 407 -709 -213 -334 -362 -122 561 492 -35 26 -349 368 170 355 -762 -447 -178 254 -362 -343 157 191 -45 -350 114 -375 -164 401 -372 -227 -160 -639 -332 267
-488 -614 -596 253 130 290 -147 244 -693 -204 892 -125 431 830 -672 -156 42 153 -190 -751 -615 -195 165 267 -345 -87 -128 19 -324 -200 502 309 -3 -346 -80 -46 -324 -452 -57 149 283 -520 482 -262 318 -220 -256 584 441 130 -231 426 1094 173 297 206 39 110 877 198 -164 -12 169 320 610 -424 -384 28 -594 -211 -369 250 307 66 24 -219 740 78 -61 558 676 -515 -228 -991 125 785 -372 176 454 -66 111 268 -6 370 -98 613 -882 -265 614 109 114 11 39 -1109 151 853 260 361 30 559 -118 382 897 -22 325 248 -762 -571 -367 -456 185 -406 -25 330 -368 91 -295 3 -752 -303 -170 -656 -246 170 -677 271 618 -118 4 -12 86 1109 -632 78 -500 -753 875 121 178 788 -530 -765 -595 -710 -135 -23 100 -96 -186 -605 -169 286 -218 124 59 384 90 -20 -1015 597 -43 200 116 -174 -595 -62 172 430 -314 74 -415 -410 57 -36 -578 -40 -269 363 44 59 301 -275 466 -630 -105 -262 -27 627 267 -586
-583 -319 186 856 -49 -4 127 -92 -291 -410 -262 -412 371 534 -288 651 57 -488 166 91 -262 360 216 270 -686 249 -317 753 79 -324 261 111 -263 -323 -698 -710 203 134 -280 198 -402 -268 -249 278 -587 -355 128 -612 374 -160 -246 809 572 16 1359 -554 -201 265 149 106 321 605 386 -515 -307 -598 -32 538 343 540 70 80 -241 412 361 -470 -594 -376 367 -295 -726 89 -87 -474 -524 410 -19 114 285 -198 -409 185 340 629 244 329 643 123 445 383 -354 323 414 -272 59 96 482 120 493 -75 -396 190 64 -491 885 -908 400 679 -3 226 459 773 -157 -158 100 756 379 -482 630 -632 235 209 732 409 131 507 432 32 -398 458 -594 -14 -284 -316 718 -707 115 -145 332 -323 185 -156 843 -34 111 -140 -716 -186 -506 -275 126 -349 306 284 702 -888 96 112 -417 -30 -58 129 225 434 -148 -744 -382 -382 -189 -28 223 380 216 89 -632 -271 1 -95 -444 -53 -230 -213 -394 -136 530 -732 48 205 -260 -371
319 -141 10 136 588 -491 311 -299 -187 -210 6 82 449 -198 362 -507 -317 164 -69 360 -132 -382 -872 758 -1038 -597 752 92 -85 325 348 -649 -193 322 -25 -167 728 209 -448 -89 -278 -107 -833 -273 -511 364 -752 23 -188 843 279 -107 -452 6 89 275 592 440 -25 550 -121 -633 -329 327 343 198 60 21 369 -45 -579 358 -61 401 -478 -662 737 -422 4 -789 241 144 431 -204 -320 -327 -12 -236 -356 336 -387 -1302 539 -320 -211 -18 366 -362 -711 -619 -87 7 -521 5 -223 120 -545 12 -30 123 -347 -516 622 19 263 -81 171 141 -300 395 -326 -249 -217 -156 -5 -427 -36 341 1093 -526 266 227 -826 263 121 -700 -959 55 977 200 215 -373 -122 18 19 -496 140 -239 -557 -29 500 -22 242 711 -48 -527 824 -598 -821 -1099 718 -212 451 13 1014 467 -522 -375 -14 589 -373 271 226 -173 -481 451 68 280 136 301 252 0 467 -130 -187 222 78 261 -421 -278 -233 310 -745 -218 809 45 -76 -477 25 -859
-324 -514 -58 1124 740 299 9 -233 537 -558 196 494 107 -223 -311 193 158 68 -286 -784 101 651 380 -407 -832 -378 19 -90 92 -174 -150 -1070 273 -231 134 53 184 577 -590 338 -531 1 108 -317 289 348 509 217 336 -193 923 148 22 -209 -322 796 13 529 -289 -157 -10 75 -528 -91 -749 364 99 -23 -347 6 248 571 7 33 124 -245 182 -358 -497 499 176 -719 -175 181 243 -550 -240 -611 -456 488 44 -461 -534 -414 395 -30 354 815 157 184 692 -234 891 493 190 520 -179 -223 -85 -309 -111 385 -290 -219 -269 -288 402 -116 692 -894 627 625 711 328 16 394 1152 646 -116 -222 126 -528 -118 644 552 -240 -29 409 -132 -304 88 202 -656 -121 149 -151 -206 -160 -632 -362 -70 -113 -483 -273 197 -1085 897 -207 -21 -156 -66 -547 252 62 -123 362 532 -282 -220 -358 12 -246 -205 -156 10 -446 -7 203 74 -576 291 315 891 -408 -444 -219 685 632 -72 -295 -289 -752 -87 403 671 -445 635 438 278 641
-329 -350 -260 217 36 586 743 -240 125 449 -279 -577 270 179 840 -554 -396 73 -610 398 -340 84 251 91 -359 -153 -805 466 1518 -29 1493 339 528 -94 -703 -857 540 -668 350 232 -100 293 -291 639 -49 555 -46 -71 -501 287 340 100 -245 185 408 -202 1347 -205 86 86 224 -58 6 82 281 504 323 -692 566 218 270 -569 10 424 400 -279 -110 979 525 459 275 -208 276 -288 605 280 148 156 -13 -53 336 -832 -196 -963 378 437 137 458 226 -60 -1081 72 348 164 -333 -65 -93 77 23 -340 503 387 -53 361 549 116 -65 -72 -559 -949 -394 -301 279 625 940 -172 -113 320 578 -471 -321 77 463 229 4 129 -839 260 307 764 -363 -602 -41 945 -241 -435 -477 -384 457 642 -465 -21 603 148 -232 -444 -442 50 -95 42 624 411 548 585 737 608 426 235 511 -105 421 -151 -211 -111 -230 485 -452 326 -214 131 -203 -56 207 -50 770 234 264 187 -160 481 452 -371 -340 211 -345 264 -16 284 -1005 -368
184 -818 -1049 170 -68 657 -143 171 -468 62 0 793 198 -732 212 -73 417 -411 525 -799 295 333 166 -302 -45 160 -806 -659 -30 536 -374 171 47 284 968 644 179 -352 -624 -99 304 100 207 543 -222 748 -483 366 -67 -253 -153 9 444 377 271 312 360 82 339 -208 -88 -58 270 140 -552 -954 503 503 -135 98 -100 -223 -406 267 -136 -454 -626 -140 -165 -35 1101 -771 -24 1116 455 89 236 95 383 21 -520 821 -29 581 731 724 366 -72 540 690 385 -685 399 -686 -172 -7 -130 520 620 140 -590 -626 140 221 798 -450 -412 -319 280 -648 334 -175 196 1064 -407 144 245 1500 129 -273 223 -596 333 25 -295 -284 -369 -47 230 551 290 -356 -172 -604 89 366 -247 -560 446 -288 -495 -589 -197 -155 216 331 535 234 695 342 -958 -81 -125 -453 216 -895 672 -86 -16 -463 390 -331 205 -306 223 -902 204 -65 257 178 -293 596 -39 -400 -1104 538 523 376 -135 173 474 334 -520 -420 -606 -133 -266 753 267 109
-497 -112 -45 304 199 -215 64 -421 115 151 44 126 209 -580 -341 414 23 -1371 218 121 -289 543 -427 275 -109 -468 512 -523 -355 -392 -428 555 -921 -412 13 29 686 376 123 114 792 -804 -709 -315 725 -115 -2 63 -392 -96 401 257 401 409 177 -66 218 -212 -292 71 -229 635 -633 399 -797 -14 -28 -119 -427 856 -311 -157 -727 -554 362 2 207 235 261 828 422 -40 428 1435 -198 -170 -103 99 326 443 -133 179 42 -74 -334 338 25 -143 -208 -700 155 -804 -317 308 422 18 -345 703 -483 280 -108 -184 -262 -710 108 69 220 -295 -86 -250 250 55 141 531 294 363 5 431 -310 448 120 -62 -1058 -254 -748 108 -82 452 23 -213 155 490 927 -152 388 -558 -551 501 160 -646 94 73 -204 111 -61 -179 593 314 -416 310 -41 -149 -4 -773 678 2 392 961 57 -206 336 -255 426 -451 314 350 -26 8 -552 270 1031 261 71 704 -321 361 -332 -532 191 -96 85 -209 -59 110 -9 -721 -159 -195 966 761
-90 717 659 -712 -486 492 -223 480 85 149 -338 -414 -412 -63 327 14 -146 -1 -215 225 475 848 -417 259 -327 672 -48 600 -691 671 3 481 21 478 534 -202 98 -382 188 -467 -156 131 -446 849 298 247 -510 -315 459 121 462 -55 -114 407 -142 292 -114 -368 -124 109 -722 -126 589 687 698 -34 0 160 -204 476 637 460 243 -1057 -405 -392 -398 5 303 -403 -258 588 -597 416 859 -95 404 369 -232 398 76 -443 -52 363 295 598 484 21 -762 -79 727 -168 92 205 -366 -51 151 -724 25 175 725 285 -1216 207 -285 -480 -294 60 -386 -1021 148 137 398 350 -63 159 100 277 -346 -14 -334 115 73 287 403 610 -588 -133 108 -12 -181 -270 270 -237 544 -41 157 -1050 109 98 170 -363 11 -278 234 -374 -244 -1002 -275 -19 -17 306 -230 152 178 423 -233 -318 86 344 87 201 -111 241 280 -248 -658 576 516 117 169 162 413 75 -274 -14 469 -64 -283 -134 389 -787 106 341 39 -32 389 138 -566 1051
-342 303 -257 -821 6 45 -68 -252 81 47 -33 -271 -216 -37 328 -871 -326 -1229 613 -491 -415 -47 232 -277 615 -826 -79 -509 331 2 451 -581 394 -173 192 -588 -167 551 239 -34 388 -433 -903 159 -594 860 587 412 346 -676 -116 103 9 -455 -1075 -197 -642 165 -283 231 342 -260 -156 733 -27 29 226 80 255 -53 -120 92 -121 -607 1161 -543 390 7 55 557 225 431 -562 301 656 -77 361 250 -698 303 -751 -190 67 181 -325 408 712 449 -532 -104 -251 269 -300 -618 243 -397 -83 14 438 1068 -347 38 170 228 608 -432 35 -87 663 -259 957 -203 -484 105 37 -272 -248 -811 298 718 -471 -540 75 -107 1005 171 0 -557 -193 68 -503 64 289 418 -424 1002 -407 -319 152 523 309 491 240 -127 27 -1212 73 180 -299 -308 -233 -305 269 -241 34 -284 -69 477 -90 -35 -10 -184 579 243 273 315 420 -616 -586 739 -1 -98 236 -274 -139 -119 -284 -77 -7 890 -850 184 -36 -638 128 -87 -736 -69 -400 11
-684 81 45 831 397 -59 227 353 -715 26 148 -722 -683 -6 312 257 -624 218 374 95 -68 85 -12 728 -552 -134 -18 32 -71 -581 239 33 654 114 118 96 -533 -688 253 -563 629 -229 126 471 -145 155 -455 -948 238 -717 -404 144 -243 -356 535 -70 441 -250 -617 -521 -211 504 -152 -700 317 -586 117 -668 528 -380 348 -112 262 -113 -179 -777 718 -252 513 483 -433 6 -187 -620 -679 270 -305 87 208 267 775 1 93 -489 214 -122 -477 -299 -136 -44 -334 485 -140 4 -120 295 426 184 -309 18 207 -331 -831 336 -475 -692 -322 -102 -252 -222 -407 -631 -99 -1033 -395 -326 582 -133 -206 -370 239 484 100 -427 -295 615 27 -499 221 17 -46 -137 -344 -315 164 -133 -52 -377 90 -212 -456 -305 117 917 -547 -26 683 -141 -793 72 -239 -22 -117 210 -345 210 -273 796 -241 80 -78 -258 43 794 -235 830 137 -266 180 -320 -399 675 -500 784 357 87 1050 -466 64 -15 220 -115 -524 -303 -191 431 442 -593 -137 64
11 -219 0 79 551 -241 -405 294 -151 -319 71 123 71 796 285 -875 272 -368 -603 -105 -276 348 56 239 747 -71 42 204 -621 0 -75 257 -72 334 -292 199 283 -740 774 22 -516 -362 -535 376 531 -441 508 388 -738 117 -11 60 -330 -65 1038 -668 -674 367 830 -505 535 -740 -675 -381 44 -73 561 -16 266 382 -239 735 1446 414 -101 -614 -27 233 -472 755 -159 -538 -118 -469 604 -298 -177 -67 141 -355 70 -176 65 114 -386 145 778 -781 -145 -886 -697 -222 -381 -754 -26 -191 49 -511 498 175 328 316 -94 530 89 122 -128 351 -653 -231 -114 164 466 -434 511 -248 299 -360 -1031 131 587 -206 -29 -107 -661 -50 -428 -357 -170 -252 616 136 -105 170 -132 141 -31 25 -1034 136 382 -829 -55 -177 358 -253 258 -331 724 592 -345 -512 -612 -481 30 -226 -164 237 -238 845 -481 1245 677 -535 -209 231 164 741 -596 78 172 662 686 609 248 301 445 -389 -172 200 604 -931 22 510 226 -79 114 -248 -198 -448
-60 326 -385 -821 296 267 234 713 49 -345 -649 531 -775 -51 -655 -367 557 -239 292 -327 -115 135 -406 -306 -400 -511 557 -73 -450 203 187 -94 -101 273 -263 366 -193 -410 710 13 360 -948 -221 753 624 169 721 208 478 -225 -137 -128 -512 450 483 892 45 285 248 -93 77 0 -182 -706 50 -239 5 -691 132 -166 -82 -243 -204 -33 -262 -538 -180 -497 303 432 1155 -451 -561 -7 138 -292 -125 250 -398 611 249 266 41 148 -708 152 480 -814 -341 -604 49 493 140 358 -475 299 544 -496 368 -641 492 318 -659 -516 -154 -239 287 151 -670 514 -404 369 7 -533 -520 494 394 -702 -415 663 483 -223 286 -705 -626 -206 552 444 38 70 335 314 227 322 200 -138 -193 222 744 -657 -54 -428 -7 390 122 -811 -126 162 -470 511 -42 -61 -221 -143 -488 -215 299 272 -194 -281 -87 498 -980 742 940 -625 216 45 -218 -258 417 -451 526 144 -32 -256 294 -81 558 271 -498 524 496 -14 -743 443 -187 -454 -56 -171
96 -846 82 94 191 -605 191 128 269 -364 -9 -50 125 -788 71 -214 765 -503 29 139 215 97 -47 -16 -442 -18 47 351 -269 -144 218 375 -292 237 451 237 620 590 -1123 -114 221 -142 -93 -282 485 299 7 165 146 662 485 157 -510 -210 -806 -92 3 743 -265 -157 -104 427 401 478 -343 228 658 -207 247 -43 -434 -95 -588 398 -43 -384 -1347 -426 -607 -341 65 176 -781 310 197 -385 219 -251 -56 186 -392 134 422 -482 -367 551 293 874 308 -193 592 -747 118 480 -582 407 -168 316 329 207 -333 -472 -82 514 213 380 12 -501 200 900 -347 46 -299 102 15 -154 -59 1279 17 132 -269 -185 -971 -443 -791 -911 -65 73 555 -272 297 88 -82 -651 -248 366 200 -456 482 261 302 54 -215 363 -132 250 471 117 8 -82 412 65 -373 -415 304 -564 -137 -481 251 -195 285 535 19 -269 -183 -357 238 329 588 715 -339 102 892 -186 -389 300 -145 -550 -262 -502 -436 323 -184 -82 18 242 -91 310 394 -833
-42 350 -524 -186 765 10 -1311 1207 440 -173 322 -406 -48 -1122 177 -328 -435 156 -330 -12 -274 -120 -97 246 -219 -994 467 -16 -162 -220 -32 260 -384 74 -1003 -522 78 85 -567 383 547 -209 -161 298 181 829 245 -476 152 72 267 -232 -167 559 -981 605 -496 773 10 880 -493 -367 77 660 -897 -299 218 230 888 7 333 588 571 354 240 -878 288 672 -161 -148 -180 432 68 -186 306 -278 -271 154 -497 -84 -90 -111 -248 228 -367 716 -11 -605 146 139 -387 316 -38 56 460 -253 31 -500 -296 -115 -372 950 -733 38 313 -137 -352 -856 453 -567 502 396 257 356 -142 -745 -923 -367 -801 272 -220 -702 -6 -576 724 -363 138 535 170 -15 917 -296 -566 -670 -162 439 54 -1040 568 200 123 -887 -299 16 205 -289 -37 -443 -203 -899 719 -151 1019 -362 53 286 -646 -95 -420 1061 -896 478 93 -805 444 -131 651 300 -130 146 -223 -162 679 301 -293 118 -122 42 -140 12 -503 12 -195 -69 285 121 556 -250 -372 -44
-588 10 93 -937 366 166 392 -744 132 27 776 399 -71 -192 -189 5 -73 228 -466 243 463 -679 588 393 -111 28 -270 -84 150 202 213 79 -190 314 -453 261 154 -299 -215 53 -266 -40 -382 179 -365 236 511 -154 -618 302 -749 -313 -122 42 -417 -509 345 121 -76 564 467 330 -53 592 353 -349 639 182 143 -31 -704 -340 -4 1428 -500 919 226 707 494 180 -47 456 198 490 -108 283 312 611 -431 -193 -373 127 509 -392 173 364 -283 -580 -266 -34 -288 -55 348 242 -635 -529 -979 685 273 -103 45 -788 520 -844 -29 -62 410 528 232 -175 989 10 -87 254 28 537 -258 193 -42 493 388 -183 362 239 -224 717 -243 114 -369 469 -112 438 -343 518 -482 285 676 458 -78 -88 -362 95 -500 186 -915 -388 39 -589 1019 244 99 193 426 280 866 -573 146 -404 603 119 842 -649 43 328 425 -75 -440 -242 400 -146 -255 -71 -291 -1127 198 -620 108 6 -402 -276 302 175 870 -98 -879 -164 -155 -425 -476 10
67 -366 374 -42 859 437 -31 120 -587 393 896 880 165 67 914 682 773 157 732 284 -502 169 -371 405 638 -721 -203 99 -1092 -260 -306 -536 -671 329 -958 470 -768 -371 227 678 89 -538 -565 -394 655 -77 508 172 660 733 -359 486 -625 353 105 918 -586 -161 -486 643 130 -276 -141 286 -100 278 -258 -463 -175 -289 -322 506 704 87 -862 336 -329 292 130 541 6 -290 229 -628 199 -860 -784 1177 281 -307 -613 429 433 154 -1202 -312 -299 -302 160 31 576 1110 436 -735 -504 -51 161 -592 -69 -197 554 313 301 -5 -624 -71 284 121 -410 715 147 558 -770 -199 -665 69 -45 -234 412 314 4 401 386 550 -157 -1178 415 -442 1004 115 398 148 -619 -337 -406 -734 -106 170 -51 -292 -152 374 72 1307 393 -466 -175 585 -510 -107 491 -540 -15 -118 295 394 -761 267 -229 361 -281 -255 271 245 836 -163 416 139 -670 1 -857 -541 -576 536 175 743 -35 253 -372 172 -281 800 -171 213 573 309 341 -194 -388 107
-716 -604 -294 -210 309 61 -226 163 -315 -436 -215 204 515 -495 16 -85 405 -99 864 -387 609 529 -189 500 -877 191 -269 -299 -488 1037 -107 759 402 208 -223 136 -264 65 351 56 -146 955 173 65 -201 227 -600 113 -361 -589 -232 749 347 -43 453 -119 -1268 -450 232 -355 -16 499 719 -553 -281 -435 -263 445 379 90 -886 302 -299 694 -409 -480 -275 -278 -65 34 -110 831 141 -226 568 -64 -461 59 -527 258 -628 149 384 244 269 183 -39 186 514 -378 -541 294 105 371 -831 299 438 153 -463 579 -245 135 438 173 439 -664 307 494 119 -634 119 -339 289 5 51 306 -268 539 -228 -343 -143 -104 -408 -643 401 7 436 -72 219 165 -112 58 -92 -715 -1199 413 -135 -134 163 -82 105 262 384 152 -180 339 -190 -173 608 -1011 640 -480 -30 234 -367 -1100 -57 -1065 -154 -430 211 -167 -273 13 -481 325 -297 -253 5 364 584 -165 935 -503 -787 119 -159 -136 107 189 605 -142 101 -134 367 -1021 -220 680 340 20
216 637 -69 -323 -214 522 611 -446 364 382 -40 -360 -886 411 240 162 93 259 -501 -187 -404 -174 144 283 -237 -892 713 -274 129 -659 -657 -875 34 -454 -144 -54 534 446 789 46 5 -237 -809 -618 212 -308 -274 -98 -146 648 339 631 26 191 653 -148 -70 345 -166 -345 -230 188 -30 -594 224 -333 -1103 171 616 850 469 567 40 -233 -336 339 115 17 -285 1000 -121 1248 -260 312 124 856 283 -494 -386 473 -293 -668 -45 -252 208 -463 -473 38 -140 -667 -2 294 0 383 481 517 -117 -45 -229 106 -23 604 -556 340 -12 -361 113 549 -157 -151 402 103 -177 -596 -145 -248 508 -642 283 -303 599 -157 -248 178 -294 280 436 -128 386 -889 458 385 -250 317 -77 -10 176 153 -454 -673 405 451 222 335 -376 515 16 76 -783 -84 -61 -130 -245 -153 -68 536 -128 250 207 -15 -407 523 -69 318 236 325 -358 197 -293 -418 -112 323 77 886 -910 -493 283 -369 620 68 376 -326 -139 13 -16 -512 388 597 38 -730
-112 112 777 221 17 218 564 193 -277 -41 490 -195 -64 -460 173 -219 -125 -151 620 -88 266 -228 -490 559 80 33 74 -316 -672 -101 28 -745 -557 -424 70 279 14 856 -247 -16 104 -524 -726 665 -882 -217 -581 231 44 418 654 -152 437 362 316 -159 -409 -157 704 -556 -897 761 -251 -141 -96 192 -516 379 -276 112 -58 716 61 -357 104 -487 550 -160 -310 334 -732 217 -802 -533 -79 -439 59 -916 495 -305 115 -490 615 158 -99 381 754 493 -721 233 -273 -308 80 21 -140 1201 -357 -678 317 -418 209 -201 438 -832 -358 224 622 55 -428 -451 483 -153 7 -850 369 -560 -249 266 -52 -158 -307 -633 -88 -26 502 -120 -121 -94 -408 -327 -225 -76 898 29 -295 305 155 -362 372 -827 -142 -234 50 349 -310 189 66 0 -358 -106 -166 83 -465 726 1057 144 -28 -417 -615 229 -413 119 53 322 -167 137 53 -623 -236 485 102 496 -208 438 -15 302 384 -438 -82 217 -296 -479 -497 -197 -866 -189 311 -363 222 154
439 -1124 -452 -443 -207 300 -525 -465 -568 -143 586 865 -582 -168 -230 -360 378 -435 -208 -644 273 -1002 -259 -350 528 -288 -522 -512 -44 -365 449 219 630 82 -560 -55 -750 -17 406 326 36 116 282 -709 -389 -543 334 -243 -506 196 218 -224 18 204 32 195 744 253 179 -14 34 -1343 -584 370 774 457 770 68 -322 5 -182 397 516 -198 -47 149 378 639 -297 47 -352 -222 -864 -29 211 -575 220 518 508 54 314 52 436 100 86 -979 -77 -95 -1170 -157 -85 127 -244 -63 460 -784 -470 -135 -799 64 493 -499 399 -661 -1553 241 -400 224 -187 156 -128 66 4 324 -80 133 -545 -294 -245 325 534 -628 372 -185 33 -734 -59 277 -58 73 229 334 663 739 0 281 543 496 -73 -279 40 275 -199 463 24 -220 -266 -519 745 410 27 -670 128 173 303 -286 -105 316 561 375 -89 -670 -228 84 77 112 893 -817 -111 -258 -8 -263 -501 207 25 329 542 -319 53 -304 88 269 112 -623 453 598 556 -753 -95 324
-45 -117 -170 -167 165 -310 426 -36 405 88 -490 -308 594 591 1197 -275 896 -23 354 120 -687 702 237 552 -458 353 62 -202 554 115 329 257 -305 -308 -462 472 -28 16 3 -62 250 -98 -810 660 -649 -371 -336 17 778 -646 388 -304 275 -130 -45 396 4 5 71 -293 575 -210 -716 202 610 736 39 189 -45 1396 -1112 622 309 -370 -248 -940 512 93 -521 221 -255 603 -379 -990 182 42 585 684 299 673 -182 253 -81 598 -514 -140 214 -616 -640 -79 281 133 43 -161 453 381 27 -14 -243 115 -371 188 463 720 349 -39 415 -275 -78 198 288 321 -228 -6 168 -209 -122 -186 -464 -447 -260 -70 203 -173 -239 -350 -273 -21 150 265 -618 354 71 235 -175 112 585 20 984 791 556 583 -362 89 365 -192 7 -15 -108 340 204 -207 388 567 261 293 498 97 62 752 -10 -310 529 197 61 -243 -336 -195 -266 735 -148 -139 -525 127 703 -198 -118 188 352 -104 -378 -1158 212 216 19 -27 -380 -2 -1264 -952
-126 -20 602 531 425 69 -640 -268 576 -267 52 -176 151 -470 -93 227 1050 453 -535 -80 134 -284 200 742 -247 130 399 305 160 -71 62 340 -832 -450 270 -239 -106 411 36 559 -505 386 358 133 344 -509 273 -179 540 -1136 41 -67 471 -201 -217 -238 -221 -230 -87 -65 320 11 452 145 -346 -75 346 -809 134 77 -592 88 -394 -143 378 138 -239 984 -352 397 -574 265 136 -397 -109 -28 -64 -494 402 230 -543 253 587 -516 -125 22 -820 -81 17 667 -36 364 749 -225 -97 532 230 -556 -19 -178 200 616 184 2 308 1044 151 239 313 -464 -888 515 -75 292 358 374 125 937 -679 -209 801 -134 99 201 119 22 123 -98 -635 514 -998 219 263 -166 297 257 -31 -457 -606 239 217 -257 -15 -574 -1183 18 705 382 -231 798 -840 689 89 -423 80 -732 514 -264 78 106 -378 -435 -602 195 -44 -1016 417 -294 105 453 113 87 513 291 -196 30 -438 225 -441 -289 -803 -378 159 -62 187 -1160 55 41 183 604
278 -290 95 88 -199 869 461 -325 -604 -128 204 -24 823 249 -267 245 -541 393 -290 286 571 368 -486 49 -873 -42 -61 276 190 -833 662 13 -366 94 -738 418 30 -10 129 401 -329 339 441 190 -599 209 -205 1 763 494 -807 -33 374 41 526 191 958 -283 211 165 -432 605 -470 -835 329 357 435 -132 588 -334 -402 -295 -164 802 -242 -125 149 194 -493 1225 614 147 -87 392 -210 -76 26 51 -244 -245 164 -927 344 -202 72 -233 1044 1162 -943 -71 -253 390 472 -467 -199 636 546 274 -64 -373 464 90 -222 275 545 -542 293 -344 -859 26 -581 -692 -52 -492 40 49 203 345 -82 -52 652 -333 505 299 26 392 65 99 -52 385 -1225 231 434 -15 191 -255 1251 -551 309 34 -611 356 -472 -102 324 -202 660 499 -367 473 75 1080 -438 -282 -736 243 478 708 98 -23 355 -294 -635 1042 159 -475 -854 -465 -601 79 468 -265 -148 363 -595 474 280 -307 828 481 625 178 288 -611 -597 462 33 564 305 -466
-191 79 324 500 -119 -302 -69 436 192 457 -7 162 170 636 -121 -253 307 -112 204 122 -447 -424 -21 655 -589 -220 -384 261 363 243 -271 -663 -759 -49 -399 -619 -704 100 1129 703 -138 -408 -4 299 -382 -33 252 -249 114 426 -395 458 262 -603 -263 298 -693 368 -114 -215 659 -84 -140 -146 -363 547 -693 19 386 -227 320 30 -415 -594 -96 443 -185 352 -442 371 -256 169 415 -7 282 -487 374 -885 402 286 -270 -330 -283 255 -670 -256 427 -97 -963 -111 -1112 -45 -753 -238 555 32 200 292 -192 -662 752 1408 -29 -63 -401 121 558 287 852 -757 -140 572 -497 -822 209 -75 -270 200 310 -679 -75 -220 572 -459 292 -513 270 503 -108 -270 -98 349 705 277 447 859 -148 -431 1089 349 535 -214 70 -632 -204 358 398 -392 -844 804 -402 -387 314 192 229 -290 628 36 571 -263 424 -106 -964 122 -232 -224 -403 254 606 517 -429 -509 17 -47 -103 -397 -436 -293 373 148 -80 -384 1034 -179 119 -179 -21 -224 -516 -365
297 -344 -112 -162 10 57 -229 -52 -336 397 207 586 -66 -790 418 -122 56 506 77 -298 -182 -287 -659 308 286 625 -298 -72 438 262 -23 -203 -512 393 -303 -149 -252 -250 -314 222 -453 -295 -224 -203 -306 -36 172 -249 -109 38 -1030 445 278 137 42 -502 -1102 445 -719 -335 -156 764 -170 120 -912 -329 513 618 -49 -56 -298 -24 -383 52 -539 197 -164 -76 357 -396 133 -394 -257 404 -661 251 -542 169 242 185 -390 409 579 -289 -385 252 -272 -430 494 -283 348 -60 -202 195 -349 -243 -44 -184 865 -878 -442 -857 112 -110 -412 605 -2 706 232 83 300 -331 -427 567 -355 194 258 140 -206 -96 645 -275 280 445 -410 915 691 -151 -542 283 133 -209 -830 98 490 -288 -294 -246 42 164 396 -245 -367 -164 -641 -541 -285 595 36 790 -599 -225 191 -178 177 -944 473 -24 236 -1085 -528 -368 -673 -30 1020 -288 708 107 -98 -107 177 -245 74 564 -4 387 31 413 -88 103 201 -77 -9 88 -906 769 -346 332 716 -308
397 447 -317 -717 0 320 -864 -47 54 243 52 255 362 -139 961 97 -145 -401 34 -87 -68 -80 -600 -516 724 208 -240 33 206 1114 187 -806 5 -1100 -3 53 -488 599 626 595 -3 -275 416 -423 737 301 -58 456 -213 -167 432 -76 217 772 1013 -100 -608 -464 865 509 -473 153 -139 -824 473 -702 -11 789 -156 364 210 644 -495 -549 -482 -87 -38 -1013 -637 -93 386 563 -336 -211 -327 -351 -415 -429 357 -327 -905 306 -973 450 -47 -169 -617 688 537 -249 488 -164 -50 -154 293 227 -433 -197 -128 627 -662 -336 -181 -103 488 -92 -539 -133 725 -807 -156 -557 354 769 -47 663 172 1095 30 182 147 -415 485 846 1097 -260 -470 -608 401 -126 -978 110 -200 -562 531 363 -92 381 39 38 -334 -261 206 340 -452 134 31 728 58 -625 348 -1177 -540 524 -24 -11 167 -428 -447 -286 178 -62 417 184 178 387 198 215 -328 -209 -465 -507 -286 233 -76 97 388 1302 488 -516 -85 731 -1403 508 379 127 409 -358 124 -150
-503 -334 971 1241 225 -776 255 -443 -297 -359 -373 23 155 376 331 -458 -352 216 421 -123 -235 -145 185 -24 -246 -11 484 -378 105 -405 43 -442 927 -254 -201 -31 -607 -749 590 -59 17 790 -460 -540 9 -65 120 395 166 -528 202 -27 -520 -606 672 -858 403 21 462 -137 136 -385 63 40 205 -126 -236 -143 720 -455 -1026 -845 -323 245 -121 47 28 -401 19 237 393 -183 171 -9 -36 240 97 -291 205 127 298 -287 213 -64 -632 26 -508 440 -657 -467 -402 419 -299 157 196 -24 478 -409 -43 -56 -400 38 127 -887 -23 311 313 -325 -71 841 440 293 561 -86 -474 -325 -68 -433 267 -563 -742 -311 -531 -85 77 496 -240 -166 -261 84 -363 -525 609 83 -226 174 -86 561 -1145 182 -457 37 -98 271 434 -269 211 -1068 -175 -68 -674 68 -59 -684 -699 -160 123 -25 -274 -209 -650 -342 1287 -553 -407 472 -233 -454 -375 258 98 -356 -194 -444 -382 -132 526 -615 -309 -240 175 290 301 -507 -164 347 -996 -81 178 457
9 -9 -451 -112 662 -465 -317 12 -35 216 275 -192 178 -443 590 -125 -184 -565 -151 536 39 175 126 -149 -354 -389 342 218 -861 32 -288 162 -475 110 -618 265 392 775 -399 -559 893 -414 646 -693 325 138 555 -352 52 653 327 5 -573 31 460 73 -200 313 -899 544 552 28 239 60 -370 -157 -262 -283 193 -225 214 -435 -429 109 -358 333 -136 402 -148 -196 44 -281 317 38 433 -144 -214 -177 712 -12 123 619 230 -432 -166 -432 121 -70 -66 -263 404 705 -4 20 -146 131 679 18 -194 165 309 77 250 139 185 532 869 400 277 190 131 179 -746 -312 -240 488 308 669 -325 671 456 368 744 7 12 -953 250 249 529 81 362 -219 -491 -882 -135 252 471 319 -133 -116 220 179 -190 297 192 198 -683 -229 388 82 211 561 719 124 401 98 -703 -105 728 -7 -329 112 594 -347 -61 -53 -453 -390 -110 -564 -478 -169 99 837 330 829 -52 -236 183 -236 -362 421 304 -35 -363 51 -310 578 92 -116
190 262 163 15 398 -574 82 304 -242 527 -159 -350 -29 107 144 -618 -750 1048 73 78 -381 477 399 389 -231 -13 -272 -858 247 449 -245 217 -244 -479 -195 -390 -14 -98 -167 -141 185 -422 -194 95 -683 223 -385 -149 373 -50 -289 112 227 -577 22 251 53 -276 266 193 212 300 -547 -153 -764 -207 -605 -118 72 -271 -497 -230 -502 282 -180 -793 441 13 -410 -444 846 -556 657 -223 -252 388 72 -276 41 -18 475 560 94 663 810 -270 -348 -402 -865 105 -569 -373 -1011 -576 203 668 -72 400 4 268 -165 -443 792 189 -15 824 625 -131 -39 -799 489 -638 -567 119 -254 -230 -213 -316 -614 -345 412 -294 56 36 412 385 -188 48 -391 229 84 833 -278 -510 -61 534 239 56 788 -115 -206 -498 -223 -181 143 -136 344 334 -230 -100 252 -130 256 -306 -286 -666 748 -706 -374 -317 95 -1099 -963 619 -85 -19 -857 -219 -62 479 439 303 -177 -590 362 -266 39 206 -8 297 1 335 241 170 -33 251 -332 167 155 281
-721 -189 -227 -442 79 -752 108 -227 -174 -378 -775 775 23 -318 -436 -62 -235 328 -34 -356 -221 160 -189 135 210 349 -129 -141 -309 490 -401 -187 578 -29 -541 -133 459 448 265 -895 -28 -125 225 -132 -346 -128 391 -569 -302 154 -903 -288 220 -288 439 -659 187 519 -241 -548 -490 -217 -450 11 307 518 -650 145 -59 387 -471 -411 -221 412 0 105 -34 -716 412 -716 -167 43 518 93 -177 170 118 546 490 150 605 -16 239 814 157 -626 -7 -340 3 -432 689 468 -101 260 244 -124 543 772 1150 -403 -485 981 803 -211 248 341 -165 -202 170 -62 -147 606 148 1030 -744 195 -332 -366 -557 -368 -273 -313 -459 143 -493 444 -71 123 -210 597 201 -402 32 -39 542 -276 476 265 669 684 -33 205 467 -413 -278 285 -39 194 -290 321 -762 -401 -326 313 -185 426 78 467 -381 90 601 7 87 -97 809 -473 -133 -14 146 -402 -850 -209 444 -62 -518 431 -389 -578 -162 -966 223 401 -95 393 293 -200 -646 -157 -339 -565
233 476 474 -303 122 -483 -414 253 26 199 23 -326 853 371 -278 -69 -327 -70 -277 -223 277 619 -96 -11 518 680 547 -438 -362 669 -334 -345 -67 312 284 560 192 563 16 -51 525 220 458 199 -313 -87 -404 -140 566 -281 -115 81 -448 788 56 -591 -708 163 -332 -67 -898 -305 -70 -563 -717 353 -386 -749 274 88 -131 -367 294 -284 -1303 416 -107 -158 121 -215 -44 132 -71 -78 761 -599 508 -386 166 -53 17 145 149 76 -359 65 311 256 -326 -758 -484 -702 76 -445 5 -295 114 -386 385 -169 13 -483 441 593 171 339 156 296 105 -460 70 8 332 478 -285 59 301 -728 -223 326 -179 -43 658 247 408 -798 -252 -232 -428 251 -204 7 -268 182 -216 309 -403 232 87 -46 -189 60 -509 295 -3 252 -155 280 196 -71 -505 171 97 289 -863 -122 -442 -650 -138 139 16 286 57 -98 878 3 -525 14 462 45 -629 -305 308 299 529 454 31 -270 63 -115 211 -519 -184 631 -9 102 -384 362 132 -674
-121 -511 457 -90 -246 -296 -233 -529 282 -393 -247 534 481 227 -70 258 654 109 -324 6 -421 -93 184 435 89 600 -463 -756 191 315 -642 635 219 153 -638 -152 -398 170 -335 653 148 -1 -113 251 321 -572 39 -380 -271 268 104 -124 -891 -446 103 373 241 -595 437 -28 293 -1142 -432 -782 -88 273 753 -213 425 -200 -634 772 -65 -53 -454 742 -564 1182 360 -312 -504 551 177 -343 4 37 -118 -78 -241 -375 467 -244 -154 213 282 -893 -484 -231 254 -308 -186 137 445 397 -72 -596 -264 -720 -339 -1041 313 -32 213 -225 -10 111 -138 359 -420 357 54 -148 218 308 441 0 -175 -261 403 534 246 140 300 47 -40 -202 -760 425 121 161 -66 -723 -66 93 565 -195 344 -160 315 -472 -490 225 -345 -215 -341 282 52 -89 422 -319 -281 -494 -138 -240 -121 265 250 -70 119 -505 -321 -322 -597 -106 -880 888 285 -518 186 -1674 186 -290 -478 -364 107 -835 -453 82 -471 371 212 218 310 -76 170 -1088 274 467 -236 355
388 188 150 -31 -155 5 18 -398 221 -378 -137 328 690 28 31 -36 231 -247 689 472 -635 -236 -660 166 344 8 -478 130 -403 -588 183 -1101 -246 -17 135 506 241 859 556 -321 382 243 232 114 -620 157 104 29 206 140 -847 -423 -50 -315 437 -220 -1 293 -87 724 -61 394 -29 -112 -300 319 -704 377 296 -157 222 40 -575 -484 29 608 -200 127 -420 -69 -130 6 187 173 251 -522 395 -195 -228 -69 -312 196 -317 -51 -576 628 679 31 -594 324 125 -956 320 -1277 -350 309 -201 1326 781 -287 59 -13 597 1017 -341 -281 365 -236 18 301 212 -851 472 -468 -267 -352 347 188 1142 -273 -819 516 277 -419 -161 -148 -29 -488 298 296 520 -706 -128 -682 468 19 -25 -37 -382 -433 209 -32 -340 42 433 1458 -236 120 -494 -195 557 -28 -1187 -30 -211 -216 520 1099 -305 100 541 -438 124 602 513 -289 -52 178 -314 -12 -289 252 -688 -179 0 832 -112 601 -1029 310 -165 454 -797 282 158 304 -401 222 11 -76
843 617 -110 -202 275 160 56 237 285 384 -111 -1137 260 636 -43 4 -385 -540 -133 475 -178 -55 318 587 -189 -56 74 510 -147 -2 -1137 288 -348 278 -377 209 58 53 157 651 311 540 380 -196 -674 -474 -104 421 375 321 -311 -171 -83 621 -563 546 87 485 -16 36 -725 -101 -500 447 62 -197 520 216 36 12 532 740 -893 -686 376 -312 190 -458 246 -18 -831 -202 -692 -147 426 532 -144 101 -452 36 317 -108 254 32 1215 510 652 176 -6 156 34 -245 19 -458 -525 -847 174 -512 577 -170 -206 258 -235 -622 -58 -347 -686 110 57 -809 -464 -72 -707 479 -42 112 -23 -271 -393 -65 -165 -892 15 -77 -184 302 521 440 137 -135 -141 -80 -314 -112 -268 -75 473 41 104 -499 480 -373 165 173 -33 -361 -131 -17 -35 -344 464 -36 107 -271 -51 -719 -166 440 -458 -74 201 662 -398 -179 -180 -44 -391 -115 320 1112 248 -378 847 136 -57 894 -49 1092 -715 -131 -29 -407 397 412 322 211 73 -106 811 -656
