400
277 -197 1645 180 -229 332 -226 116 1335 -404 791 2 321 322 -527 -117 161 -173 -244 -1023 -406 794 25 1105 817 950 413 687 -1109 -723 279 -548 968 -542 -76 836 -505 -1299 -48 604 656 58 562 400 -361 882 -1 62 -253 135 -1036 -121 -181 -738 -135 -18 -786 471 -403 289 294 36 553 -50 52 356 -91 680 944 342 978 -555 -320 -299 -299 -286 407 98 614 -1409 350 396 566 706 -409 649 -156 581 206 177 382 -832 -341 585 -292 1719 -247 -488 35 282 421 414 896 -243 722 -319 236 740 543 462 24 416 469 401 623 -357 -377 90 -186 455 831 -299 -461 -1050 1000 -4 -616 903 1360 15 78 2089 -241 230 416 -397 -925 -385 209 353 -426 -100 -810 -858 -65 292 519 1299 734 -1124 578 450 -331 664 99 -275 525 -1033 679 173 586 279 5 -779 -24 -57 1275 -703 1071 -433 175 275 -326 -416 479 1750 53 1037 729 -342 -926 152 351 101 1421 -423 -449 379 648 714 894 22 -514 1082 -500 -832 -1277 -368 -439 455 834 598 -261 -499 -1450 1118 -154 778 -835 1352 531 16 -413 463 99 130 44 -18 319 -335 -114 243 -244 572 -932 257 502 846 224 123 251 -284 -72 -182 522 -90 756 -621 -1540 -227 -452 538 -126 195 412 -384 -680 -481 -132 481 238 302 139 115 522 -495 -449 186 486 1287 -165 -764 -302 -235 -797 -290 -160 272 110 -1134 97 -646 -1131 277 86 782 -82 -742 -256 -443 -281 -603 1006 846 -3 -32 -226 -53 -162 -933 1053 -60 -97 -797 310 -71 376 984 -853 -1103 62 -683 324 808 622 -426 452 -366 -754 -624 328 -199 -377 -1056 -387 178 314 -140 708 -599 452 791 -641 94 -287 203 199 710 -1213 742 946 -226 -468 29 -47 -328 -396 -840 657 528 230 -1432 26 -1205 380 -748 4 -244 194 -705 186 -797 21 -188 307 111 334 -173 68 213 1195 -4 -1541 -640 -858 -326 314 316 395 350 199 749 653 -184 -757 943 -516 1049 -498 -394 -368 -284 -1051 268 428 -473 -689 -581 -358 -59 118 210 -70 480 245 622 604 -111 -326 -300
-547 911 -710 -321 -635 821 -527 -157 -682 207 649 -237 -42 -338 -552 -304 -494 -1338 8 85 389 1347 926 586 654 1330 284 291 791 792 365 276 -143 568 -243 874 -88 460 -117 -197 688 -369 -473 -752 1296 911 -180 -1121 93 907 146 11 -21 -92 -785 500 -109 -512 396 -610 1430 -223 -1130 -865 237 -259 432 -1059 -568 -1118 2 735 172 -309 -111 -12 -870 84 168 -367 844 -227 541 1189 -441 -567 -650 -50 260 -755 -1151 345 1206 416 -1122 -335 64 806 642 219 -283 773 -45 -137 -315 594 -370 1199 41 -215 -184 1424 -1247 69 -234 634 130 -22 380 299 -294 -311 450 -419 990 -276 -514 -893 321 -618 827 -63 -716 -79 -162 -118 635 108 -218 1024 666 377 -559 842 -539 249 -778 1288 -616 819 -501 246 -20 -138 825 -1097 -876 811 -146 537 527 1474 -368 263 -749 400 840 21 -157 291 -508 -824 -295 422 -88 -129 -1216 -27 1141 74 691 -241 419 640 787 157 -125 -584 802 -419 426 -981 217 -238 -977 126 268 -211 817 1886 1253 318 -199 -69 -175 77 762 197 676 -1028 449 120 -991 70 -807 46 -149 919 -353 -256 1333 -86 1322 -385 757 530 -87 686 -99 -464 -673 -70 102 103 1304 615 -478 491 854 -124 -863 -101 225 -647 -12 -645 465 -614 1019 -238 1232 -230 -89 -1853 32 -211 266 -638 72 1001 -105 340 484 128 63 -1852 -199 -886 -1145 -1950 -931 -1235 972 387 -133 431 873 -333 -610 -49 -82 -426 -268 -647 247 309 132 83 -1428 302 627 -447 -269 882 -4 75 610 -625 319 533 1377 -935 -431 -161 -21 128 112 467 10 136 -278 -63 -639 -688 957 1170 -253 -747 338 96 23 564 848 136 -50 10 -145 -339 -1 399 -883 -649 -1365 -301 59 -1408 -1016 -121 -407 557 -537 -224 600 594 685 -58 228 -51 996 121 -79 376 -916 57 507 826 113 519 -422 266 57 318 407 -21 218 -488 1108 -560 -130 493 -456 -882 8 437 333 -445 999 714 -643 404 57 -254 213 -946 -139 43 -402 1201 -533 660 264 555 131 -1252 341 720 102 -119 -622 76
-553 -430 612 -1150 81 -957 -283 -864 -1324 834 630 256 -1068 356 530 392 389 15 126 615 850 435 -84 -560 63 246 268 -276 69 -102 -428 -548 410 -92 -46 155 -884 -194 -33 286 -444 205 -227 63 -1443 -11 180 -844 319 402 -335 -296 581 -965 -1107 -1076 186 -64 -92 -665 149 750 -622 863 -577 553 -402 420 -104 216 -250 1059 -404 330 973 484 -532 -233 927 -115 322 1049 1186 842 -597 -15 -520 -261 859 -1125 1110 -1472 589 234 -692 -39 24 -599 194 224 -551 -3 204 -285 1249 365 -465 52 1706 -390 278 821 618 -208 127 -650 -320 -275 176 -277 481 -441 -31 -688 63 -946 -949 -82 -801 454 11 -5 -816 610 -275 -1590 1311 600 -1105 -370 -62 -453 -86 -655 494 -19 52 -612 -158 145 640 -784 -855 -317 1235 1023 -462 -676 22 78 -469 -280 250 -965 272 -264 -411 -974 -338 -605 -873 -1035 403 -375 389 759 1018 -490 -661 -450 -732 -623 -8 -111 322 240 -363 950 375 -1007 -78 -594 789 -349 -511 274 -526 68 511 -126 -1136 -265 236 1188 115 -274 689 -685 -733 -336 183 -211 234 545 334 853 -1252 -104 -230 185 547 -883 1172 567 226 -1218 327 -612 -390 -268 -289 -403 124 -269 1123 -435 425 -465 446 -15 -783 587 -1003 -22 -478 565 1085 1196 -604 -820 794 -1473 -419 -338 -484 317 826 113 -869 338 521 -155 -328 606 182 20 -66 -531 -448 -67 -305 -1316 374 1441 201 5 -262 -1008 533 -332 628 567 -274 632 -222 798 1095 274 -667 -705 117 979 -1071 -641 -630 -955 384 360 608 -350 -444 35 252 -339 -554 53 -1401 -147 -209 -214 -696 1047 216 1081 55 518 636 -412 125 -496 -229 254 310 -687 -1075 1211 245 671 387 -732 683 279 -823 -518 -871 852 -651 -562 -871 286 -30 321 -695 -774 -843 -630 -415 -133 -351 963 331 -299 160 -41 570 -797 -138 132 268 -317 -903 -776 -915 -564 -171 -335 -482 1358 -608 -384 -25 -549 814 -1220 -935 -521 415 -682 -48 1264 52 -376 101 64 235 986 258 -147 107 104 647 50 285 611 335 -230 -228 -587 -30 111
-149 -83 -320 -319 246 -198 322 359 -348 -553 -795 227 -1015 -252 -213 -325 -457 898 267 -87 -1225 -789 216 1089 441 -728 -48 164 1046 1079 -357 -145 -133 -375 -635 719 422 -564 340 -172 77 1262 668 1022 -94 1264 729 872 627 1486 -493 -554 655 -678 283 739 90 389 -870 -473 -183 603 430 701 -527 -174 1104 85 -725 694 763 -1186 -382 -251 40 -288 -489 -46 -495 -559 668 401 -302 692 -89 -129 -139 -1728 34 -104 -506 117 349 305 683 462 838 -32 -439 -252 1009 -343 122 -646 -1256 -55 260 -360 -1078 182 -792 256 -133 164 8 -1383 -502 856 -1067 988 -479 274 -978 434 -412 26 -102 -107 -684 310 1180 -657 -1230 -969 186 -102 -681 -313 1419 610 -388 -375 -217 389 415 -468 296 1075 -740 -675 -3 -1095 31 170 287 -544 -152 395 -386 -1328 -960 -218 10 165 402 -183 -1177 -205 384 273 -155 1195 -630 290 -125 -56 -665 325 -365 122 735 904 -429 -26 1904 495 488 125 -372 -215 -423 -413 86 274 -74 1802 -208 246 50 668 1221 -148 -705 -104 288 -384 575 85 -1433 1270 466 -632 -511 -334 629 382 -965 115 223 579 -362 580 392 12 110 -82 4 309 -667 475 -476 -17 -635 -431 -297 628 98 -238 92 164 -609 247 856 230 -230 287 977 -891 -44 -50 131 -476 702 759 1353 -267 -656 172 -358 924 -70 -13 -1249 71 -282 607 -337 -559 -601 -53 -835 -90 -15 -743 -282 -673 -188 1539 246 8 -203 219 716 -357 -367 -247 -1517 -138 -594 485 -4 210 -23 -211 413 175 602 685 -291 -1 -492 235 -109 -1086 1319 68 85 -504 251 -449 97 -471 -320 -373 -800 -68 -824 -756 639 1322 227 279 -389 -168 356 -67 28 -170 229 -470 -139 -1725 102 1380 -475 493 231 -400 606 22 -55 1417 -1008 -11 -163 318 57 125 -372 473 -1817 -38 167 -894 -29 770 456 -161 596 -1086 -735 -255 38 37 -1319 -1206 563 -251 880 416 -304 -260 -161 308 -956 -827 140 443 269 -1817 1041 -84 -160 196 213 -341 -567 1145 -175 38 329 237 499 -1408 -493 171 -57 927 91 582
-637 584 788 758 163 35 -392 -446 -44 -53 56 374 -54 -242 152 -1222 304 288 377 -321 257 967 -152 -219 -39 -50 598 -219 318 -604 -378 130 714 693 363 531 316 -608 756 -201 -293 994 419 -291 -2227 -1686 -507 -38 503 195 50 1559 -64 -214 -1009 -966 613 911 80 -662 -591 578 -468 95 -456 -153 535 -336 -321 -1055 843 -457 -104 -795 -59 -198 753 1017 116 -346 -305 663 -610 306 -172 553 284 -287 202 -984 -1726 203 -291 119 -673 -61 539 957 -916 930 -99 647 -822 -422 256 -935 206 692 -48 -520 -411 -397 -356 -279 109 -1048 -426 -502 -205 -263 544 228 -290 -788 393 -149 270 964 433 -216 139 -293 1782 322 -187 -224 443 -832 779 254 -315 338 -536 252 -654 -91 -384 200 429 189 -96 318 -1083 -386 -317 -245 647 -1049 -587 673 -90 -65 -1066 955 1161 272 -1099 652 -359 713 -524 -1110 196 -567 242 470 -98 347 669 -200 308 967 -166 1119 1071 1199 -60 -359 193 680 -486 -753 -874 282 -71 -96 -67 82 691 278 -161 273 203 -23 49 -279 -330 317 752 544 -230 -205 -617 247 -1068 783 -266 -74 -783 169 -588 112 -253 -91 -123 1951 -1200 -83 985 -110 979 -226 1498 -1332 -836 -672 358 -866 -1214 -1006 -272 -429 -449 -142 433 -341 -654 -1100 382 -60 -414 370 178 918 783 -350 105 -180 150 817 630 1046 -1041 -1091 -1365 -263 -753 277 -202 -704 -264 848 595 -335 1028 -414 -96 -62 991 683 -414 -819 655 330 -252 -822 -108 -799 291 97 -31 -358 510 554 -4 -659 376 -175 -183 307 287 -1 -215 -546 221 764 -186 -4 -331 -1276 -35 -768 379 -363 -162 -812 127 32 -685 232 391 288 440 161 1110 193 814 -188 -248 -52 -29 180 -394 -35 -36 -239 -82 67 613 -1602 413 596 -962 -76 139 264 -768 822 682 74 700 -30 -808 751 403 -171 -229 510 108 -255 -466 -737 437 -1121 327 -1061 785 -63 696 -585 416 -292 -462 -260 368 -75 -1705 494 -269 953 361 -1542 -176 576 -534 857 -336 1130 110 599 510 46 711 -160 660 134 2 -241 410 -853
-123 207 -419 -121 369 172 489 -289 565 -235 469 484 -923 -382 -160 -628 -1085 -196 -257 486 34 -197 -92 -240 -316 429 618 -480 655 122 598 -24 710 590 643 841 899 -133 268 -116 1078 -810 201 -904 -1740 -9 -587 169 185 35 -15 -1252 48 774 -357 685 129 782 923 355 -146 -97 -58 -181 -403 555 404 -396 1132 67 -435 33 -83 688 576 682 190 -169 -681 9 -198 -678 195 -32 -334 77 290 -376 264 827 1231 -137 -53 -254 -10 -721 -806 -108 -572 -271 101 209 -50 -965 135 663 495 128 -195 413 -846 -1121 688 -517 -219 292 669 -593 251 -213 -445 692 136 801 -581 -110 29 -31 -315 177 -244 657 60 993 -371 -771 212 960 108 -1316 665 571 -82 -40 378 -38 44 91 665 827 -364 -371 -477 -357 -1119 391 -1120 -662 -1057 42 -86 671 394 -134 -32 401 272 -662 -278 -1276 -1004 -231 -141 -25 392 -19 914 406 -42 -662 349 36 721 -134 566 1218 298 -337 1240 910 -326 93 575 266 -363 136 1613 -712 -1232 -536 -165 735 -344 427 708 -103 100 169 847 -639 1035 475 114 -145 613 -88 -165 -645 558 406 164 -511 538 -217 -365 -165 -180 436 270 666 90 108 -274 -363 321 -258 476 -184 -386 283 1259 614 -336 -229 -784 430 -785 -388 234 332 149 670 17 494 -1169 12 147 -932 354 -349 -180 -449 -81 432 137 -818 -148 822 916 691 -981 -412 -235 -37 -1228 1 -1017 -173 130 916 50 622 293 -345 593 305 24 -485 797 220 -860 623 13 -446 1432 -470 -558 609 172 1171 -289 -9 -802 -493 -219 69 542 -275 -91 71 -47 -261 410 32 -109 -590 -812 -451 10 -34 -626 292 833 159 -449 350 251 -155 55 -652 378 -119 -186 148 -547 1060 -372 -252 755 -2146 610 187 573 -207 -2 -339 -939 58 177 623 -70 -329 -284 108 -327 215 598 -85 -236 672 -190 539 -185 -550 675 -134 -298 -909 -177 105 -455 -888 367 -53 1374 242 -584 -944 161 781 -109 704 405 -271 -418 -168 128 -15 711 -583 -802 -117 326 -405 191 982 507 1491 -52 -113
223 120 -159 -295 108 11 54 -856 -453 235 -683 -392 335 707 -57 -493 -789 -322 -122 -292 818 -1140 -344 54 889 899 -69 -544 181 -25 30 303 7 251 654 -287 -143 -871 -1556 -1024 -696 135 364 -656 219 1362 468 513 996 -799 -8 -1002 -528 74 1002 1301 100 350 -931 141 -122 -605 -7 1541 -37 21 116 -48 216 141 486 776 125 -849 -65 -31 387 80 -195 775 216 -400 1289 417 -325 -487 88 -383 -1157 543 -353 121 -720 464 247 -318 689 173 -362 -455 27 529 1368 108 -1136 -188 238 -787 -345 -52 979 7 1642 -528 -192 323 -504 -315 325 1059 -62 295 -1172 11 -85 -19 94 -720 657 601 256 -131 -80 -965 523 463 1132 -967 711 -650 363 -530 33 -379 -2 293 -351 497 230 467 861 -481 -1043 -854 -201 406 591 446 1154 768 401 222 167 715 341 290 595 -99 -1198 -434 63 -435 -118 -415 -565 -33 -604 957 -462 363 -223 -718 -347 186 -1492 -337 -259 -748 905 -710 68 -1830 52 -284 187 242 -28 -787 278 783 529 197 704 1263 -799 -365 110 -1017 -908 217 -800 -671 112 -146 394 204 -124 -635 -379 921 307 -552 -160 -858 832 -1097 377 511 -727 856 -155 335 -336 -683 -463 812 -381 411 -490 -726 -703 -161 678 162 -446 548 -481 -1345 -539 447 -795 432 -169 69 -241 79 522 387 302 -894 773 1349 -4 790 1087 -74 -46 -935 -220 1214 344 606 -308 -600 -496 -862 512 -113 264 1129 -837 -977 -1457 -154 -218 -23 537 -961 586 -268 -382 137 628 408 1387 -85 -635 -632 -550 754 -1070 -1185 319 438 740 -351 -136 -945 -376 -117 -248 -76 463 694 -108 -132 -393 -100 -37 85 -321 -228 -979 544 390 243 1626 -889 -1228 162 -789 270 -1325 -654 -773 -509 764 138 -548 -662 125 -1220 -139 -1 -762 -392 281 -217 543 815 -272 -372 429 -262 883 404 -344 166 406 -464 231 -81 -406 235 -462 -924 -267 -159 -1173 -1175 -280 112 1148 -1216 167 362 -1850 6 948 -1178 -1150 549 276 765 -187 230 580 -239 253 203 717 -400 -822 1048 -427 -300 158 -420 200 -747
1125 592 1362 236 -197 -694 266 -396 52 -418 -34 112 -363 -740 496 931 1362 745 567 1122 290 -1187 700 99 328 -757 331 424 167 -169 218 -457 533 142 -1024 193 -186 752 -131 774 453 649 221 236 -492 -376 -449 -156 -42 444 -166 -438 477 -281 -369 455 -376 719 -636 -342 -293 -1010 559 148 262 121 14 -206 447 -666 -879 143 -525 -857 -24 124 -398 12 -315 147 195 494 -502 -838 189 -629 371 -67 989 -386 211 1271 -497 650 438 273 -888 698 -162 -467 800 -1024 270 337 628 -477 794 139 -210 431 213 708 -51 372 144 -158 198 648 383 63 -406 811 -911 67 -440 -551 94 -79 -809 -967 1067 -254 271 306 -149 -643 -1221 337 -687 207 466 -112 133 102 -38 -41 -196 -12 186 -176 -799 -54 198 317 280 -144 84 618 -299 131 -159 484 -377 730 791 481 -957 -391 1541 -1410 -337 293 194 31 -339 288 443 434 762 842 423 510 -32 3 819 436 1483 678 775 -471 -641 182 1559 -531 -322 -371 787 351 -1264 1251 -396 -202 -120 -372 -214 434 -138 705 378 -603 508 38 112 891 613 1311 -152 -138 -118 -137 701 757 -951 24 -140 -529 -13 973 -755 -94 631 298 -74 52 -492 -346 87 -614 -630 -384 165 655 36 734 -647 -430 -1763 558 136 -566 -289 -297 -411 -311 -684 280 -690 265 -1383 -358 1097 -365 104 307 -696 668 -436 -491 -717 205 965 691 55 -733 -1 -396 -397 1320 394 393 598 -1584 -284 225 128 584 -699 -739 -514 352 -42 1209 -126 -122 171 -794 -201 44 -352 -378 555 -1209 -111 143 554 -141 -881 1966 -1006 -506 -273 -318 245 -1245 -898 780 -352 -405 452 66 -595 251 544 930 1128 -652 268 209 -464 403 134 157 -292 -348 1908 598 1088 -853 247 646 942 129 -297 674 79 -459 -1102 -816 -796 -462 -240 75 -1617 347 -1423 -952 303 121 258 -507 -424 -776 -307 -67 988 -326 5 849 -1481 234 -115 654 1371 851 -650 -9 51 349 -594 -660 216 -520 164 349 -1012 -1086 -379 402 335 512 -137 -57 192 -700 298 309 -650 -616 1189 783
171 744 -269 -152 190 248 401 749 150 -975 -1303 993 965 292 -318 299 269 -544 311 573 174 470 -81 -334 -526 907 240 449 -1157 -906 294 271 678 -157 -992 -123 10 -762 -291 -1170 621 -194 704 -281 -666 -238 -149 348 287 119 1492 -743 382 -80 219 -120 -124 -594 -528 419 -611 533 -162 -92 -18 -502 -385 337 222 -570 579 375 -89 143 337 -494 404 910 399 450 149 655 -60 799 -242 1106 287 157 50 -852 450 437 81 -428 510 -7 -804 176 -520 671 466 -675 -88 759 -161 203 -519 93 811 690 -1505 185 -395 -539 233 258 127 -753 -576 -302 -725 -428 -430 919 -883 7 560 -234 1696 -1074 479 -136 615 -308 -254 -573 -768 -710 -488 -485 -719 4 -581 -751 726 407 -176 -310 293 598 432 335 -1454 1428 -742 -145 802 377 420 -128 -763 592 -355 1329 -858 -754 965 -302 -866 -624 -196 -153 39 1073 235 -195 -457 100 -716 -842 -398 314 496 607 -847 -265 104 -145 -52 197 882 1320 546 430 1398 780 268 -10 -533 70 92 -1048 24 775 98 497 -1153 355 -922 478 -681 364 -228 -455 -297 565 593 -185 67 -364 -181 89 1280 -1178 -60 -242 8 244 433 49 1214 1115 -842 507 -535 81 -166 176 118 -290 -74 158 -469 1727 -398 -217 -100 -166 -202 -295 -12 817 -537 43 331 -632 -1647 -14 87 411 -589 342 835 473 -279 307 69 891 -301 718 707 -740 21 -367 -304 263 117 375 346 164 15 294 958 -1083 34 100 357 563 483 1221 324 632 -533 -533 -564 109 -225 899 316 49 786 -92 -103 -545 -28 479 -487 -457 639 -617 -1036 64 -456 -640 1235 793 -5 673 225 -678 495 -616 27 488 1397 1032 -445 -246 -141 232 -438 -785 807 277 -629 -378 3 -94 287 -130 -410 -748 -90 -523 198 124 -1338 -330 473 -285 -96 610 -629 631 278 845 853 -595 450 -223 469 -1047 987 699 -416 276 1564 -153 139 -365 121 -406 -1052 -1022 128 278 -866 -794 -14 307 14 -261 -55 919 -493 -618 833 107 493 -268 -152 77 70 -540 -80 671 358 506 933 -646
841 670 190 -47 -426 154 76 -567 -134 -214 -23 326 487 886 316 532 164 324 -721 -864 -1197 -124 -1332 -140 -194 109 -808 -370 827 -1496 284 -412 265 -1727 135 -283 461 98 -404 823 994 -458 -457 -439 -47 -83 -419 399 -327 633 298 957 -528 -11 317 968 -461 -794 -539 904 443 -99 295 161 -510 -911 505 -82 -117 -131 1283 -1094 -167 -452 -1063 -51 -835 -419 911 523 168 -597 868 5 -1511 -516 1434 -376 850 441 -1336 -83 384 149 -6 924 946 -222 -354 48 -345 -547 491 -191 -938 -180 -1238 -683 -262 -558 435 1163 -700 -271 72 -846 748 301 183 577 -991 437 -427 449 84 590 902 -280 -102 -756 -38 -434 -473 -303 1159 -126 148 -368 -805 429 -394 354 -299 102 -390 999 33 -860 -1063 666 80 165 665 -797 -480 205 -1135 -615 -696 663 -272 227 79 541 -219 -53 591 -1608 738 980 1197 230 -826 638 94 -159 51 669 -350 34 -366 592 805 -486 -13 -10 369 203 87 -43 826 703 -413 -868 573 951 -680 -600 -32 1069 679 -250 -119 -230 -41 622 1007 -127 -309 254 -16 -13 -55 770 -575 541 -422 -289 -702 -1667 322 1095 -62 815 142 616 -288 459 -1373 -776 239 458 307 -409 125 265 24 -392 -601 -461 71 -1081 -1427 914 -305 619 632 -1171 -883 322 345 -813 -431 468 -866 -1110 799 -983 -1139 -131 -608 1180 367 -1019 -1096 502 408 426 913 377 189 -334 216 -1142 252 505 285 -292 312 543 -1380 405 210 687 -176 -312 484 -103 555 71 -242 -492 -657 451 -1205 -76 164 -331 -811 690 -148 69 318 1663 -750 -132 -1079 766 66 -102 420 12 -526 341 -179 356 -124 -40 1066 787 -166 -208 514 8 988 713 -97 -195 535 429 236 -17 -391 247 257 1162 308 -77 -1133 1163 -307 67 570 -788 423 -1299 -709 -412 -761 -179 -232 31 746 -563 546 311 -187 118 96 -222 -184 -498 -549 -92 243 -895 173 169 880 532 797 7 -31 583 448 -723 -919 38 1012 -1519 262 1028 -224 167 -605 393 -1020 -714 910 193 257 -216 -165 925 -363 412 186 503 1450 -561
-1163 719 938 -91 160 -406 1138 -29 -147 948 -154 -590 -313 58 280 -371 607 1362 -1093 682 -865 -619 -653 -380 -65 207 -258 704 -122 -823 -991 -609 126 -547 -154 -411 -932 -952 -585 -457 -66 -178 -836 -20 1450 -965 479 -364 -626 -63 228 1023 100 -608 -106 -75 -1139 114 -765 -433 876 766 -213 -153 -947 638 -250 -534 247 -463 6 -642 262 -36 -410 136 258 258 285 -768 -1238 468 308 220 -654 -1264 1317 266 602 516 750 -29 93 -529 -449 581 1147 -511 -482 -532 -859 -1021 12 -225 -468 -686 1120 132 302 7 697 390 -124 -697 139 469 -1259 -284 337 91 231 108 1060 226 527 -891 216 968 -258 333 -94 -749 192 -405 -622 -796 -100 924 -2 826 -514 736 -128 -52 717 -443 599 -330 846 307 1052 -717 468 -1489 -132 -372 830 53 685 -485 92 886 95 -693 -111 1317 -1118 -203 563 -869 -490 205 -698 -948 251 1119 533 99 -103 -163 576 447 -834 1154 381 542 289 -594 -322 -798 -515 171 -938 200 -459 456 -462 977 428 -431 -74 398 123 67 -429 -211 508 -412 -808 422 38 1171 1128 -867 -656 1116 262 -1675 -1054 111 850 -526 -622 1172 -64 686 89 -583 -785 297 -54 -371 55 683 1276 -507 -667 -440 -106 629 -528 546 -641 700 783 30 -948 402 421 -436 220 -374 456 1023 256 -781 524 936 -1269 -549 273 256 435 -145 -32 -882 -613 -41 -9 -203 608 49 273 416 -361 1219 995 618 -294 -1452 -334 -926 434 1351 1489 364 -612 621 -19 -87 -220 682 -391 -162 -130 -836 -28 -700 -922 -109 56 1243 529 293 -1032 -1064 448 160 783 -289 138 -109 19 28 -615 -1022 467 159 191 -14 724 -1432 -636 473 -62 573 -3 168 -546 -1005 -862 585 577 1283 -416 -514 -243 493 -709 1014 63 -757 -252 -449 1050 1092 1219 876 -389 798 494 780 736 793 390 -483 -551 1444 22 836 220 -168 -1216 -207 438 -211 -758 2 -328 990 1013 705 -594 -1330 447 -410 188 -761 -544 -208 -536 -705 -373 825 694 -155 724 90 268 302 585 -302 181 -182 -615 548 908 552 782 -405
-375 640 264 731 -449 -59 204 827 -293 18 -1901 89 -110 -187 361 727 338 -46 -535 853 -477 -319 734 -870 -385 240 3 506 1148 -1448 549 325 -456 -394 -903 445 -333 764 689 122 -170 107 -11 -576 364 -978 -1197 -13 -37 1278 389 -140 219 -457 -390 -778 340 -724 131 373 -292 -114 -24 -1152 161 -42 -363 -732 -70 290 -494 -851 203 410 -33 489 -910 493 355 746 1189 313 -421 -93 -720 426 129 289 -15 -751 -1251 -16 -54 -559 261 1152 -449 108 433 215 -514 308 1105 457 -394 397 876 -1849 -630 -140 104 423 -789 -149 -580 434 686 324 -689 -115 535 587 -22 165 -435 132 -544 706 -303 -477 -720 123 240 -342 96 28 2302 74 476 445 -587 528 -699 -619 -534 273 -462 671 -616 -1089 -1521 182 -309 -904 -10 -334 275 911 -409 -1031 241 -68 408 109 1610 299 2 -705 229 -479 449 -296 -31 -49 -541 20 -879 -145 -681 222 523 -1406 -185 42 -1068 -1060 1477 606 282 134 677 337 627 183 156 443 459 -471 -133 -90 743 388 527 -707 -219 418 -29 -671 224 -405 150 165 -159 -300 655 960 29 948 34 547 90 543 -122 691 357 -5 542 104 -216 50 519 -174 -1285 -836 605 -1499 15 -50 -218 146 213 807 -135 -1316 895 1441 -605 -338 -561 -692 -80 -143 -302 23 -57 -765 -798 -473 -642 31 472 -644 218 345 -741 -661 368 842 -484 -499 -93 -1594 794 -232 204 491 212 -76 -18 -1279 -397 -350 286 1423 -7 65 -266 -875 -876 661 809 -398 -742 322 -525 -564 -1073 80 54 -1059 645 138 439 352 -662 -944 560 671 354 -342 13 581 338 -318 -652 -649 -196 -616 581 -62 263 64 -225 187 745 747 319 -963 -912 -1038 196 -764 -86 -308 -125 -536 -1087 -437 204 154 -1833 -1129 213 -954 -593 824 -868 -191 -709 -436 -83 -1080 106 818 604 -788 -31 -278 199 446 -272 -881 596 213 -868 -984 431 -1044 -1385 296 -408 -1115 182 -481 935 52 -283 654 47 -1125 -781 636 155 -459 163 -269 -204 598 -570 383 765 517 316 -31 -1534 -203 -206 -621 946 -153
-760 -736 502 -484 -75 -423 265 637 -297 175 -864 -179 283 -727 174 -328 -405 -156 -841 97 616 -477 114 -783 -467 588 923 122 379 1319 266 341 -115 -1353 -1139 666 -1370 448 -550 17 -255 15 -896 60 513 1234 -680 -74 -141 143 519 -1073 427 -127 404 -1269 391 75 1268 687 1121 161 565 -734 -325 -62 728 1276 -1621 -171 -205 -1196 -1123 -977 1278 -187 -1365 -460 551 -453 1025 128 -67 121 -192 -754 -852 77 363 -384 -214 837 159 -684 120 529 -90 912 897 -140 -160 -443 634 -571 52 -12 440 -477 -522 888 149 1139 581 544 -102 -322 500 -879 -189 -51 520 527 446 -190 -392 -958 -345 -104 151 360 518 409 -735 -265 804 857 760 -464 108 -461 -413 820 -152 83 -289 549 -130 -290 715 -189 94 261 1007 -736 124 -1068 -176 491 -242 624 -271 21 212 -33 554 5 -400 760 -307 -63 145 668 -282 350 83 860 -385 145 735 -198 134 -427 -1188 30 -833 -1089 236 -67 -547 -941 -17 -539 -289 -262 -1469 -278 -581 -18 146 -690 -437 1054 586 -51 569 -30 -677 -49 407 -692 -330 -539 1611 6 -329 -754 67 596 829 44 601 -1079 195 -226 -400 -707 -1039 -812 -474 424 55 -511 617 -708 527 -78 1254 306 727 667 -1020 435 596 -514 915 723 94 103 -959 -123 734 -140 700 -246 375 -238 -997 -186 1329 190 -157 -21 -164 972 218 169 -153 846 83 793 -231 -65 1506 281 605 -271 -576 1021 311 -616 -848 -1191 172 545 950 -464 -445 -477 -591 904 185 170 160 -86 -521 -187 655 400 768 371 142 -596 -345 382 -290 41 125 462 1310 -543 218 -230 2123 -158 392 -222 39 -1023 -384 -123 -277 240 -389 -177 136 1094 766 385 35 893 -630 456 127 54 -196 -240 621 -1463 371 508 -526 -93 -437 -138 -592 -551 -930 -247 -1474 -1003 -471 775 -173 87 480 -219 719 -252 168 -899 -364 512 1087 150 -296 254 -367 487 242 432 43 -242 -470 146 1094 4 232 -540 -276 -902 104 24 665 603 435 638 202 -848 172 -944 497 488 -492 147 -318 -330 -425 204 -412 733
-30 491 -112 368 322 1340 604 551 400 595 -765 -64 -761 -413 348 -786 -841 1563 222 -377 103 997 -45 208 278 597 977 1051 -770 -36 506 -133 456 1197 304 69 150 -107 277 -365 -880 -30 807 -117 -119 -1059 -42 -513 -285 -271 818 61 -111 710 -139 465 -12 745 -230 -593 -443 -219 -1170 171 1099 875 1235 40 657 354 -689 -211 347 176 617 745 -267 -370 -11 270 -341 -970 -15 22 -111 234 769 -495 -140 39 -282 1671 -384 -582 -127 54 -1447 -4 228 392 -475 5 -550 479 321 696 52 196 431 1462 301 424 -604 -38 -172 797 -427 212 371 386 -651 491 608 -582 943 177 66 -423 157 -21 156 -190 880 -31 -205 85 748 -620 -223 575 -505 624 812 -269 469 742 283 -289 -622 -340 -87 441 -201 -215 -530 -259 473 -871 -184 716 887 243 -132 352 223 155 377 372 -461 94 -225 -6 -538 -157 430 398 -528 -152 298 444 -335 381 -279 -91 -401 17 187 -790 163 723 -68 444 1388 646 531 -317 306 -506 -246 -391 649 385 791 523 1546 -51 -375 286 -641 -208 230 79 -113 1008 -456 345 774 165 504 -753 -360 -383 0 -1184 -148 209 322 1029 554 -406 117 12 363 129 315 -427 115 -675 444 -330 -116 307 472 -144 -277 71 197 732 -24 -937 -109 6 463 395 -282 -538 43 -254 546 184 -150 -361 852 -465 -755 -1294 -320 856 92 -481 -207 246 474 458 965 -632 471 -136 -313 -561 203 -628 -998 -143 55 -310 530 205 -755 339 292 -321 -853 -189 -349 407 679 -471 -977 -1209 79 17 -996 246 425 218 799 -216 -37 296 -16 -560 247 -407 139 -1227 -284 -26 -423 -59 -332 555 -790 128 -521 549 -371 415 122 -708 184 -383 -183 733 -214 -317 -843 -637 -43 -268 -401 224 511 448 1062 861 290 214 395 925 -565 885 444 500 239 -184 -596 405 373 -123 -562 -78 422 340 551 63 -692 -287 362 112 -71 -237 -139 -660 -453 978 -586 -357 767 618 -40 -382 -156 -233 -524 464 403 -601 -36 778 -278 -568 -358 758 119 824 377 -800 160 133
-1010 907 -203 103 -7 -344 466 -1076 459 317 412 139 -1301 64 -70 -135 -683 583 -578 1303 -571 -841 -454 47 586 1536 -284 159 929 780 696 -260 -830 -62 1101 -645 -1113 108 -150 -68 -41 -1044 169 1184 -668 974 775 262 179 615 -562 82 -990 76 -595 1031 465 234 759 -1338 924 381 -117 -186 -436 1135 -869 -695 -525 1336 431 -57 811 -131 154 457 -270 55 -510 -486 566 248 53 209 256 337 42 -1209 -100 -31 -1189 -382 -108 -268 468 -411 -334 51 -509 -191 -117 -592 -353 -444 348 -121 335 348 -130 857 47 1690 730 177 -407 -51 -425 -16 704 161 -36 836 412 -849 -1066 155 -904 -883 -1074 -611 26 -141 -38 -407 -323 770 1691 -226 96 522 -2 556 -363 -484 -52 516 290 411 -468 -717 -667 -281 -1584 -487 163 -577 -143 -349 62 -1917 -735 535 192 -1489 911 210 -617 -34 862 87 519 -160 129 534 84 442 221 -278 -34 -367 -937 451 6 141 -37 -50 478 -92 251 204 -500 -27 528 -217 196 182 -607 -128 -912 -435 51 -73 375 1968 95 267 -350 -546 57 -47 -831 296 94 1012 433 320 -1129 785 1800 -994 -682 155 -456 -1065 -394 -103 483 -557 -1162 -190 -298 -279 -394 -459 583 -337 -21 -16 -832 -42 371 24 -246 -228 258 483 -1082 182 1036 -537 404 320 -1447 -1200 -272 -279 -435 -153 275 -635 -138 682 747 -47 452 -365 270 102 -497 -493 -1437 -256 -447 248 -517 483 1 -94 790 -15 -400 -534 366 899 775 866 293 744 -307 100 1112 227 508 164 130 1030 -471 -231 -52 547 118 -577 -97 -924 -299 424 602 -140 -623 -1067 334 -709 1222 104 -682 -959 214 -915 -133 670 22 233 1143 525 311 -7 -125 995 -720 -949 -316 -189 -1535 -337 433 -113 -280 154 42 -84 -992 -214 -37 138 -100 375 -495 -169 -976 -54 462 -237 388 -874 -538 -200 -595 323 550 -539 -908 -6 713 410 56 587 164 -986 708 -1094 -597 -708 -62 -612 405 566 -336 -527 -549 -671 724 -550 -435 21 -85 -342 432 51 85 93 -50 203 67 907 -461 418 -236 391 -463 366
220 -123 1111 -796 -356 395 -521 -234 -239 -47 -239 475 -207 407 -4 389 124 618 441 92 -1147 -85 743 184 1309 1725 318 876 -653 -601 908 -216 -882 -309 -682 -279 -124 435 -756 1067 757 -521 952 232 431 1256 -173 144 357 1474 490 618 67 -957 -390 547 -311 755 683 887 -21 -47 748 458 -48 232 1334 -293 130 -425 79 -896 394 1126 -1418 -418 -2 -715 353 -603 80 -403 -154 267 -422 689 264 -868 -116 560 -525 -518 441 912 540 213 227 47 -542 -1006 861 -898 -335 946 796 -606 -13 1281 -213 1094 -433 202 -52 -2 -401 -870 671 186 -1216 -596 -575 -177 -1101 792 -448 1477 -415 200 -851 722 277 982 -469 -385 -921 -461 -663 477 -576 -1232 388 -256 -590 534 -500 -334 446 -934 -99 378 -465 126 285 -233 -482 -1185 795 -674 -885 371 98 -216 919 -194 -1952 -1456 1089 -394 -426 -446 310 -330 130 852 -205 326 304 202 761 -272 780 -1074 101 397 -572 720 -419 667 933 86 -144 1147 473 13 -217 452 -225 717 -658 -898 393 -439 226 -72 0 216 1844 -318 -380 448 573 -889 98 251 449 -647 357 -112 -271 -677 360 -290 -60 -873 -487 877 83 -875 97 41 135 -1684 57 -151 538 765 927 138 451 514 225 690 -133 20 102 276 -254 -616 919 730 538 -320 -446 -774 1374 -1135 -55 -692 185 853 -353 -430 412 387 -155 -312 -469 32 102 -209 574 -384 -422 209 -1181 -239 -1282 -172 853 -288 -313 728 1111 1006 1163 238 -81 -68 -82 -212 603 -113 187 439 251 399 997 260 351 -463 -438 -322 258 1527 -803 426 316 234 -277 224 213 -108 485 -774 -197 -84 -282 -1452 -88 -13 -1071 175 -21 332 211 469 65 740 -1303 -3 -220 784 162 1171 58 339 -503 190 -75 487 890 203 -715 276 -10 503 -673 831 -130 -417 37 412 -285 181 -807 348 -535 247 895 900 -437 249 231 -327 -86 -374 106 513 1092 592 -440 635 -461 -620 -185 550 379 227 -809 -727 570 687 -629 731 171 358 1051 -384 306 276 -82 -363 -297 386 335 1038 -192 620 518 392
471 865 -283 772 192 -522 -1401 641 63 424 57 808 -189 -902 709 -360 -889 -346 -236 309 -976 -283 -386 -320 59 6 363 -38 1120 303 -26 389 136 789 -1049 -876 -847 573 -170 156 -409 41 36 244 668 -62 -71 -372 -629 588 203 -112 -1096 -357 -1383 -894 752 924 340 791 275 -1051 19 117 252 649 -1527 -1996 -771 -948 -17 -183 -6 -51 -255 -135 855 572 -440 -444 -252 765 -772 -387 331 -113 -854 -109 1085 357 362 -150 -837 -567 793 -486 -82 101 -351 457 -266 -1001 -349 1203 722 -864 -141 788 169 437 -808 541 291 317 -287 177 1161 333 140 -310 -281 658 -306 -640 -727 -637 1303 766 1315 -259 -1483 -710 355 -322 126 1106 -274 -343 -120 651 1250 323 308 -44 445 -1134 -468 -161 649 -460 1136 -304 251 510 200 539 1031 615 -140 16 19 366 23 695 -293 427 -61 -24 83 885 -535 160 -723 177 -1058 -424 -797 531 1126 -579 -602 -289 -27 -978 937 226 -402 -234 516 -340 -269 54 -508 -1037 4 -978 -255 465 103 27 -165 350 -49 257 -626 -1282 43 -184 97 692 -444 93 342 -168 1019 -343 601 -472 86 280 -1140 447 -549 694 1060 -102 -330 -84 1423 149 580 -392 389 126 -361 -493 -1040 410 -772 248 22 115 -628 -18 -66 253 -568 -332 -291 281 757 -696 -636 -829 -400 0 -461 -312 -611 -229 76 730 1704 -512 -313 7 104 -915 547 -358 -60 -1312 -271 -74 653 365 785 273 -8 -914 58 -765 707 319 384 -693 200 1040 -702 91 324 -46 -248 67 -90 764 682 -1535 456 896 640 -456 95 857 549 -592 264 108 412 -312 163 -60 -463 -41 -583 347 629 1143 32 -7 -639 -859 -136 454 122 -632 703 1000 -301 226 -455 1219 127 -474 17 -1463 1157 1182 272 1578 -533 -376 329 -303 1269 -134 642 199 189 -742 1058 -75 -200 653 -218 -559 668 1052 255 -140 -1188 841 -26 430 -325 -130 504 -204 1046 -314 247 -506 -1259 -298 156 -353 27 567 -457 -302 3 -364 -771 223 347 -80 553 -387 51 688 824 -91 -456 -1176 -460 -227 677 -223 -17 187
-14 -472 3 643 254 80 -1257 -439 -78 650 -489 398 274 -353 945 -918 589 -1158 584 1118 -1053 455 359 -174 730 -196 -1323 191 -561 -1126 1154 -446 -190 88 -102 674 735 498 1553 339 775 165 -264 344 634 554 265 -86 176 317 -513 1063 -233 -647 400 430 -1024 -60 152 13 1202 779 -34 -370 293 256 193 -543 659 506 -889 1638 -849 59 -48 -406 354 35 -147 -1115 -96 -381 363 -177 1410 -1116 -439 260 147 561 -65 282 -85 253 894 673 880 425 781 330 223 -1027 216 -266 856 -2 -565 -445 19 -241 -207 896 -588 -214 -359 -407 -226 184 76 234 -329 -1032 -175 483 802 -354 -646 -16 523 -1044 -273 -726 40 -190 435 372 -576 19 -657 1 -723 -36 766 211 -241 -894 -322 -556 -482 54 369 -538 711 553 -16 700 409 -669 381 262 -878 -1028 244 -149 -420 -222 71 1348 -968 560 43 583 -241 245 828 288 -1508 623 -656 418 -101 -828 671 -724 -128 147 41 510 212 903 646 8 -413 -406 641 650 559 110 -537 -622 -772 -596 -961 553 -356 -393 726 -625 1045 805 230 393 51 -32 108 -1003 157 802 -1144 -103 -275 1494 -440 522 -327 238 -232 1113 -526 -955 -1339 450 -28 46 -291 -151 221 145 353 1319 -402 -547 -43 1077 563 -346 662 71 -1309 -274 -1022 25 -279 213 -71 -617 144 1119 -492 630 365 240 -616 536 -493 103 -57 -50 -1009 304 545 -264 359 -1219 -398 424 71 -174 47 1041 542 1239 -585 -38 437 288 518 1556 -734 -46 -669 23 1019 329 -484 -681 19 -909 121 -73 572 -1107 -121 299 -260 1440 358 206 648 304 -74 1650 -431 209 302 438 -524 153 -802 29 -238 -1283 -278 22 777 -253 -580 -388 614 1023 -126 -704 -145 486 329 707 655 355 432 -274 -761 498 -183 318 -181 -544 955 -269 -140 -258 921 -1013 -428 414 301 345 -887 -198 -67 -209 387 -650 760 224 310 -376 996 810 179 -20 -244 362 -976 -556 -3 -126 416 1184 28 -318 -87 415 -627 99 627 -182 -933 -694 -671 -177 -133 292 184 214 -543 -312 -371 -155 225 41
-339 189 645 -165 -340 458 577 50 -368 360 -558 -114 -1127 -68 1152 -789 -719 683 858 36 -1433 -238 1128 -630 -21 -615 -67 60 546 -118 -477 -295 -1069 520 -153 594 -265 62 595 -48 27 508 885 -697 202 455 -63 267 -192 -130 -1219 -10 476 698 -1315 -461 678 327 -1007 -678 -528 487 332 532 430 -857 -8 194 -55 -105 -380 -1213 1265 127 162 783 41 1526 185 -54 347 607 -179 473 -72 -200 -1153 327 425 730 -487 -59 71 -89 127 263 -810 -575 -554 -114 40 526 -11 947 -115 167 71 -157 388 -664 -726 545 -563 856 1131 -95 1095 653 -651 -308 67 -598 533 606 324 804 -393 691 396 -519 -1204 -5 -656 -27 -143 -157 -1004 -76 298 321 4 893 -221 222 287 374 183 -797 -388 262 -713 503 560 -98 683 -208 671 180 606 -604 -9 -610 716 -390 -377 -195 -138 -358 -107 73 -752 -13 -487 -138 175 88 751 311 72 -566 -41 -240 536 -276 -734 256 -471 359 580 -338 729 -438 -205 -789 -828 -622 -100 -157 826 211 -415 221 -306 -525 533 -356 380 -35 -771 161 589 -275 -501 87 4 -202 327 -6 493 386 217 104 -78 1201 981 -139 241 963 324 423 -396 -894 -92 -769 -590 495 -618 -288 -60 -457 458 0 336 -83 408 -1307 -704 449 -660 -80 -699 -1342 -37 814 -368 -330 81 14 -145 -431 336 -393 277 2 718 -443 -159 630 -70 546 -126 -369 -411 305 -321 974 856 -114 691 -443 -821 -446 665 598 -250 -906 286 -305 -477 76 706 -581 -278 -57 -223 88 485 809 222 -101 -36 -97 -860 388 57 -587 222 476 471 -184 482 245 -116 -330 -190 -580 699 -419 -124 547 434 -305 95 145 -346 -30 -339 538 46 -1025 35 728 -1003 -422 266 1167 421 -589 711 280 -934 -332 427 -411 99 -833 15 -726 -505 -488 -106 -197 855 1032 519 317 136 -94 751 -281 -31 -316 -338 -44 -888 -748 1491 415 584 235 113 -87 366 1380 -21 487 -1032 266 -693 -619 35 -253 886 548 514 199 -594 -297 -937 -33 -297 830 25 -810 362 -402 -397 748 -224 442
-110 -333 -197 -155 -149 -719 284 1028 134 1186 -546 -1085 -10 448 782 47 -166 -37 -303 302 306 1549 -44 -750 -649 -1330 -230 -939 325 -1219 257 -1278 177 263 717 -117 559 -253 -135 208 -128 115 -1149 126 531 364 -1121 732 -957 -1168 149 165 -392 -510 338 -325 -692 -234 1348 -10 676 -245 890 -456 141 788 121 -150 69 422 -313 -824 358 93 573 -483 86 -900 1315 389 -544 573 198 -186 -160 285 -272 -114 -460 -324 -57 -666 -405 1153 -474 1167 -65 528 459 -2 552 522 25 266 -288 251 -566 -709 395 -167 1041 -560 501 -409 498 -496 -796 1214 -69 548 -818 652 316 -683 430 812 437 537 728 -318 322 -669 721 -802 -870 -369 -94 458 -174 -201 -446 84 36 -1366 4 -649 -205 -415 -139 29 -903 199 -196 903 -359 -1379 1770 -341 328 320 -1189 -932 -209 1016 1220 -108 -853 467 -538 -264 -109 510 -752 -221 931 -456 744 -118 -796 46 -384 -599 -1049 432 64 -149 -393 207 -862 -810 738 -563 1127 62 1441 -105 -237 -246 146 -139 224 -321 150 -694 -279 -116 -380 -1113 -316 -345 50 401 695 -216 -688 309 139 682 -431 6 -462 369 -117 -685 -1328 769 -132 707 551 854 81 -393 -135 -355 280 107 21 -68 204 -53 -154 -364 393 -603 -147 -224 -587 1101 -89 -302 -398 77 -925 24 973 542 373 310 -373 874 -1227 -1167 327 -117 451 606 -648 1008 337 1852 424 891 723 -183 590 317 537 -552 -1048 -277 328 398 590 402 -321 397 -375 880 -913 -886 1304 -911 -182 1626 -915 -1288 -901 -15 -709 -348 -422 438 921 -73 -324 600 -553 -62 -161 -355 572 -922 -75 59 -271 -180 1327 -80 272 837 304 -589 486 150 803 -676 57 -430 524 -959 198 -331 -5 -563 60 513 968 107 387 -11 1015 -502 223 -1123 -25 1275 236 245 -1118 236 -834 380 -735 60 -629 284 59 -1442 -1212 -94 -106 124 140 516 578 951 700 -267 -220 97 -1325 -594 -51 213 826 1033 326 598 239 9 685 121 -746 -57 -625 28 -748 79 295 220 -608 -1357 58 390 -30 -527 -125 -594 -322 -1287
147 -1046 384 141 524 64 6 107 1420 -993 -45 538 -494 436 384 6 -1184 242 -172 -342 303 -702 -735 -178 217 -590 -495 -372 -59 204 806 33 833 -805 605 -850 578 84 -958 469 288 -655 49 -76 131 3 -117 750 158 -516 -394 366 -106 -410 -1023 -358 299 5 1121 -735 -699 -364 -117 286 327 1289 -724 -379 69 261 -110 -113 438 -146 -586 535 731 790 -312 -1447 -498 461 210 -526 -1025 -506 1094 1039 579 -174 406 -825 280 -450 813 451 209 -253 -192 -1391 -150 -805 227 -348 547 -612 1524 -705 -568 935 -263 -279 1038 611 119 312 -159 923 214 1058 90 520 86 -228 -1011 -94 487 -455 378 -217 -200 -851 34 -1030 160 284 186 1222 -55 -367 683 -280 -373 -154 -985 -423 -188 -1077 -992 -1249 -534 -1268 -586 57 309 284 -523 -177 -191 -379 210 -896 424 56 277 123 -368 204 -2 -364 174 367 -607 -653 59 986 -354 -309 -609 -759 -236 570 240 -339 447 -324 187 -599 100 104 -113 -739 745 -390 -209 -85 225 -543 506 -35 389 426 325 596 483 -360 899 47 245 158 -605 13 -280 -197 -1141 14 695 -201 -779 670 -266 -350 812 1090 2 -378 157 259 -661 -471 729 778 -737 406 418 -912 -286 362 1190 976 204 188 259 115 86 190 51 74 -212 -597 47 -690 163 -53 115 -87 1187 41 516 -1838 61 337 274 -75 60 -494 414 203 899 -675 165 328 -561 327 -650 720 384 438 889 577 301 -566 240 974 1076 293 1171 387 -662 584 -643 319 -729 -384 -355 734 865 -870 58 665 -253 203 -975 568 -540 459 498 -477 117 154 -1580 491 517 425 -1278 294 -1422 280 549 -509 -48 -19 1179 122 516 644 141 1351 -513 -178 17 -355 -162 -18 746 -156 333 -320 -1084 55 -127 960 -174 -70 -4 -325 -674 160 -1223 327 95 -225 -334 260 384 -1033 327 81 -359 -972 -295 1184 390 235 193 -742 -948 -561 108 -689 -560 578 483 -570 495 -468 472 891 -321 -476 900 135 53 -142 369 -540 -447 -601 -486 -733 102 242 759 390 -122 -963 15 641 -277 -210
-975 55 -1018 935 399 454 -617 -841 -574 21 -143 139 380 -940 238 97 -424 280 -57 420 1079 562 121 -596 732 -222 -285 308 47 153 -675 -449 769 -62 -345 806 362 -561 -1244 210 -1050 -883 -565 99 726 -320 -1021 259 384 -598 444 1036 176 157 545 -539 -920 27 -861 121 109 -784 1612 -59 -85 -768 -700 919 -668 224 -171 -1102 43 -636 -657 -106 492 -49 121 160 -63 -367 691 -118 150 -188 -1075 -492 -381 713 174 -437 -24 -1145 137 399 738 -225 -670 275 663 853 51 353 -155 164 -764 -269 805 47 -366 -124 541 -133 -565 -385 -457 452 328 946 -207 186 -174 1234 211 -380 336 414 835 -103 -1215 89 -117 318 991 149 644 281 -407 -84 504 351 -370 -261 173 -453 -225 -115 60 202 -635 202 518 -725 341 733 481 259 -569 166 123 -329 -809 -320 371 -266 -825 -367 -606 939 852 -193 -680 191 -318 -194 -187 -117 -1350 -3 412 -544 341 -563 -721 -313 135 -978 328 -275 -1662 -159 23 -35 -410 -1178 -910 -185 -151 1115 -944 422 -106 -224 -277 -1330 -269 -545 479 34 -489 147 -51 -766 -700 -326 44 1076 54 220 -930 20 286 -538 -314 -558 -319 369 -631 654 -421 -234 685 419 873 191 52 942 -32 434 479 190 -469 31 1041 -567 724 -724 -830 -198 224 274 819 97 478 56 908 -236 -429 -163 36 -95 211 288 -61 311 807 -130 363 -1805 360 -425 -787 -656 110 540 59 -379 -421 1115 -918 668 -563 683 509 -204 398 623 150 54 -1240 -124 690 319 -1330 -200 203 -1453 -110 598 -948 51 894 -511 -482 -218 -388 191 1581 -66 1177 913 -434 101 -530 126 -298 -76 581 -392 -749 -1171 -118 -896 460 495 -95 1035 343 -22 1141 -305 405 -1034 1673 202 33 -322 -887 188 527 -454 -186 -245 738 390 -405 26 298 641 153 7 554 1032 -774 -851 -376 -362 -840 219 1130 -65 456 1265 214 342 -354 -630 844 619 413 829 946 517 -4 -1951 -207 178 522 -839 -1146 -315 -656 -1015 224 265 552 395 341 -517 -69 -99 200 -93 -1011 827 529 336 -667 -150
657 605 -345 188 652 770 -585 810 264 -1199 -382 609 584 -408 749 -364 -271 -543 269 10 274 141 -686 160 9 151 12 -172 101 -168 756 -366 -116 -464 -913 46 -222 324 -249 -14 838 249 -388 307 -661 762 -276 -506 1098 205 723 1591 -629 -1085 499 358 -455 570 30 4 948 1462 -33 -376 -644 -476 154 -360 69 -45 -1072 121 197 203 533 -223 -220 -99 -37 -218 932 227 70 -827 214 -469 -5 405 -932 -258 1086 399 762 -440 245 701 -158 1171 -161 -194 -830 504 430 -1243 -1099 854 -438 -74 -60 73 -791 782 -965 268 -613 -55 -322 629 -1053 -777 -1038 191 -404 699 -463 250 265 481 -124 -524 -81 -177 -383 -777 136 466 313 699 -321 535 126 -214 1150 -60 -117 317 -283 624 958 1063 -272 -784 297 81 1279 -354 320 922 304 -1053 539 844 160 922 1198 200 657 -345 -658 430 -88 -250 119 -483 -133 369 -1033 -462 -90 225 1073 -457 -129 -1300 1362 -41 498 -549 223 246 973 41 -157 -348 -473 57 86 70 188 -84 -43 -716 405 975 980 329 -177 252 1201 -377 -676 63 -281 -129 -561 -263 -903 823 -527 -278 -152 757 -370 -185 451 -384 760 -1518 171 357 -1027 372 473 31 296 14 -862 8 38 -1457 115 1449 726 -465 -1294 308 371 11 97 1808 313 -73 -222 -1208 877 7 -421 -43 566 -429 -162 -1574 878 -1082 -479 -753 -480 -500 -335 403 -140 197 407 53 -158 110 -148 285 -78 -1110 -91 -847 513 -637 150 787 624 -1288 -325 -103 -584 -44 283 -75 -619 336 -584 -760 93 307 114 357 -202 -918 594 1226 -41 381 1169 417 -433 -187 -112 -383 898 -241 413 405 -563 92 39 364 -287 450 -132 -970 915 133 -215 -6 -298 1228 -692 -374 68 -531 175 307 1124 471 -798 459 -447 -456 292 668 -888 811 -327 -219 -146 -45 -1106 904 903 66 -1158 -105 -446 687 -35 239 -359 180 -800 -705 794 -620 312 56 -848 -751 -157 1589 241 -313 1283 -845 -1479 267 1191 707 259 -158 -358 181 1069 -556 759 -230 -741 43 -464 -1448 361 -550 -757 1066 -1249 -211
257 -120 -1738 1219 -559 908 -961 -844 484 -56 -560 -176 391 -781 -122 -748 425 777 134 -161 -168 -114 762 -383 265 837 -463 329 301 -285 652 -287 444 -175 435 116 126 216 -376 -40 461 -755 -186 -231 25 798 -947 -105 1031 308 598 -303 288 -177 450 -83 -466 141 -177 -524 1207 594 -146 42 -777 16 -584 -635 926 -618 -545 306 1283 559 722 -714 312 -474 -227 -664 955 678 195 -704 -54 -16 -508 597 -276 364 -588 250 616 -1024 764 -352 -1014 -391 303 -40 217 716 -879 -563 -399 252 -605 96 -444 -156 -607 712 416 -275 -189 453 1043 1125 1281 991 -764 -93 175 -8 -827 110 -711 -981 157 -158 -721 -234 780 -379 577 619 317 390 8 -253 272 -214 -237 -263 581 803 242 -414 -183 -114 324 477 -564 36 93 426 678 748 616 80 -618 101 25 142 -418 257 68 -310 -230 263 161 -112 582 -473 -314 186 -86 550 -141 -945 1061 535 317 -372 942 493 -267 -197 0 -1021 -661 -718 933 1105 -93 144 -333 -571 256 169 586 -43 -5 -944 544 -317 -480 -241 496 -1124 812 -147 100 676 -440 -285 -143 -80 596 -79 857 175 115 16 703 509 -481 -654 893 1337 -959 124 518 99 563 -366 535 -515 238 1194 -364 618 -46 -1003 -377 185 -337 26 85 484 -325 8 -482 -727 566 -35 -855 565 -102 115 423 -816 588 429 -390 -285 566 -278 -252 -542 802 -1364 373 309 -249 -593 -227 -558 470 -871 377 291 115 1223 -49 27 505 826 -764 394 -344 1462 354 662 457 -901 47 -127 214 797 181 -426 -76 -198 292 676 761 373 -699 170 227 -193 45 -16 -238 -1261 70 -524 -175 -55 -581 -149 -282 -676 110 1032 -702 854 -474 -1206 461 184 -782 185 -287 248 43 893 -188 -712 604 429 -291 80 410 319 -60 660 538 609 161 -270 47 53 -197 -39 -206 -4 -816 512 760 602 677 -370 278 -621 79 595 -504 -505 -129 44 -1425 318 18 -268 -545 -536 2 294 -444 636 -522 -757 -42 -135 38 1395 -389 14 -44 327 995 -223 -9 204 1025 223 -639 -167
-70 277 401 112 -23 -1226 -263 -132 1154 -652 332 1011 186 676 485 1057 127 97 -355 1169 403 -69 -447 519 453 130 86 555 41 -514 -22 364 -323 997 1536 -210 1744 -456 -213 -292 -6 709 627 -215 -195 152 -83 1277 11 -532 -735 -777 293 -584 -149 175 804 272 10 947 325 -882 -431 765 -603 235 -760 -945 335 -613 138 65 -38 -90 317 697 219 -98 260 -1066 -376 468 1257 47 -73 247 42 723 212 -690 372 -763 -880 -378 -9 -669 408 -269 241 714 1009 81 650 548 -177 382 14 24 434 -233 319 398 767 -88 -147 0 143 -878 8 1133 -766 -754 -220 330 349 -257 -28 645 -48 -542 -140 -498 664 -221 543 279 -554 552 245 386 -979 172 -399 -330 -255 105 -757 1385 -448 574 702 789 807 -169 -23 75 -1025 196 510 -228 155 633 292 226 -903 -308 81 -524 519 -354 -92 -549 -198 -505 398 -229 -477 308 -362 -759 -754 -550 934 -340 399 400 7 474 661 -12 -210 533 -310 288 511 390 135 -1003 -278 411 -655 396 -146 710 -378 -54 -113 479 -95 -209 -173 -1017 655 -907 1309 259 146 -469 1037 -248 -502 -481 164 -133 -144 1170 -382 814 426 -1273 -601 -244 465 421 305 -239 -205 597 -863 1640 342 -569 -491 172 -98 838 -1066 -100 -106 -575 -264 -186 -535 -1256 148 -130 760 -357 -426 559 -156 -665 -98 -842 709 -209 -135 -450 -442 74 -52 191 37 -45 -905 97 54 -991 108 -321 -359 -827 646 250 -83 -342 1030 383 235 -277 -44 920 -1071 305 -677 -1017 -377 -419 -56 581 382 -1650 449 -232 -3 -320 356 617 254 -10 -337 -339 65 582 -133 545 -1353 226 -3 -349 397 -1045 -430 -772 -357 -481 359 203 628 278 406 90 -278 952 166 -184 349 401 -459 -428 -10 -577 -724 -992 270 323 108 364 -137 -28 -331 348 -1082 250 160 -1265 75 -380 -155 143 -363 557 -509 237 -950 518 -354 -148 631 -42 274 437 151 364 -1027 7 -357 999 413 327 -341 38 -641 -947 380 -76 -525 65 305 377 475 -1155 2162 591 -668 -513 -301 -212 633 1036
-103 652 492 708 -131 224 99 152 581 -217 -123 602 -38 34 250 -463 1306 807 608 1232 716 369 -1288 -13 471 816 -178 -101 910 -535 -342 -960 -8 663 89 348 116 1158 500 -126 -51 -969 553 -903 -240 -55 -274 360 11 -355 -516 -759 965 329 -78 138 -278 327 -216 408 389 -330 -262 -305 957 -767 -144 175 923 -1233 421 -1645 492 -573 264 164 -1117 42 420 82 263 842 490 -646 221 492 492 -891 623 -82 -543 528 -504 573 -1270 949 -1471 -696 -408 100 959 -90 -392 -14 658 -129 658 445 -26 -173 -293 239 183 -870 684 77 334 -74 -150 -254 609 -202 -430 1007 -442 411 95 -216 200 -602 303 -376 449 -336 223 -388 -349 -152 143 -428 50 -444 248 -758 129 -95 967 -295 -358 -593 582 873 -703 85 -152 137 -36 880 -967 315 -635 23 -237 -616 -67 42 295 -201 613 211 172 34 -539 722 203 162 606 -153 322 192 -40 -733 -724 161 -486 371 757 573 -1282 -304 445 124 61 82 33 624 435 305 35 103 216 901 152 -205 -117 -45 -319 499 -533 -972 -1231 389 -781 -63 783 11 347 -422 678 27 568 -187 407 -113 18 187 -1167 42 1423 -265 5 -376 88 -1218 686 -367 621 18 -665 350 -270 520 107 334 1370 -657 -1098 -149 -374 -441 -695 -236 -213 1051 360 -6 -885 1066 -104 1268 223 3 828 -578 -646 471 30 -729 500 -189 -1016 748 494 816 -429 -68 -366 609 -890 32 -237 -269 995 486 379 -113 151 280 -390 230 342 238 774 769 -628 -652 529 204 -525 -443 182 371 -131 -439 -331 903 -1 -405 -903 -768 619 -294 1019 -294 -253 -530 166 -329 995 48 -729 402 -784 -310 132 430 -483 -21 131 -446 -62 270 389 523 748 -1349 1072 53 -63 -1419 284 -692 -1099 574 -493 293 -1133 1172 200 -924 -287 -82 429 186 154 -1531 -460 97 -925 149 1 410 923 -132 -224 611 904 -1917 -912 41 69 -493 -291 807 473 135 -1002 -183 114 -463 -750 -594 -5 541 -78 -1840 290 521 245 548 -270 121 697 600 -656 364 -352 -575 510 -747
132 370 -34 -202 -17 210 -260 -469 395 489 -385 -283 316 -573 -13 -1089 -418 -432 -362 585 442 -595 -587 -436 -143 -616 -72 449 721 -337 438 436 473 806 -641 -423 -416 -498 306 -615 124 -389 455 734 479 -401 -761 118 -275 688 1384 113 160 -13 -662 269 -474 6 1388 385 600 -44 -388 -222 -835 -392 -923 -225 -131 -326 -848 -566 350 173 716 76 -897 58 216 354 306 4 241 -849 -472 728 -1328 188 320 536 -1615 -172 439 448 277 -420 923 664 -533 -1029 -775 68 945 182 240 -1058 -154 -600 518 -513 -124 167 -487 76 962 -480 -2 -301 -1304 -106 -240 -862 672 -37 -18 142 298 623 367 -416 -543 221 -146 182 152 -579 332 101 -565 -96 189 1753 611 177 53 2 96 426 317 -1347 107 -316 375 -725 -145 -701 -257 -511 -11 -30 91 462 -51 432 -262 -90 -111 9 1553 -338 562 -1111 -21 -73 500 -113 -2 -132 679 895 557 101 638 836 -641 -153 757 510 269 -206 746 338 -239 -331 -365 -401 410 1086 -603 183 447 -598 797 -873 -290 888 -103 -140 181 -632 -577 -63 714 83 79 410 537 571 -411 -117 1150 122 -682 159 1137 790 -18 537 -1615 932 -1008 -38 -601 738 482 23 308 -277 -463 -1038 -467 805 -275 -565 185 182 1060 821 -629 -487 275 -233 -166 -256 607 631 -853 -99 -620 -938 193 -924 30 -491 -338 -576 -1100 591 -331 -301 1093 -2020 222 -590 -212 1239 401 521 399 483 156 -233 221 -174 237 -253 -702 890 -564 77 905 -592 -277 727 306 -90 -345 -865 -502 -73 291 865 760 280 -419 82 177 397 1146 -19 52 402 61 -158 443 -367 -541 -57 -432 -28 -316 -309 246 -700 -612 255 404 1053 -406 412 -251 1013 614 -1250 -150 289 -122 736 721 1195 -839 254 -266 -809 1624 -325 94 -412 -229 65 382 -811 -617 257 -1150 -248 861 843 -98 773 584 1174 603 -375 395 602 927 621 -1015 -631 467 -129 -394 738 -307 298 1334 -545 -500 -214 -975 447 49 833 424 223 -14 -447 88 -224 -272 997 -32 -942 274 874 862 445 266 122
-1512 -977 157 -9 -195 -294 -395 -241 -1189 -388 1366 1173 492 116 -399 343 380 -115 1673 262 -1004 -760 586 -237 -859 -8 288 118 -376 -570 221 -125 365 97 158 -450 -604 -14 -239 662 -845 284 -394 -451 944 -688 2 1094 138 102 -393 -683 355 -475 -768 -676 -179 1271 -596 62 -2 365 -68 853 -401 -1084 -151 -769 180 -398 522 129 175 138 36 628 -964 154 689 92 534 1194 63 -344 1091 -1127 658 192 -32 -665 -1036 709 -1 689 -888 -64 1169 -97 -198 523 -468 -1100 -597 617 138 40 421 276 199 -515 1032 -370 662 -462 -1019 71 582 1116 -601 -66 172 440 274 -53 -201 -306 470 1169 72 -1035 -98 82 321 322 555 189 -575 -281 -150 -945 -1405 -629 177 130 -1339 -887 -294 -375 708 -427 -137 -460 105 603 -885 112 449 578 -651 35 -368 -191 407 -199 442 -191 -361 -624 -766 810 670 -582 21 -170 109 406 207 -509 -33 -885 -469 669 97 -316 562 223 -1184 -545 -422 516 181 -65 -136 239 -121 -847 20 -102 -289 -576 1356 332 -1290 1679 -595 -282 624 -24 6 -1060 194 594 182 -634 24 -28 120 -553 -13 157 335 38 -535 73 -109 147 -355 -384 -783 -479 -610 246 482 -880 -1118 -506 19 -110 -684 -636 391 -821 132 321 195 -201 -553 -777 -458 289 188 -260 157 445 -259 184 -780 244 -1305 -144 -265 592 -8 1410 -721 -66 483 -173 -469 574 -57 171 258 1135 -566 -114 -1040 -118 -648 702 -339 1410 809 1176 620 -355 -108 -140 821 -1044 854 236 -442 -302 -867 -300 -537 302 -142 169 -969 761 733 187 -1292 -490 -1101 338 82 7 1358 -1143 587 485 -528 82 1329 -134 -741 605 -387 -1004 -15 -350 885 -627 -648 -259 813 283 232 -25 2 858 405 -15 101 134 -101 343 69 -605 -1129 407 437 107 -1040 -653 -939 -1024 -449 -20 710 781 466 -1200 207 707 -986 521 -671 -1045 -167 30 -1157 1146 52 -572 1426 787 161 940 656 -719 -590 -187 66 -60 16 -263 842 4 -419 173 -348 348 545 271 873 854 784 -366 513 -166 -155 -1020 -158 98 725 -132
794 290 83 1293 227 391 70 73 924 -106 -142 689 50 -104 895 1051 884 575 896 801 -40 70 503 -567 280 618 282 -478 193 -1002 -63 -1363 583 -2118 -551 -1034 -350 -592 -134 -605 -350 450 -1067 147 105 -143 -745 -587 -622 123 -706 -232 -193 366 648 -9 -627 -511 -457 421 222 505 -136 699 938 -262 -539 196 1848 -650 328 -193 722 526 -510 -524 -1430 107 -19 901 -327 134 477 336 1066 0 -663 432 396 311 197 571 -603 332 465 -217 -1276 -361 -267 -357 -413 -1365 -935 848 720 -523 -383 100 296 1095 -584 143 1033 463 693 27 450 -740 863 598 1158 -179 -345 363 -111 392 -98 -331 306 651 1417 -368 175 -1140 -863 802 -431 809 -706 -831 -257 -224 -567 1129 277 -285 1199 -419 672 899 -1208 457 396 777 -1216 -259 -1124 290 1656 -689 -506 -571 131 -1211 -474 201 773 383 -414 499 -552 -479 -155 -254 -1313 -323 -149 44 135 351 1296 -593 271 78 -984 -281 746 773 -789 -453 -159 515 -500 27 394 -754 -55 249 321 801 475 196 46 -632 -21 725 -400 -196 -448 608 -334 -953 -831 819 -157 591 -349 -649 -73 1332 613 -206 42 -1115 962 -189 -653 544 583 61 362 -84 -301 -184 -669 -236 221 334 625 338 479 -606 -667 1071 -246 -396 -227 789 398 666 569 -245 -434 -291 512 499 -831 426 -132 237 -102 214 371 295 515 -740 495 1008 463 -212 608 267 32 466 -858 682 724 -643 -172 -495 273 -609 -1147 -81 -465 -641 -18 281 555 18 -781 647 1053 -187 162 -510 -596 -44 791 173 -164 748 -973 737 -207 -798 -558 1057 8 1603 -556 401 215 -161 620 -366 177 858 452 315 -217 -280 172 -725 -1641 216 -1313 540 -31 -1233 -155 -52 -34 925 -549 456 -929 61 -1228 323 282 -296 1244 680 -35 404 732 -830 813 470 -437 -211 -203 497 -812 -925 -391 -1224 -154 333 -414 -151 -473 383 26 454 12 -896 208 -227 264 343 -199 37 259 -18 -473 -808 41 685 -952 -687 1056 328 150 -899 -24 826 211 -6 1 532 -420 -30 -363 -18 -893 170 -162 -210
208 -312 -327 -819 550 416 -944 332 -287 -153 -3 477 -226 -348 -173 -108 -635 -309 450 524 85 240 621 -303 251 131 -20 14 1 796 382 1015 -114 372 -632 511 -329 803 -174 -513 158 78 -121 270 -444 189 -399 382 241 987 370 -682 -906 -103 -333 -134 -264 486 -1210 247 -614 1012 149 612 68 475 177 -447 129 21 -535 366 -873 -54 874 -42 299 -718 1274 635 512 929 -229 -1196 -292 540 226 905 608 -351 -319 4 107 460 -392 -738 655 -170 -685 -338 578 -63 -1412 -1197 630 885 -96 321 749 593 464 -1211 463 616 -194 145 -214 -464 111 509 -644 -602 42 383 -183 -558 -377 965 -552 761 -436 -1238 -276 -506 -147 -271 488 158 45 -532 -579 -625 223 -147 -1214 -97 243 -857 580 135 -112 781 116 799 739 -240 1160 164 512 -181 -214 -818 614 -477 -1561 -463 -817 -286 364 -50 -521 -1179 582 -654 600 -34 -131 -1181 120 -483 302 -653 497 1027 -652 -1292 -238 195 -667 -669 266 314 435 491 -1104 -341 -360 1146 -636 -148 -1218 -642 225 -16 -153 -588 -533 663 715 355 -233 1220 -792 -102 -743 -384 89 -258 -606 1137 83 -887 -21 617 211 -334 -161 99 -298 -304 -1041 1025 -708 -320 -922 -217 -295 295 -538 847 106 452 -75 -88 -153 -200 -754 -374 898 -454 -835 -1108 307 537 1007 1179 -150 1079 461 970 -359 928 -643 -324 -253 -174 -163 710 -23 174 -511 -420 418 -331 1599 -1017 556 155 914 -394 17 571 -3 26 -338 170 87 57 532 410 848 337 -362 315 722 672 593 25 939 514 451 -197 -390 -308 -283 372 -168 119 -230 226 229 384 -247 196 1054 336 -344 -64 -835 -545 -138 -743 259 -641 47 208 -427 -1054 583 -5 -283 87 -13 14 -648 698 436 110 -560 -620 615 361 -331 -254 76 775 84 -151 149 886 665 -273 -668 246 168 -4 791 188 -823 -327 -35 -651 352 -878 384 -1040 404 -206 -559 35 -666 582 11 -533 169 -277 -1338 -505 157 -113 -135 -1135 965 -308 31 238 132 -310 6 -224 -297 -135 -868 -884 -267 -68 -585 212 255 303
-10 -224 498 -806 -990 -242 1066 229 -58 -466 1124 -1490 460 591 12 886 -533 -169 -1044 -377 1301 -143 -73 492 63 -877 390 259 64 -375 537 -1068 -703 893 230 119 824 514 228 504 -142 331 305 -154 1279 -267 90 441 -118 777 -937 206 -1868 -1159 -131 907 -399 915 396 698 419 173 -950 -189 -751 -442 -174 -279 -169 313 -56 195 48 -497 738 454 -1078 121 556 -1096 -728 -398 452 -82 -195 -494 -246 -1222 -280 -422 -688 931 1153 -328 -100 -904 379 -16 -768 -110 -824 421 -402 -416 616 317 753 206 390 -786 100 -1371 -170 488 182 96 2 -681 -170 551 -234 143 931 -469 -771 -916 218 175 -581 -336 268 328 -43 649 -56 -870 86 -576 455 -75 568 46 1377 -693 380 655 -358 853 -625 208 -13 964 -54 486 -245 -1113 -59 815 -718 -852 494 342 -576 -326 344 320 -799 1058 -867 235 -27 -94 671 -28 -294 -363 68 502 -509 696 564 334 253 350 -219 256 -1118 561 -1165 -354 -470 -605 625 672 254 187 41 300 574 30 -293 -1348 55 141 -367 -692 -1502 -576 436 334 121 476 -299 -282 -351 3 -230 166 -562 -371 -173 -406 524 -358 263 591 -124 -63 -105 -533 -373 445 -172 -20 558 448 391 612 83 194 -1168 529 275 -720 -140 -664 -491 177 201 -474 -52 -147 270 -585 1059 1211 35 705 604 -783 -553 438 -682 -929 200 -995 -542 -177 -146 -38 520 1072 -85 -696 -462 672 13 894 -320 293 67 -166 47 -195 -239 191 -346 694 -233 -522 -67 797 295 1264 -339 -267 118 -329 -876 573 139 19 -1163 -855 319 206 -592 137 -24 -416 535 -720 -616 -416 542 643 -713 -839 -381 785 -277 88 80 -545 -221 152 -393 48 -681 -645 777 -309 960 146 -1128 -506 -321 263 467 -537 -159 -343 -654 242 -762 -181 -73 -260 815 964 -846 359 -1411 -315 -908 183 -663 -13 -985 332 -871 168 -511 -115 -448 -556 -811 -1160 601 854 262 334 574 678 -68 21 -121 -703 -412 -490 -563 -503 -351 -963 809 245 -1252 417 396 1068 473 -886 87 -1010 566 9 272 2 -113 -467
-323 -353 393 -113 -885 -311 -474 606 -241 41 568 -527 677 -1117 -912 676 -736 -449 333 -121 -441 207 933 -114 549 -431 -343 1584 14 -84 688 290 1198 38 102 626 -513 44 -415 383 -561 -2 -564 -487 -929 -480 -715 -182 703 -749 -115 -180 374 284 246 -895 -361 524 -688 -359 470 -652 249 225 -254 -128 62 -360 304 -88 322 -962 313 314 512 -431 -385 -1069 132 -833 291 -199 -441 568 -985 514 565 -489 -317 -541 986 33 -18 744 -1860 -141 -143 -80 -135 -978 813 120 563 -307 1167 437 -69 -142 -44 331 -231 -145 -191 -792 -86 235 569 16 712 -180 -642 -902 -121 -301 155 296 -225 852 297 -728 447 -350 358 262 671 -69 -86 -39 -217 764 922 -499 462 -1329 97 -254 587 434 429 177 -658 -680 233 444 -313 603 245 -565 234 155 -277 966 -199 1080 -904 -402 719 -396 429 174 -347 685 -109 112 497 26 346 34 315 -414 -342 208 193 340 -140 50 -658 398 806 501 97 -339 -238 15 -73 179 -389 -373 -584 289 -418 775 -466 501 262 -55 73 -142 714 -58 236 518 498 884 279 927 450 170 -1083 -679 126 1016 -60 196 593 -532 1057 -657 327 553 -966 274 -222 -135 -575 -448 411 377 -188 510 -18 -1130 46 673 -214 216 357 67 -382 -539 240 -1493 640 -307 -111 -6 714 446 -712 742 -488 -68 470 -114 -233 -586 193 327 397 577 -332 384 -111 -236 315 212 -644 -292 439 98 -675 198 -460 410 -932 -99 685 373 -956 -875 -524 711 -914 360 -560 -431 165 345 -65 757 270 189 485 273 395 443 -832 560 -775 -801 -198 192 -276 -359 881 580 250 27 687 -139 -355 -402 -69 -904 177 295 -1012 536 133 158 95 -321 815 277 -882 817 446 -591 349 377 -650 -247 343 -963 -232 -1069 -216 603 -1185 168 -71 223 570 708 291 -1182 131 1031 573 -529 -1094 -803 -233 593 1153 -872 -1051 -301 -282 -1088 -586 649 550 -479 804 -168 112 -706 324 -243 -507 -104 -293 414 -1109 -150 859 108 -55 1235 -1591 488 131 1845 424 -467 -67 739 399 14
-596 1025 -215 -290 859 750 450 -477 618 -191 453 -677 -405 -768 -104 -308 -339 972 390 -29 -1011 -35 -316 -156 -34 172 -318 -181 -1449 -186 -372 -436 783 950 1120 -60 230 -866 -67 -416 -744 67 94 1446 -446 -764 -252 -141 113 1491 -1040 533 245 -401 530 982 -417 455 -749 433 43 -230 -1326 -673 51 448 49 430 -690 222 215 -7 430 1157 239 46 -141 -277 194 -322 -1277 -288 406 170 -659 -590 -198 -51 191 390 244 284 -1059 -981 -285 1121 -54 -129 -68 705 -124 979 684 225 482 785 235 458 -107 71 1084 -60 292 371 -418 -840 -950 128 505 266 200 -431 1726 214 170 102 580 114 -775 516 -8 854 -112 -159 983 180 711 184 1100 303 -410 881 -572 326 242 -816 -143 515 -1461 -182 159 174 170 96 -378 461 277 98 902 -465 -615 -452 283 -331 -293 -343 -499 71 -163 -1 -386 -387 352 240 -25 -715 -117 -410 278 -973 241 254 -394 1404 501 -1393 983 77 266 -822 611 153 68 666 365 190 37 -40 -1236 -404 366 378 -627 20 376 1840 -703 -733 795 -93 155 -1104 423 -840 174 831 865 -613 941 -711 86 451 -1402 -576 347 293 -38 -66 -112 1168 -446 -550 -16 28 665 243 579 -1065 -218 -318 866 332 256 -443 -860 794 -325 703 419 138 161 -952 -425 25 -145 477 890 -888 15 -86 -1508 -521 7 -717 -456 -553 39 1095 -366 -1317 -106 -293 -1634 810 -499 916 -549 -846 -415 -424 -837 261 606 -68 -559 -524 -114 -125 -1237 517 841 -485 -591 588 -71 -737 -363 -691 -282 1169 264 320 -610 -317 -1438 -1124 993 947 326 707 -200 -1128 606 -343 191 69 737 -919 148 -396 -1713 834 -411 -61 168 -144 976 820 -432 -424 -29 241 75 676 -209 218 381 -1235 -380 735 446 1080 -128 791 473 -8 653 -392 -1394 240 745 474 614 96 517 -148 -449 699 -97 684 -200 -560 -289 -758 508 -824 -3 -191 394 -562 -150 -332 545 -333 -47 59 -117 -198 249 1015 -164 -419 -68 520 695 -269 69 1123 -394 -26 241 56 76 -20 32 730 -144 299 -478 933
-398 -419 -389 392 459 861 207 217 535 -538 -252 -42 276 -59 128 -59 -251 -920 20 -125 577 -1161 1070 -714 2 -1447 -491 221 -356 -418 -511 -190 -670 404 1163 814 255 115 636 221 -540 -1106 303 528 -675 -681 -1099 153 -1304 156 620 -973 434 1138 49 -1112 -22 -68 -365 -163 -469 583 -9 -22 158 347 -384 -496 197 798 -481 -166 100 1293 775 1028 1622 79 -1136 -157 -223 411 -124 -306 -330 599 -298 470 33 385 294 922 257 -1067 928 16 803 -454 -1100 323 -652 -885 731 350 63 656 772 -728 151 647 -478 -21 -38 -930 -304 -1043 581 -849 -278 -36 -543 -71 -329 1373 126 -1042 -1114 1158 -232 -424 614 -679 -348 -3 566 -1339 -336 563 165 112 -1502 492 844 163 56 -856 -655 -84 -617 703 -412 111 462 -210 122 294 -164 -441 -875 -332 -110 -444 3 309 534 8 720 -393 -122 -279 -788 200 502 469 -1234 -209 -623 -216 287 303 -273 538 -194 341 213 -18 1733 139 92 -60 131 479 -501 186 73 116 280 -607 -115 -667 -85 255 -810 1281 -220 -321 -168 -100 -232 293 247 -182 385 485 951 723 122 -808 660 778 -536 143 -548 110 -386 -596 323 -368 776 66 134 480 -846 509 294 296 -21 321 486 -158 1139 214 241 -120 848 -392 1012 191 -650 -137 -246 -545 312 -717 831 399 -626 133 -234 -371 -143 -1262 -1117 -259 268 425 67 -37 184 -735 131 -201 -697 -80 169 566 113 457 -79 99 338 1710 -507 211 -484 -692 -369 -893 522 1677 26 -785 -947 -420 287 -460 264 547 804 29 195 483 344 -1158 -172 -475 -86 189 -14 -382 580 1193 51 227 -423 177 -904 354 78 247 -480 113 -143 277 -840 -976 -741 120 -72 140 230 314 268 -274 683 310 82 -538 1070 884 -820 178 403 -605 -664 561 324 -408 426 783 47 -451 1467 225 593 -849 -236 446 451 648 920 850 -444 159 -479 1009 -463 1231 -840 -375 -200 653 -998 -350 -838 1278 400 415 1351 35 118 901 756 38 342 148 216 -535 -642 295 71 382 -233 -794 -118 -1042 1079 -127 436 917
-197 -1085 -530 -639 540 705 144 -412 596 371 -561 520 -927 598 -611 428 -606 -126 -337 605 895 957 -1078 364 1414 167 -344 165 511 -266 47 -144 630 956 693 1699 -169 469 -371 251 93 244 719 -106 1431 533 409 426 -461 812 -619 -1434 464 565 145 -324 411 634 95 79 649 401 940 -63 -325 -184 -1306 -426 915 695 591 498 634 -291 156 231 -286 -108 532 1000 74 162 932 -486 -393 200 -180 689 -1075 -373 -536 104 -334 519 534 -255 1540 528 -738 1277 -96 503 77 -900 -352 -164 682 6 892 -368 -128 0 719 21 -861 381 -209 210 -62 308 -228 1233 -711 1221 -36 211 279 678 557 -743 -1466 874 1127 -974 697 1426 20 639 -1382 -104 -1487 -162 343 4 309 -25 -635 309 17 13 860 -414 -341 211 -173 -379 4 -449 -184 459 -684 270 -39 1159 813 143 561 -351 -15 7 328 -190 -121 -1438 1099 1485 408 -708 -650 -1183 44 -255 -482 73 -466 -3 -457 588 690 749 163 -334 -255 -15 -348 87 -1144 -291 -534 339 358 -1452 159 494 -328 -641 729 179 1172 -683 -620 -201 -18 -645 -876 -1135 44 218 523 -207 745 -199 333 1387 764 594 -920 -176 -331 2 -264 115 186 -1235 369 783 -699 -395 243 -34 215 -797 268 235 320 367 -232 164 -151 677 625 1389 815 -499 -4 -401 -290 842 -415 37 263 17 307 -7 -95 103 176 169 1053 1211 631 -145 103 128 432 -621 -223 -947 763 1410 -344 -211 -226 152 738 -865 773 -801 564 -358 -8 -266 -536 693 576 197 -614 -735 408 -200 64 -360 -446 304 10 530 -446 -309 111 664 -72 -764 -37 942 -909 1207 338 -1528 -224 574 -775 -967 42 482 554 -344 59 -63 92 30 -121 -185 198 201 685 1148 512 -301 222 -100 539 -1087 564 240 929 -357 -464 243 -404 9 757 244 -477 1186 -140 150 -207 562 335 -1781 748 -590 82 -228 -254 -1091 -352 296 -86 -441 459 380 142 539 -591 -7 -316 -598 -506 512 177 -373 605 -156 -767 274 17 -224 212 512 1113 -379 -151 -31 259 691 -803 184 296 -143
-313 -237 935 -20 -1042 188 -162 -141 -31 524 -802 791 -402 -367 -8 175 -456 386 -78 -314 -443 -754 -1017 -572 -132 68 714 261 12 -551 395 -259 998 -2021 -508 -922 -887 -59 263 440 500 -132 7 343 -33 -258 609 377 -617 -25 629 -1286 -77 -403 -111 676 -548 -442 -187 -120 1835 -482 -414 749 -786 528 1521 -226 338 -32 -75 -175 213 -123 876 -166 1113 -307 268 -466 -306 337 -299 -306 917 -90 35 -1404 -118 -506 393 408 577 21 867 389 -925 -240 -404 716 -1003 -816 -729 987 958 -320 -393 -205 -1023 -388 413 846 359 434 898 -1190 -390 176 1041 119 190 226 -922 875 -282 -305 -72 337 63 421 937 -1092 99 20 81 -202 -415 194 -284 -234 101 366 234 43 157 -184 494 -876 -564 586 -91 526 -769 246 -726 -835 266 683 -320 447 -451 -326 -795 488 953 -208 -445 19 521 74 -157 230 -72 -142 674 427 -270 48 119 147 849 -1263 132 371 -396 3 -394 -275 -925 -233 -473 -850 815 -611 -23 -736 385 1075 82 262 1065 -927 -817 103 1568 1203 1611 -945 -90 430 962 178 442 -258 93 -581 383 131 -76 621 591 -509 -31 783 588 787 82 -749 -758 1045 13 -802 -436 -338 -215 -930 220 -800 -194 182 -305 158 -536 -522 -921 -282 -80 -121 82 221 -11 -303 435 1 1250 672 -1903 721 -296 -212 -678 479 941 568 -79 439 147 -593 996 776 -87 -1059 -250 -41 -224 -836 139 927 898 343 145 -422 -1021 629 37 -282 -747 401 -943 175 -633 -339 -262 -596 -21 -157 82 -104 -722 461 347 -660 431 190 -283 859 -143 74 -1182 -701 753 -508 -2243 5 -642 737 74 52 467 801 453 -108 820 252 486 -133 -400 116 -43 -152 288 -340 -287 -544 -383 1179 1005 -539 207 546 -494 339 238 -14 -990 605 -476 479 342 775 425 679 -860 398 -784 256 790 -114 -946 576 748 -490 245 109 966 -198 -366 1296 -350 122 902 42 1415 34 -252 -273 858 176 367 -357 104 814 -261 -43 191 -63 -479 657 39 810 61 -860 -1574 -615 -307 208 599 -419 -514 1318
-435 255 -538 386 -526 -858 -221 -848 907 -220 7 -58 707 -391 644 1166 -555 184 18 -293 738 -833 -215 188 543 1282 -463 -1647 502 326 466 84 -25 162 428 -14 781 -325 -345 523 -120 832 105 379 -222 204 307 -66 360 43 -261 171 430 499 -195 -168 364 -495 -653 -1181 514 -503 791 17 -67 -11 339 18 -521 -267 692 -940 74 314 879 400 256 -9 215 74 238 152 -835 -540 337 722 128 -566 -1126 -845 388 1585 651 619 -176 -267 -461 651 -1112 -100 -28 -268 875 147 -251 -705 918 522 -420 1315 -412 19 -308 -251 -339 433 -115 140 -95 733 536 -594 364 448 -50 -28 -582 -788 754 254 1352 -151 -1170 -311 603 218 -416 538 91 377 1035 139 -188 668 277 -175 -149 319 187 -98 -202 71 101 865 382 781 -39 3 127 208 -329 1000 317 -338 706 -11 1208 603 680 472 476 288 -166 -104 -57 630 189 -416 463 183 717 269 243 271 292 -18 -425 738 -164 6 198 -440 -474 166 163 -487 -574 1365 146 288 -24 510 -273 18 958 379 665 -300 -949 -813 1221 -890 448 54 -567 377 1112 705 93 258 382 226 -333 -284 -620 -960 -200 -824 465 408 -500 -995 530 -181 943 -10 831 946 139 -55 155 -400 442 -114 -148 -82 607 -191 -501 798 1218 -831 -171 -208 133 -577 426 -601 -479 414 -537 -338 247 -921 -622 180 -1103 -980 950 -921 7 -1405 533 -261 -295 -483 -371 -107 803 -171 1710 417 215 -462 1094 288 -939 825 34 886 65 758 371 -36 -613 -745 -814 -293 -350 -322 -603 716 218 1180 -333 426 151 -45 75 629 -55 554 683 -244 -330 176 -170 -594 506 1 -208 115 802 -925 -535 842 699 -320 889 -378 -320 1867 -157 429 -472 -216 772 482 474 929 274 266 -725 -177 -504 -367 343 900 -204 786 91 735 -924 1373 -468 655 -380 702 732 593 -366 526 385 63 -806 184 -325 92 324 812 -849 -890 440 -394 -531 -613 -758 348 -1635 121 11 1054 -317 742 513 112 -209 125 -120 -750 -77 820 6 -145 -413 -230 -24 608 899 529
527 654 109 -486 266 -191 -247 -30 762 -242 -578 440 1134 -3 201 -591 -573 256 1088 252 195 -257 246 1277 261 -103 778 -487 -137 -97 -388 367 855 474 -1077 548 1349 615 -439 -883 -332 492 26 1152 -530 825 422 472 298 -181 820 -5 -609 926 -364 -101 150 457 584 110 -191 -1178 -374 -179 929 -103 932 1193 658 -919 144 527 669 430 118 151 575 114 -712 258 -23 -454 -77 -172 564 401 -107 1113 383 108 442 491 560 1249 -28 422 86 388 36 -962 -434 -1202 1322 -478 -826 259 139 984 -93 607 -350 12 -97 -580 327 385 -722 599 183 -720 334 -1548 -1054 -251 -277 -428 31 -477 257 688 -367 -1128 480 197 913 -637 -638 -1485 109 -279 -47 72 -357 -860 -790 242 422 885 -1077 -117 -667 -793 -522 498 -209 117 -473 -29 1654 -137 -521 370 682 470 31 -732 -929 1338 258 38 637 272 375 -430 490 173 -586 -726 853 -436 -258 -533 45 -541 -717 -817 -8 -42 658 -330 901 1569 18 195 -748 728 -48 797 -1324 553 -656 -262 678 -895 672 1163 -32 -260 78 176 -457 479 168 455 -395 -734 426 -620 677 -429 -753 751 -283 -220 -257 -577 480 669 729 -206 523 965 730 587 -1252 475 -840 970 -795 737 -455 577 -209 -604 -840 1138 -62 -508 -37 -1508 -373 789 -345 230 333 180 294 -106 -607 -67 -380 -647 99 555 470 -253 -247 658 -649 -51 -104 -1259 -727 -1080 -1227 -1315 -296 97 138 -79 -18 -744 -986 -606 136 -297 604 453 322 -542 1289 496 692 -619 -35 244 -436 1030 447 -1594 707 432 -437 43 -183 -335 10 100 1052 171 -221 43 543 390 978 615 444 -458 59 -927 -312 -71 537 691 -87 -577 7 -719 67 98 -498 439 157 924 345 -521 -820 -95 -409 669 74 539 -1045 296 -1244 -903 336 -417 864 -330 -8 1506 -79 563 521 307 -551 331 -866 187 170 444 143 646 141 48 48 70 -89 830 1011 93 33 133 -818 -207 160 428 -1082 156 -385 -330 -588 30 958 120 635 -723 125 160 -1003 -225 -221 827 -1131 85 -288 456 -80 269
585 -1008 728 1335 428 -367 -582 555 -100 391 -377 -297 296 -279 381 173 501 100 -319 -101 -306 142 871 697 -670 -233 -467 320 -516 -398 -488 72 401 245 -139 657 -660 -616 312 -666 452 487 -546 -565 405 -648 709 541 -131 144 379 -155 -89 120 14 -381 110 738 120 270 -112 -93 -303 28 -885 749 307 -486 -466 1207 69 -238 982 1 -620 554 438 -234 -257 -434 123 596 303 500 293 93 1083 555 -227 328 -520 157 199 51 33 273 423 303 11 -319 274 1269 110 -1008 133 1078 423 -271 -549 126 233 786 165 -303 75 575 -252 -107 963 -359 -390 -1574 152 -101 -1160 184 235 356 -513 -1414 636 -857 -599 -340 982 344 -486 716 -654 97 8 -479 -663 -748 8 642 -403 215 192 765 -15 -248 -58 770 562 -951 554 1059 -482 743 -308 66 43 -187 1093 261 780 572 218 586 87 529 -66 -1169 68 441 -568 -476 -49 -211 -191 58 876 506 319 91 757 727 -1165 269 -91 -6 69 749 525 -285 -64 374 65 -469 -220 -43 -278 -502 -1147 -924 562 -549 44 384 55 -425 954 -89 1429 273 -579 94 -147 322 -102 679 346 373 -760 645 -453 -181 305 -112 846 -659 -958 421 -230 -335 -2 435 -1017 -211 -563 346 43 168 -555 466 -639 -256 105 -986 589 16 701 -25 299 740 -222 -415 -1506 535 493 -193 355 1215 217 -652 -1275 1179 -313 168 1183 -410 962 -584 -234 -256 270 -1015 -314 38 -331 1161 -408 911 675 378 418 206 372 756 1073 1041 531 684 621 -129 -240 948 -131 536 -510 -859 -400 431 -743 238 -754 -413 -269 -355 -328 549 465 -503 540 -516 257 -242 984 491 1080 -261 -1234 -112 206 -113 -640 -408 967 -776 -447 -831 -178 -51 -885 156 169 -249 -533 292 -145 -408 560 -224 -498 265 -299 -340 125 -110 -1069 315 -717 133 -87 -167 760 107 -109 24 522 162 -261 1137 508 271 114 -142 -705 -197 -33 21 851 208 201 -11 -182 -404 1335 792 206 -138 -671 306 -156 -400 253 -980 -401 664 1005 -447 529 303 -562 -342 542 790 -79 -647
-267 -263 26 -483 -342 1397 926 5 -1347 -46 -190 -236 -46 -402 -656 -1308 -293 100 667 -1087 803 -1023 -267 1246 -888 -852 605 -21 140 717 -291 316 -290 -170 -847 395 968 -697 -1240 293 -171 -788 123 -16 808 339 -203 479 -94 -232 -197 -260 227 89 415 -1292 -604 -88 -1418 35 -479 220 386 1226 1202 -206 485 844 179 614 -976 -701 924 -1254 -151 -15 -941 -645 966 787 448 275 -186 -252 417 127 -466 78 816 -29 -198 47 715 -159 -537 -647 -1390 -613 -282 535 -531 269 -1304 -397 -581 -186 -524 -63 -943 924 452 -459 -957 470 303 -684 303 -289 473 -207 -397 409 1211 -306 570 391 -1200 434 106 -1110 -925 65 297 1280 -161 -56 969 -363 805 157 -419 -506 -1092 -317 -286 325 -279 -627 -586 -55 514 234 -347 -288 81 -842 405 374 1330 -958 514 271 -471 -38 680 -772 -772 269 -114 229 46 804 -624 -341 587 -223 -143 -189 368 -691 -53 -291 248 -1055 174 59 -1541 -833 336 -842 111 -432 563 505 97 -211 -1086 21 838 -89 -601 -452 -508 -199 -341 540 -677 632 588 153 -661 393 486 -231 -1030 229 90 -578 631 -1191 -876 55 152 -790 -405 907 255 -569 166 -402 -13 906 1298 -49 16 -347 -279 283 -510 -225 -880 -842 171 -8 670 274 16 -41 -72 284 217 -589 -4 955 -121 -336 602 -1274 1923 807 -1017 -699 302 180 242 464 165 889 -860 -215 -200 -713 -591 -935 80 -1118 -1110 111 5 -69 650 328 -302 124 -1321 -750 394 -325 -906 1163 -1225 -248 -812 -638 502 92 452 -160 842 221 859 977 -96 39 192 -964 13 -713 -106 -638 889 549 -618 174 -537 463 213 116 -270 -692 -1009 1246 441 -291 -452 4 531 1187 -453 170 993 208 -671 -792 -318 416 -738 45 -452 -377 358 -157 -63 96 162 240 -617 231 -404 335 969 -345 1053 -684 1306 76 -97 -687 -440 -576 -207 -916 -611 -324 431 -1350 -722 -152 519 -46 528 -505 -563 523 -181 -1265 -41 -43 32 -696 75 395 -1288 -1304 729 147 -34 382 -96 967 -204 -697 -487 986 143 358 517 -573 -614 931
1258 -59 674 -245 -18 315 1313 1433 915 -256 -109 -210 1189 931 -48 583 -264 -739 -180 -488 1740 602 341 702 515 278 -162 -457 509 -188 -510 7 -159 -599 980 254 562 -312 -148 1294 571 -74 514 294 3 -207 -577 -706 -251 523 -304 -16 138 142 -726 696 345 -829 -182 526 -250 516 1170 -931 762 804 163 690 -326 -807 -844 206 -417 -151 -107 226 1122 1155 155 117 -712 -31 760 375 16 -768 137 774 -113 228 456 40 -425 -624 902 -89 -1653 -164 961 377 -336 1125 -769 499 320 628 690 30 -710 -125 -128 -1014 -483 522 -387 760 -81 -364 -1254 273 -998 -227 -803 402 978 -334 -111 -558 289 -345 -338 81 440 11 -530 -187 -1155 779 445 -31 93 172 -170 759 -399 -294 -340 -525 -131 574 -1259 -575 -67 -19 571 794 659 -922 86 1255 1557 448 -429 603 207 -144 -43 113 299 369 -94 175 -50 -146 -252 10 186 785 -185 433 -387 -538 -34 -657 1058 326 -211 603 618 699 -372 -663 -54 -623 -883 -767 375 -2085 944 -410 -190 546 393 -865 430 770 -531 726 878 739 94 -137 198 -1037 -280 -1104 509 284 -298 -488 194 205 113 1560 -591 647 667 -303 168 -749 421 240 298 161 186 180 -77 -466 99 410 -757 -316 416 -754 1555 -486 -13 -142 -1120 6 302 1172 -460 -516 142 -52 3 -66 165 -583 -709 -450 -114 -1760 -163 639 363 -869 380 -104 -208 1070 -514 202 -459 351 -252 467 710 569 -723 1174 -56 -233 -497 1014 14 -643 407 -152 215 -451 139 -512 892 112 80 860 673 -188 188 -479 353 -714 -554 725 -91 -649 -1108 -565 271 175 719 351 762 50 -601 -38 508 690 -173 -400 309 -1170 -109 -336 -257 -255 613 23 173 -463 -990 -26 -456 -279 931 -516 -456 -396 -792 650 298 473 -409 448 915 185 616 -274 -801 131 -502 -176 654 -387 631 -383 -760 166 224 581 310 319 -54 799 -656 764 1308 -270 1025 90 -505 1568 -185 836 136 -125 169 427 -625 1211 -400 -76 -136 140 -1233 -384 210 35 504 -417 337 -162 458 -118 797 -787 -404 241
229 24 1245 -91 -608 -437 -773 -133 -618 -326 850 -384 -222 -776 164 37 -216 -711 1446 430 -401 105 1062 -848 -1337 -818 925 243 -558 268 20 116 -281 -911 -314 -464 -509 103 -281 82 -422 473 -1040 -138 -591 -400 -453 194 -860 121 260 -162 -368 401 -32 124 -771 1178 -446 -990 51 -160 125 -525 623 500 -85 368 598 -555 399 -324 -811 378 285 410 -737 131 437 143 -268 439 -675 554 -798 -54 1123 665 -509 330 1137 -23 457 262 -195 -546 174 344 472 898 -706 32 -697 831 863 199 -210 310 50 -370 -446 -465 38 286 -313 351 257 419 -579 -199 1101 -754 28 586 323 28 -271 774 -504 -736 1401 -118 -310 504 -166 -1378 28 -36 -658 48 301 -755 -1702 860 331 171 -616 339 573 122 -303 -785 635 -472 -903 -720 223 76 -403 -778 -302 -111 -188 353 -330 378 421 -9 -663 738 -576 676 -355 -923 -451 -407 631 -140 715 471 -326 509 209 -913 -829 579 271 -5 401 -242 1114 -10 1148 464 209 -518 -87 -584 -33 -308 484 380 393 921 654 373 616 107 127 -189 -303 330 237 -374 12 -45 -353 -244 -309 101 -1021 823 66 -645 -125 639 -704 -113 -226 -690 331 -718 553 -119 -588 99 645 -482 401 -1 -1237 953 -54 706 943 546 -137 -155 -656 -1048 1082 -1365 164 -455 -202 -850 -123 114 266 1617 -411 -558 -159 340 186 -1049 -1095 -540 -1367 -20 -994 213 175 442 227 723 150 -641 681 -253 -677 61 -305 504 221 -320 -480 -636 -744 -203 -242 -661 43 -185 625 -358 1392 79 -623 -866 387 -85 620 409 195 -486 -380 -94 -1667 -805 322 -13 597 337 1231 -235 -469 -770 349 -569 605 88 588 610 -139 616 151 910 -148 -892 71 -60 -383 263 -89 142 -455 -867 229 515 -685 258 43 215 286 -85 151 -427 -764 -338 -170 421 393 279 342 -743 -664 1 935 -392 166 55 -781 273 859 -615 -304 -519 -162 -362 -1446 1017 674 -436 -894 -520 213 -359 -499 -219 -327 -22 43 861 -322 523 -1275 631 -210 328 618 247 -678 327 -52 128 -567 -259 718 -92
612 -632 -151 -441 126 833 -342 -13 -276 -434 1079 -78 281 -367 -493 -385 -1253 -98 474 -99 628 -1271 -96 -514 -352 -1003 122 89 258 743 -288 -1297 267 822 92 -760 535 59 468 138 369 1005 -482 -235 -396 485 388 326 813 -617 -155 -429 374 -517 648 154 -821 707 59 43 990 132 173 -93 450 326 257 -1103 324 547 -248 -499 -7 -317 -266 -143 1603 684 -809 113 -1019 -349 -894 -406 107 570 63 -983 -90 576 33 -262 -158 363 -1281 158 704 271 -206 -1134 -481 480 199 -854 993 415 323 357 133 857 653 -1250 236 -1195 203 -573 665 1076 -134 480 -859 -206 -2095 369 -652 377 1145 1162 251 128 -55 -397 -791 863 -250 -97 331 825 1001 -409 678 -336 -463 42 -146 234 -610 -287 733 -312 693 -1360 -871 357 -92 874 -224 -161 -319 711 861 -174 -904 -129 119 332 -163 754 -664 -216 591 197 684 1315 6 16 -733 -167 393 -1202 -225 -946 709 526 751 686 -473 445 643 -1274 -768 -755 -525 -214 -927 344 300 153 352 -6 -201 405 -92 647 -197 -180 -720 189 -788 412 301 741 439 18 -528 198 563 -39 288 -865 -799 -193 1796 611 732 -193 -111 -398 263 630 580 904 -368 608 1284 -334 -145 -420 -977 528 -797 946 81 233 770 -404 403 -421 136 -51 -1319 333 304 451 354 430 -631 713 -20 -654 1 61 -534 112 369 183 -431 -547 -156 690 316 439 726 194 546 -194 753 106 12 206 709 381 -119 403 -489 450 111 -295 550 -124 -1158 102 197 -198 -725 -881 855 -266 961 -128 -424 957 4 -1676 424 836 958 199 -40 -378 1196 -94 -1075 663 -1113 530 -193 -229 -181 -65 -368 -195 523 -262 594 -15 88 -289 477 352 143 -1118 -503 -1197 506 495 807 -308 -924 -586 674 353 -537 -425 -287 -302 -862 -135 884 745 -211 303 -179 157 902 -481 352 -222 -528 1053 1000 -436 -247 634 -1037 -457 305 -463 -34 -224 65 1366 -31 -55 170 -123 -335 -817 30 537 897 -132 317 -811 -1077 -477 172 338 513 -168 55 -487 -298 -234 484 -190 2039 503 -664 77
531 -134 552 539 -46 -9 527 333 131 467 773 -254 768 -389 294 -601 293 -738 293 -416 -1504 -313 307 -148 521 -370 -388 -165 410 -1218 -332 608 -383 458 857 -1128 -266 -383 -317 177 -246 540 36 -272 -182 -619 1847 -445 506 -93 398 71 215 690 -273 688 -17 -199 -209 1031 -823 -32 642 -715 538 193 109 -554 400 707 331 553 712 113 806 -615 805 -930 -583 514 -266 358 -210 146 248 868 665 945 -256 932 74 -806 -208 155 -57 239 883 -269 -653 154 -198 -478 -411 935 1330 -199 -152 127 548 51 -278 -543 1304 -830 661 290 -119 -675 -139 460 319 -359 61 -457 -1422 1171 -561 266 157 188 947 -334 826 -166 55 843 470 366 -660 -180 679 878 853 686 -1 -235 1379 -872 392 256 -260 -22 -291 -88 -574 461 -134 149 288 -110 557 494 286 115 168 -829 -334 473 1016 -549 -900 -421 219 -260 115 -871 -165 -933 -431 618 -164 -130 -2 -233 -743 -16 -70 1587 -35 -525 -1139 -224 -642 -246 488 -378 590 910 444 280 380 -71 -1234 339 832 592 355 -228 32 841 157 -804 -537 -459 -32 41 415 579 784 -397 469 -241 -254 -61 733 -46 -613 -936 354 318 224 71 -1278 -566 -197 -208 -250 -532 -658 -654 -312 508 476 352 -561 256 -4 -327 225 706 585 340 -387 -833 612 282 -937 14 -821 -84 -951 608 336 -17 192 339 -263 -311 1341 298 214 79 -486 1033 811 643 1088 -344 -526 -32 685 673 62 714 -1188 137 -536 -233 704 297 -1106 369 78 -134 126 -516 -344 -167 706 573 -920 -405 654 -328 -359 1009 696 -18 -577 -258 -141 -1094 602 -432 262 -361 1313 387 -738 -480 22 422 324 79 -446 -646 -228 401 -650 -608 83 260 -614 414 -1171 366 -691 285 83 478 1371 -763 -720 259 12 -693 631 -612 304 -385 316 -977 709 546 1109 195 -896 -63 659 634 211 -780 -663 -819 -630 -5 -87 193 -49 652 -284 117 237 473 671 298 344 73 -73 1335 496 -535 498 167 -321 -816 -115 308 15 840 781 -209 -766 950 391 -262 51 811 -346 -973
675 -377 84 46 352 779 -160 553 268 -180 -874 -1010 302 236 -105 320 578 123 -129 -529 -611 101 66 1361 505 323 -573 426 924 137 -303 -944 -746 -426 557 -577 -781 -57 -69 -179 -233 895 802 -430 503 19 -30 -505 -1 -941 425 -342 1189 243 688 -107 -480 -473 688 -339 533 -245 372 -202 32 -238 -764 1068 -110 554 -165 136 363 144 -220 -534 -1076 -338 -503 -695 38 396 495 795 -260 -623 -118 -817 185 227 224 215 564 526 629 11 -336 -233 521 83 -703 -24 563 759 -258 -1161 -77 0 -318 -614 248 418 -700 -1183 564 -402 -665 -1 1718 -26 -463 -3 -625 -670 645 -256 549 22 9 571 57 -206 -424 -619 462 370 -301 828 -755 -857 872 -533 570 46 514 643 66 -753 -360 -129 176 6 -468 213 317 -150 399 755 34 342 -530 -764 497 -976 -21 1488 269 29 -161 349 -917 558 -40 -107 525 -463 1142 11 -340 314 1258 -310 -429 -483 -449 -224 -967 -616 -44 154 384 -355 93 340 840 33 -187 -233 -1665 -502 90 -71 661 -508 -795 -37 1003 171 -10 -222 600 199 1192 -291 -1649 -680 207 -230 35 513 1018 671 719 -623 -54 -1153 -209 114 28 128 14 656 -401 -225 1039 -253 97 142 -110 86 -1058 150 -964 1246 -501 -1399 -913 1377 -1031 96 -188 -744 994 436 -161 -401 -527 -321 -421 394 -270 364 -831 -719 612 -430 -856 -87 -166 742 -120 -116 1327 -281 452 151 -995 2 -2 626 363 -736 -33 -62 112 630 -452 19 989 -219 -474 -218 894 -677 78 673 556 282 -432 -6 -92 67 104 745 -73 -166 -1725 -64 -307 195 -728 1041 1334 997 -401 346 194 148 1449 -270 811 149 -407 868 144 -493 837 -650 629 545 -2 -222 -212 -264 -49 -238 205 -330 52 -219 -549 -365 44 -480 -263 -515 1347 -653 -322 671 -319 507 545 -1455 -1008 847 274 -1203 758 -1259 -357 255 1288 -397 1153 -60 -110 -502 -309 -298 -175 116 604 -1259 -847 453 -708 -36 -228 -341 275 -471 1231 -100 248 -544 344 -478 -504 -396 569 -1029 -1023 -204 -738 -637 -352 426 -464 -443
432 -319 371 600 1197 -4 487 1461 -586 -204 -167 69 -303 -8 -227 586 384 -1085 125 -1018 373 80 -227 -373 851 610 1002 -898 -8 455 406 -310 60 -318 -47 -1349 -32 -782 -847 62 -915 48 -388 -406 -40 -1267 137 -1328 -7 -617 685 -452 -857 948 886 299 -552 -4 -589 -630 -176 251 -55 375 -62 436 169 -434 -158 -814 225 492 -82 -316 -862 -1039 -1376 -361 208 -442 648 548 128 133 -652 -599 1111 300 -238 -78 -435 -65 770 -774 321 599 357 1017 629 706 591 691 311 -121 527 216 439 -1845 -1095 -307 50 -338 41 693 1034 1216 506 48 -655 -774 -361 315 439 -482 -150 -865 30 -419 541 -1046 -154 187 -23 383 252 485 -1249 448 578 372 779 -10 493 624 -392 313 287 -315 89 35 -844 483 44 18 427 -927 -678 661 -191 531 1792 -678 -464 629 -87 523 281 -444 -194 571 392 757 -675 -124 224 87 71 222 406 411 68 712 -695 622 856 1114 -17 -971 289 928 235 -187 -986 1183 -35 166 694 183 292 -1185 257 351 34 -592 -1163 45 168 -274 522 -408 -294 -885 -629 -118 -430 323 39 109 -595 263 33 -452 -119 -209 122 -186 173 268 -344 -243 -224 547 -445 -306 -546 -375 101 -229 552 -953 1052 -177 -306 398 472 -66 -949 186 140 1541 377 632 -482 467 -955 -266 487 253 1065 184 313 -118 476 -81 231 -431 -478 -440 4 622 -434 661 1091 1141 596 382 -1075 -573 -1013 -452 -620 -309 137 139 51 531 1110 -93 89 1095 -504 -563 -75 488 108 477 -209 709 -794 16 -980 -182 -493 23 -256 461 -1093 -204 98 -110 -765 48 367 -922 233 396 -723 -678 525 53 237 1275 -229 1020 127 -928 291 -61 6 -592 106 -230 534 776 -310 -658 -279 -18 791 -183 -129 -442 214 -154 307 1396 587 -38 -307 -494 -114 -111 -140 -598 -160 -325 147 73 -186 -465 -854 593 953 -409 -37 824 -287 -65 -91 445 95 106 -312 1113 362 -628 -482 489 -149 437 -441 -138 -50 574 875 84 883 -6 -280 -1164 383 535 1026 -443 -287 45 356 994 665 -768
216 -523 -103 867 32 -258 -583 711 396 -1576 -304 -303 1157 1477 95 100 1190 348 249 -1293 345 -2102 -728 94 299 613 -202 -861 -2391 -1749 -725 -618 -871 -486 -135 -511 950 -254 1023 -12 575 389 -188 1066 -152 -902 -56 -79 -718 -267 99 2 -1134 139 -749 -192 -509 359 127 547 13 560 -363 -66 -615 -1334 -456 -29 -475 -320 -1250 367 -1104 767 216 216 1041 -191 -721 62 354 1439 616 537 -277 -1613 -448 -747 -477 870 2014 -364 622 -445 231 1020 -685 -816 741 165 -98 -276 974 422 1057 -230 -18 308 831 -217 -860 -197 1103 306 956 -420 -333 -492 1374 9 1140 -647 430 -781 269 -753 -539 1583 661 714 -67 644 -49 -958 -771 -448 205 -1012 268 -884 -88 -750 418 -490 -824 -155 -135 -297 -497 -40 411 -295 125 688 574 574 -893 -144 -556 -668 -512 -414 -1713 -166 -557 -72 440 -1173 771 -267 574 -772 66 -60 887 808 -249 -284 -777 883 694 -870 -1303 23 -845 352 -439 599 579 -508 -385 -23 89 -226 -18 435 -1160 61 -59 -1294 -117 737 -302 -672 -178 530 738 -95 -366 1681 288 -476 -498 -330 -714 897 -1529 -1165 260 182 128 -218 -31 232 0 773 -45 -80 -743 -1135 -439 1148 17 984 329 -121 597 612 -1045 -96 -388 860 -545 480 -109 -1072 -192 -260 -526 -720 -1620 1757 718 1381 -422 1005 449 1161 578 -325 -24 -162 208 -392 -552 -1210 -373 262 -544 -215 635 306 -662 1384 194 -431 474 670 -891 -477 184 -248 874 846 -748 -748 349 -568 517 212 -527 -266 -59 -779 172 513 54 -59 596 454 109 1140 150 -607 -657 -140 1019 -1042 52 799 -82 171 -8 -379 -322 195 -104 844 -9 -586 337 -707 -635 538 -153 708 518 -1025 175 -1162 440 353 870 1298 -1333 -421 -1167 929 -365 123 -900 915 -1165 -270 -503 152 1496 823 -456 327 -488 154 806 -198 1092 -832 -442 -195 -982 -14 908 -719 -544 -197 326 -112 -249 -187 -167 1127 -93 1537 -859 47 -319 -192 -673 567 -181 417 642 -247 -795 574 704 -377 -71 -727 254 431 -689 -1460 -212 448 -527 -410 22 543 591 1169
51 -259 -29 -126 174 -585 770 -581 -968 209 1727 -162 17 103 279 241 176 128 -315 797 862 -769 461 -399 -14 167 -102 -24 73 -781 77 -559 942 -179 -717 -186 -115 559 319 -200 1189 -263 59 137 -372 577 -861 -436 1413 814 128 -1180 157 -899 1179 89 -290 701 286 6 14 -899 533 -881 -3 269 -659 -558 620 372 -171 54 -467 408 -286 477 -311 -608 1096 660 -1000 137 538 -203 -287 -1117 931 299 390 -327 -139 355 1047 -310 -319 142 -90 187 308 324 -275 440 824 108 41 543 633 -39 -235 111 178 -714 -868 -2 -808 470 -71 -354 616 -289 666 -10 -406 442 -899 -493 -306 -727 -797 470 195 464 -392 436 -301 -696 820 597 658 195 270 -332 648 296 706 -97 -416 565 -16 -990 283 -188 1121 628 255 -268 508 -312 -794 -242 -155 -321 -133 1176 398 -46 872 -99 35 -671 -17 -41 599 -124 560 423 117 -143 769 -861 257 807 -216 -317 342 -39 -236 217 -965 -669 212 -515 1313 182 -398 -358 -591 214 -20 -59 39 390 -40 334 195 311 107 677 -425 -1169 -660 173 1826 783 -358 823 -184 615 -174 -429 1026 -595 -211 -1829 -497 -612 -368 -70 -236 1000 175 93 572 761 372 -508 -852 522 484 75 -644 -394 137 252 68 50 145 844 -58 -112 -256 -520 -865 -8 1164 1077 -707 -715 317 -80 105 -206 -76 445 -1064 497 649 -618 512 1050 752 407 -148 -404 506 348 -225 779 -90 682 541 -699 -700 -590 248 -67 1061 925 900 687 770 873 -684 640 -569 -745 -1260 -663 703 -736 901 -554 -109 136 -830 537 12 1568 -978 -695 -260 373 -626 681 -213 189 531 -1225 276 -462 102 -219 -103 -789 847 722 -448 446 -128 62 -386 504 -1377 32 650 276 -1313 20 167 462 162 208 122 149 336 660 -453 761 -472 -211 483 -303 -269 442 363 562 182 1540 9 516 508 -540 -94 -298 900 -796 -4 499 -271 -98 -1105 810 -244 -995 1167 -1062 324 -1193 390 1352 755 -17 -757 223 -1043 474 210 12 -243 -311 -485 1453 730 100 -188 377 -160 474 -251 66
-573 -540 1134 -336 -606 -1578 368 563 -212 -197 -576 -1200 -846 1113 1396 -139 489 88 -300 175 -610 12 -42 1324 -245 -251 80 0 -158 864 -1404 -733 -386 921 -589 -294 -925 -636 172 -419 -92 796 -327 -154 -353 -1042 817 122 -447 -408 -304 819 255 -133 145 435 231 -5 -649 -194 1563 310 -172 79 -749 69 -346 -939 637 366 -118 -147 -257 558 -490 137 -81 -622 -69 159 931 320 -535 911 366 -1018 -412 -286 -134 -82 127 870 357 -370 -2 412 373 30 -1121 -193 288 1076 61 882 -859 -17 929 405 468 91 -254 -444 171 -329 -152 -633 -1228 529 -148 1648 203 326 432 -25 159 -167 -160 93 -66 307 494 -787 442 -153 -256 -700 799 466 853 1 -218 426 57 -81 167 -319 -1134 435 -626 -45 -42 -1083 -12 -593 -1113 -607 -88 1356 -285 620 518 334 -328 828 662 94 -242 1452 -294 -43 174 109 484 -481 -45 -381 -477 106 -926 1088 -850 -532 75 111 -599 823 47 -667 561 -831 -335 -1246 129 215 950 -271 777 -623 -279 316 224 387 106 154 -43 -240 -691 -753 -460 -594 -1292 -1016 156 -421 182 894 926 -117 -471 -470 -271 99 223 402 -350 167 40 3 -238 1287 583 -347 19 -439 263 -396 21 -205 1012 545 768 304 515 -262 -496 -607 227 367 -988 -409 877 -495 526 947 -384 -448 365 94 -245 -993 -582 247 -86 -273 -38 622 363 -1247 49 -217 157 416 76 1293 -115 1080 -486 806 -658 -325 -575 -318 642 -72 -88 506 -245 -39 -1485 763 210 -221 65 237 830 -326 2134 -1220 21 435 -464 558 426 143 -84 -89 387 -497 637 -42 -182 316 -173 -377 -147 -81 198 -390 366 69 -870 75 -668 332 227 321 1179 34 240 1609 433 -903 -1460 -371 -891 -730 681 -451 29 -847 -125 -286 -1118 -576 -85 802 -197 -860 -469 616 -486 -855 -406 -892 -302 -144 411 -317 14 420 187 -584 441 -202 211 -910 -132 -315 171 -83 303 -288 85 425 479 443 1663 39 458 -856 -14 853 114 -635 -13 136 -1010 688 -269 742 -523 -1735 640 506 70 390 161 461 -1198 -32
286 58 186 511 -589 -114 -891 50 -151 154 -202 -145 -16 513 429 73 207 -273 214 -438 422 78 971 387 -293 -997 40 -36 -463 -1259 -1043 -853 399 -911 479 424 1045 29 -1045 400 -101 -22 375 -619 440 -1221 227 -78 -1452 -158 34 545 169 -685 225 53 643 -460 330 -702 -651 -645 126 366 360 252 -97 37 521 1342 -927 -737 813 294 -545 599 -40 296 804 -149 -111 -853 -926 712 479 15 -1311 397 -164 -651 866 -40 -1110 -1038 284 970 -359 904 -207 -77 -763 -337 -18 191 24 -68 -138 -486 530 41 390 -598 -33 694 -318 491 20 -277 -417 111 697 429 299 368 297 -254 -177 -94 -1235 -130 -466 521 667 475 759 -959 -985 -336 -782 962 -446 88 -250 -118 -1513 -535 -301 519 561 400 -115 1525 218 1243 322 -273 1339 -1128 737 336 1068 820 110 515 -703 90 391 54 733 102 769 -1039 817 719 -512 -282 -276 726 -391 -127 -1466 247 -338 -565 -164 344 -764 928 228 753 213 767 -446 -376 -685 408 455 -190 496 -548 -908 552 644 48 -7 -506 -883 221 183 943 -358 -4 -240 -546 161 367 -188 1806 417 907 -839 -78 545 -460 914 153 734 -643 -904 14 -635 367 -375 -630 -246 160 -417 173 -481 -352 1235 -97 54 -473 371 935 302 -714 -185 182 1303 76 309 201 -231 -171 116 -120 -16 41 61 -514 963 -290 319 0 99 1148 -115 -575 -431 313 -239 -522 -818 -302 244 -971 -432 -518 -467 724 671 155 131 -439 114 -1255 -1044 -917 285 -147 -964 -471 -50 -737 -249 583 174 445 -732 -655 -538 604 -136 -1716 -392 738 11 367 -418 115 -821 295 -464 328 54 35 433 -1298 132 339 -90 246 260 -32 351 -470 -169 369 773 250 -325 -920 -179 816 -1159 -358 138 -173 604 -595 181 -16 449 141 682 1198 -27 -213 -350 -887 732 381 874 460 736 -223 572 -162 -904 -104 -1384 -38 -266 422 -99 939 548 355 1200 -516 616 365 -462 737 -126 -426 410 657 -1093 -264 549 -87 -49 -326 -186 440 1089 -1081 567 -690 -833 -886 -1376 367 1628 -65 111 -63
-414 -208 -1343 -775 -309 -239 570 284 -190 -1090 -504 -1065 131 -347 -150 114 33 329 -242 -372 266 638 -560 -838 -736 -246 233 -562 310 -201 366 -33 792 -144 237 -102 -897 -195 183 22 313 -106 -439 -41 -45 -211 -351 -301 -565 557 -36 1136 -686 -1220 -422 -644 630 545 930 -25 256 -651 -595 215 75 221 -732 1316 -323 502 639 -319 -451 130 805 235 -335 955 136 -391 -815 334 854 2018 -424 -371 -122 -315 84 -126 1096 -1052 -120 247 453 996 -1013 -239 -7 453 80 1166 1057 -698 424 1014 658 268 480 -146 757 -956 121 114 -94 -378 469 -644 87 156 997 -19 -299 -1414 204 -268 1188 1559 -117 157 -862 -203 1049 730 232 -1233 -645 -742 586 -783 13 928 -543 619 688 -171 757 279 -133 -1045 -476 575 -240 432 -777 393 -386 -710 -1359 -983 -159 945 78 -480 688 258 458 381 -1475 -595 -1108 1057 419 -442 353 68 1221 -98 -510 -895 -188 -935 -688 -239 -614 215 933 -251 593 954 84 -536 76 -285 -570 686 -589 -518 -68 -1214 -1442 150 -1070 1473 -1494 -630 -236 -694 400 -367 543 858 155 -630 1518 -505 383 -706 59 1341 -261 724 362 -375 184 249 3 710 331 481 1008 -436 723 -1143 570 -514 -127 -158 71 -1055 -132 499 202 -527 -291 657 -94 483 -839 -662 -330 645 -397 -441 -1063 -355 875 145 -678 -357 303 -196 -134 -326 635 100 591 811 602 -692 362 388 537 242 128 451 193 -203 -76 -149 -77 154 1115 -388 977 695 -264 566 900 -881 555 -504 -159 -438 -1243 15 -294 -214 -173 -537 -36 -54 239 191 -278 -417 390 -174 -205 -366 953 15 1078 -469 251 225 23 -480 722 -585 1087 324 427 246 -1185 680 1047 23 -29 59 -638 88 352 79 -407 -373 -19 -310 154 34 -723 161 625 -1514 -187 -1105 -712 -584 545 762 291 181 207 13 -13 -113 34 -322 -839 1187 492 -9 658 1258 -203 425 -194 -1220 464 -270 81 -1679 183 592 -503 -185 600 -741 -110 1401 825 372 85 476 438 544 326 -216 -249 -291 288 -156 -248 -144 360 -335 -325 -451 -110 -638
129 -215 279 763 448 16 1 645 -759 -333 -69 -305 -894 -755 -645 243 78 -556 -11 -457 360 -448 692 -837 369 -448 1 -1153 528 -645 206 289 58 692 29 490 -337 224 -760 514 896 427 945 -474 -698 -988 -208 -244 702 828 1200 -343 584 276 1318 266 -54 -379 351 -300 452 1129 -184 284 -84 -447 150 224 853 -90 91 -182 537 -504 768 330 -414 -1318 106 -580 1579 -559 45 495 419 177 -213 1018 481 -770 -80 127 -546 -678 -195 337 64 473 -65 -74 -873 -422 -678 334 -241 -119 1302 -1091 32 34 -825 727 -859 482 -438 1171 749 1 120 -235 -555 432 593 -648 535 -970 -1251 -83 -393 -1254 -608 -561 203 489 1023 808 265 571 273 -110 -344 97 -65 -374 -601 -471 214 651 387 534 363 224 61 -89 133 -666 -754 391 813 -534 705 645 -53 -171 720 75 176 -108 583 582 776 425 -393 -256 1065 1118 189 -153 758 643 -735 160 175 567 84 -308 126 486 -63 -815 -190 166 -1183 198 342 282 352 441 -445 -3 1038 612 -61 -403 -633 -783 1285 448 666 808 80 -71 -1084 414 -24 -72 98 -105 -249 524 -667 374 409 727 479 -4 -447 24 1017 -739 -240 -151 -781 49 -56 -333 44 -218 -874 205 -460 -584 -803 -604 438 547 -27 220 -806 1097 113 -363 650 -590 614 -218 204 53 -270 -68 166 -162 -444 -834 -582 490 118 479 834 -369 -442 -178 319 -642 878 106 448 -99 312 703 -23 177 -785 64 -935 -924 433 -357 -214 993 463 675 -535 -1167 931 -849 504 841 242 258 697 1116 -178 -1654 1055 126 270 -654 902 616 -540 244 260 -471 -55 -51 -412 -872 -859 -692 -639 770 575 -88 -262 -681 -564 -600 -733 -304 466 -776 61 -124 110 744 709 -360 303 -792 55 216 -842 -827 -240 -306 17 366 -87 183 -577 -241 653 841 498 -989 52 -662 -815 1040 558 -474 361 738 -323 -209 -766 362 -306 -340 371 615 159 1741 -761 -405 -392 -540 461 750 -936 -148 39 568 -410 -470 430 -54 529 -589 -145 33 1381 -979 424 458 593 1041 1518 -176
-497 243 30 228 -652 -280 394 -746 -1155 -245 140 594 -1679 638 660 -592 396 -313 -136 216 563 454 -54 557 -676 -125 689 -911 -282 1302 133 153 -437 1235 -491 -778 -271 159 -427 105 9 -573 -137 -1361 -27 -836 521 -971 -188 914 -411 323 308 -30 770 367 -236 38 545 -825 -483 -194 -1354 -895 -193 110 -61 359 198 -1951 685 499 -157 450 33 -1246 834 -659 130 -564 408 -280 300 -1928 -486 -193 -825 1011 890 -774 -1809 1133 154 -141 -174 -219 1483 1013 557 759 -850 552 -127 -1362 -144 -165 805 -112 -300 234 499 163 812 -487 30 500 -350 -181 -238 -145 423 -368 276 -79 474 -337 930 -901 -1285 -94 561 -851 464 -580 -11 -303 757 866 -135 171 175 118 243 467 -199 49 -684 136 -585 156 -294 -362 -289 -213 160 419 -456 408 480 -157 175 1227 196 164 402 494 -160 731 -105 -21 104 -250 1259 398 -374 784 -1092 -1004 2 560 -465 827 -420 738 713 640 -251 603 163 -287 216 -889 -525 1152 603 399 617 727 650 221 -2 3 901 231 307 740 461 589 1271 -926 -803 -196 -436 -269 -756 232 -242 -324 -1378 344 235 -262 47 197 -109 -317 -565 -300 -1544 -543 702 46 331 324 -33 786 -190 -619 439 905 473 -992 135 570 -130 713 590 532 797 257 -203 71 160 298 48 -1016 836 -533 167 -115 550 462 839 906 816 -400 285 165 940 -1638 -202 -273 798 296 146 -601 350 438 100 -397 98 -121 -1077 -144 1571 681 219 759 -947 237 70 600 162 1344 129 215 -145 194 -232 -524 517 207 -944 -557 507 -139 295 754 -178 583 -34 -268 -880 -283 505 -347 -712 -558 389 153 -1008 86 856 -110 1167 430 -1107 245 -64 -558 676 454 107 -797 513 -39 243 -279 -455 -159 964 784 -758 1202 402 140 105 -354 692 -572 786 85 -347 -112 526 689 -957 1126 502 -520 -554 318 172 881 -698 434 111 75 248 261 2 -34 -758 26 845 -190 -648 -1075 487 764 -306 496 -166 -219 198 -739 300 -44 1024 -105 -204 -692 702 91 -62 598 589 222 319 -401
1001 -751 534 -31 -246 -297 759 66 23 -106 92 -676 -213 1098 270 75 53 258 196 -66 837 181 592 628 -621 104 -478 316 455 773 -169 -653 -134 -558 588 -309 -350 346 143 1062 -217 -155 290 -401 394 -524 313 -344 -82 817 -767 -250 -467 -1078 700 360 102 74 -276 -408 -173 43 -360 -760 -19 111 -955 -9 328 -153 494 1131 -297 643 748 76 -284 806 915 486 -1297 72 -1367 141 -934 -553 -98 -112 -34 -148 -191 1381 -510 -782 504 -333 -11 800 -148 1146 -650 333 -490 929 -561 675 388 299 888 137 932 -430 507 286 -1013 122 -757 111 855 -902 622 932 1070 219 -107 429 764 -262 105 -112 -934 -442 -385 -1123 -1311 -258 721 -129 72 -485 -344 695 237 1133 -241 414 -905 -204 -6 -692 -412 -20 -75 423 208 -214 -513 252 -138 422 411 -1012 -5 -672 154 -370 390 622 -1558 -394 429 101 -605 231 1832 -61 260 -2 -104 -506 4 593 -1588 106 -899 7 -92 -1384 -376 730 193 -469 125 -240 622 -505 -195 -297 -862 -1058 95 -848 1404 643 -184 -1046 -613 500 -320 907 -274 -95 -1372 -537 -409 -674 -120 -237 77 -435 -611 -198 264 -221 -323 939 39 992 -232 -1753 237 -13 952 66 -326 -207 917 404 599 -7 817 -580 415 1402 565 -775 104 -778 829 -207 -776 -360 -394 658 -252 263 -49 541 283 13 743 1404 93 397 -540 632 -363 -77 -772 -469 -286 -288 305 689 188 429 -1028 -1343 56 -611 -121 -170 168 -85 816 72 50 -76 979 188 97 761 9 833 -241 40 827 -42 324 211 -1568 -736 -1838 -257 -578 223 -743 -86 668 1355 -631 586 -560 890 104 -8 -101 -206 -818 37 -318 -154 -252 1192 418 435 -555 -579 1118 -147 942 -1287 123 269 -156 -919 -898 105 1723 -412 396 -85 14 580 618 1409 1067 -111 864 98 353 -295 -723 -1066 -835 87 520 423 -639 -480 -761 853 -533 483 -383 283 683 -1120 1083 1055 -961 339 -36 -303 -761 -179 986 -869 -11 216 -353 -1103 -717 416 -654 580 471 277 -114 -558 -1013 -489 493 -850 -444 890 488 -417 -746 552
442 -62 -494 1059 -73 -1010 319 225 595 -1039 74 -732 -375 315 -224 856 275 1174 -426 1827 517 -711 367 -824 -72 -1034 -28 -917 -249 -581 -194 554 -1410 -26 -67 250 -96 128 238 700 63 -242 1281 305 -472 74 -1272 127 451 -190 52 -311 92 917 529 358 -554 -102 451 -433 -392 512 514 688 -843 186 -953 -473 -1271 -408 694 -354 138 -288 341 943 528 908 -225 -240 -266 249 165 -115 -113 -329 3 -844 -529 -153 751 -348 -552 -125 -265 196 -320 -358 -96 884 17 731 -506 1103 55 -1041 331 301 256 549 427 536 -997 -589 -369 -114 82 285 243 79 745 374 -648 526 -780 -620 166 475 1360 80 18 -291 544 378 -151 -561 -186 604 -568 -336 60 -721 -436 -1508 1093 -515 840 -736 169 -310 513 651 -1195 -143 -633 -654 364 192 156 210 -541 581 -40 34 346 534 -1296 -107 -721 688 15 -328 -736 732 561 -515 -1047 -257 162 58 180 -1175 -667 10 -251 611 -25 343 166 -564 976 -228 586 419 952 519 513 -1214 -385 1281 -792 -434 -185 -382 811 -468 77 -739 58 39 -567 609 -5 -1005 -445 723 724 -1008 1256 858 -17 853 1012 -250 245 421 148 471 -10 733 -177 597 -311 831 639 591 364 -176 152 1221 -99 381 326 461 1110 -515 153 627 -470 -437 -1455 -474 1148 -348 217 -992 -495 567 -569 -226 -768 669 783 988 990 -592 110 -132 -580 220 793 -577 -1 -144 -760 186 876 -707 -40 -223 612 -304 -99 784 -113 -705 -694 311 1078 -1278 -336 -258 -81 -599 -364 -784 743 252 -1151 -342 -428 -30 459 -41 96 -157 -258 288 -699 -384 695 -803 367 -64 -801 -68 -20 -1117 224 -5 -502 -557 111 845 410 -1000 -472 -184 -822 -1082 520 -1109 704 -389 822 -67 891 -133 -588 -1404 419 -543 -591 -122 -204 169 -1425 -336 580 -400 -741 -280 -902 566 472 -292 -272 52 -276 46 -493 -552 -112 -14 291 1127 -472 19 -433 341 1057 -818 -277 598 -337 554 -781 -82 -247 304 -1035 327 65 -541 359 -662 98 -316 -123 -36 -558 -914 394 -104 -1113 -644 317 456 -242 -763
-693 126 -55 106 110 654 -869 -1997 -852 164 932 -1857 -206 -534 -410 377 809 58 211 -411 225 738 850 272 -228 -714 -1040 -318 -111 194 -543 -120 644 -19 -647 -109 -712 818 199 147 867 -1365 -870 -489 716 -464 -785 -120 371 -434 -1000 536 -72 -350 106 -1190 -596 -81 -379 714 -26 -882 -592 -142 -337 297 395 937 -306 -473 120 -1 389 330 1092 1058 -892 162 -21 -393 -153 -1163 -165 -455 369 -915 -139 -230 -773 -58 -909 669 -247 -72 -687 -16 -1500 361 874 645 -492 332 -100 622 -154 -320 -320 -340 616 -128 60 397 185 557 504 -7 521 -583 -420 78 -964 1237 11 -34 -1142 1154 732 480 -596 -161 919 -337 836 -55 -130 418 -1097 -467 1704 -923 -512 848 255 563 -530 821 -313 -894 671 -303 -902 -146 980 1573 895 814 721 -388 -469 810 -978 -526 -680 -64 456 -415 169 -1326 -694 -666 -988 770 -101 -17 -636 97 -97 76 480 207 213 -127 -763 -302 480 325 -137 410 -32 1028 178 -34 -227 -1315 67 369 576 -322 687 -5 -487 -515 -84 1188 325 -137 259 -515 -63 -793 -22 -389 896 291 -116 300 479 -101 -235 1329 540 -195 -565 -202 198 319 145 -15 -102 -829 390 -494 -93 -186 683 728 554 -123 1323 -174 619 918 948 1133 -972 -1132 345 1502 -706 563 728 -69 228 -349 1064 -454 221 -753 -469 -464 -625 -40 912 1195 -106 346 656 -1078 1695 -690 316 411 -378 630 -33 -327 -596 319 406 -956 715 -370 -614 -953 140 -109 -77 -575 -758 705 452 -187 333 -264 -1183 -276 262 -272 -545 -750 -896 519 910 402 -569 -484 686 376 -712 -282 -498 -260 97 -537 -555 -408 109 -445 162 458 356 245 -958 228 639 -505 -193 1463 2 -63 243 817 -364 483 1145 744 220 -684 419 849 -532 -143 -715 54 943 -556 49 789 -709 -79 -342 -378 -606 678 -10 -484 780 -692 385 273 725 588 -157 582 -421 664 124 189 409 -576 867 608 -130 1321 -441 -180 195 -515 -47 325 343 -233 -225 -444 -787 -836 -279 168 -306 120 -191 -82 448 145 187 -778 143 426 -92 330
-902 -454 -545 -383 674 -333 258 515 292 -67 -848 630 -128 -337 -126 -1014 -263 -756 -49 -731 -787 -454 -1018 371 -93 382 316 298 197 694 -1243 936 710 -13 283 326 -716 98 558 53 865 -695 -275 292 393 741 -1037 -1245 -774 122 -215 352 293 -92 735 220 943 157 846 193 -770 729 -614 -662 23 -502 -180 461 -66 -233 -324 -428 -178 -96 446 -235 -454 -274 69 -421 989 758 207 -1477 925 -31 -272 -391 -643 -188 -2 588 -1116 -688 -103 531 -210 -69 -381 415 126 -494 1275 -126 -567 781 -233 -52 698 -358 255 261 1204 1195 -872 489 899 -518 -99 563 -671 655 94 -831 126 724 -603 -581 -458 800 610 147 -1009 -798 563 -5 -770 1245 -94 -825 -1018 -638 -141 132 -861 530 866 -32 30 751 -707 595 483 257 445 -320 501 -127 -346 -773 302 1064 405 -501 -369 -54 -227 -153 182 459 -555 448 -468 -112 -1058 202 375 481 446 -481 -711 -198 720 -647 -692 20 -1018 -452 -82 -293 99 -178 834 62 594 -159 -744 1140 39 -360 -428 1195 269 662 455 1131 175 548 96 613 -724 -411 421 -197 -645 -408 -863 1510 858 -509 -551 -265 -103 109 -645 578 17 -810 -969 -547 -39 112 -828 294 88 86 462 348 -328 154 575 -648 -417 -93 -284 -272 44 -362 12 558 376 879 -583 -725 1436 -568 680 267 84 126 95 657 222 895 -422 -511 491 478 277 -1197 -248 733 1060 720 244 -1308 -9 833 269 -488 480 -254 320 -230 431 92 -316 -1840 130 351 434 -25 226 -347 -658 -663 -650 54 394 982 -142 -464 -88 -1171 499 578 -54 451 -45 -371 461 -572 -326 -1293 665 -552 616 -383 -299 687 296 638 345 1111 143 99 -295 398 -18 59 189 -325 -558 -382 1069 -63 644 -1013 -64 -300 267 -437 29 -354 -203 -35 -689 -120 284 691 728 -173 -263 670 -640 302 -896 159 345 131 -322 -629 64 -419 -1150 1125 576 362 540 904 -1173 98 -1452 197 482 -267 -820 152 -583 756 -803 -230 -14 -716 -960 352 -50 1221 -367 -671 -60 -478 180 268 -168 -826 -478 673 1278 523
565 493 -285 -234 289 -260 -387 -1609 589 -538 -47 550 628 -39 66 -315 -965 538 1132 27 613 426 199 863 148 -913 -94 -444 -542 102 -1051 -394 813 947 333 -131 -100 407 166 401 1017 -26 501 701 -221 236 461 -11 276 18 449 -545 53 48 -350 403 391 1232 513 -77 -1607 -1508 -305 -451 74 -477 638 169 -570 810 270 329 -357 390 -605 183 560 71 -103 -1221 -975 425 44 -355 322 550 -221 329 -208 -165 -78 508 -392 -254 35 770 -771 -464 -975 1006 221 -502 257 421 344 2492 413 12 -935 345 452 -508 250 676 -124 572 -699 28 -257 847 213 -787 536 -5 -938 -938 647 -605 194 -198 408 270 -417 90 -263 -283 -994 -94 -512 -560 -617 1350 -189 632 -1002 982 -1074 314 125 403 116 -547 -408 648 784 -226 21 902 641 -1249 804 132 -261 0 -59 -627 501 -954 662 -30 -306 -161 124 -202 470 -305 -255 339 -726 621 247 336 1065 -378 -497 283 482 -309 247 793 -2 -557 986 -395 -1426 -530 973 -712 372 238 -521 -849 -5 136 327 228 106 -822 -112 1238 577 446 821 -670 -586 438 437 41 -557 -9 -457 281 128 470 -55 -441 -76 361 -117 -388 774 -426 -665 -411 147 -29 -623 -32 -588 -523 89 -646 264 456 -410 -178 751 189 353 893 434 264 -8 413 -886 202 -143 -903 65 -1100 1003 -369 30 1104 890 891 240 -51 -137 326 400 131 -863 -415 -156 366 948 -146 -246 759 497 -673 -291 -289 672 446 159 -674 -247 680 249 -323 1552 -483 51 204 -884 696 498 -489 -1137 -1052 -1112 -1325 -7 400 253 624 -906 -619 -664 -384 -775 378 314 -676 792 711 8 931 883 868 612 274 -314 -32 -428 -14 785 82 -253 -759 -256 -750 79 -112 -138 -49 -467 -74 -120 190 705 -896 253 1068 335 -778 -653 70 -190 -1186 520 -693 522 181 487 140 448 590 240 -46 -46 1275 -850 1046 520 450 -510 -311 810 175 -248 1577 -1339 321 -602 126 877 556 644 -533 -609 -976 358 -444 -348 -58 552 -918 138 131 -1164 -1320 641 -17 805 -750 307 -108
130 1022 -473 340 69 -56 -519 -282 13 -482 126 -391 98 565 377 -316 1121 -162 -1078 457 -372 257 -1217 -1202 355 -515 -895 500 414 -804 913 -75 -10 833 -217 896 -380 -457 508 294 -418 4 1635 283 489 354 759 369 -254 1165 550 -231 51 -671 -166 -18 620 92 -339 100 -1223 816 -738 999 -675 -418 -733 831 -747 -626 691 502 9 882 380 -171 959 570 465 -142 -310 129 906 71 -212 475 -647 1410 -153 -506 -502 -1126 164 35 366 851 1343 1963 940 -837 -32 88 584 -1129 -678 -363 155 -613 -755 -1058 1506 512 -177 787 720 -1244 648 -882 -537 -439 210 -699 -658 5 -4 -401 -294 -1224 496 -611 702 1231 776 -151 -25 510 -308 -428 555 1545 -1437 521 1114 460 713 -15 525 411 -111 -556 746 -732 1260 -230 410 538 -424 -407 854 522 -473 847 -781 904 -542 -334 -432 478 424 405 536 228 -135 -910 728 477 60 -1103 547 -869 -328 370 276 -48 10 -276 -113 -1031 -1986 -551 44 615 -507 -856 -493 -500 390 118 349 228 -426 23 -1480 431 -614 1511 43 996 -471 127 69 592 923 -113 602 -394 839 -1105 -72 1070 -124 247 -472 366 -371 -269 155 184 544 -1288 154 91 -139 96 -88 2 774 -239 -214 30 -47 -248 720 -602 -452 1044 841 483 -317 895 259 420 -1501 -969 121 -537 -472 -96 -1018 -502 167 -80 262 198 499 1270 223 -330 -144 -853 397 563 -28 268 115 379 -253 -794 383 -94 -260 -184 651 58 804 -661 524 57 975 -607 -233 -1016 -598 -85 696 -409 77 -219 -297 134 555 -679 108 188 1076 -272 47 -249 86 -638 142 -251 -102 -495 -1028 567 -189 -932 93 -272 -314 -482 -254 -445 1009 -344 536 -8 -591 -279 -450 -249 112 -194 1206 904 610 181 -80 122 -477 -601 278 12 729 810 -630 517 697 -996 1481 646 553 112 686 -62 136 493 942 -311 285 762 -32 -18 -555 291 103 890 -497 463 655 -497 376 639 -674 807 -97 663 94 -474 -36 215 276 78 214 19 -43 -174 -108 240 399 124 37 1122 -627 -366 605 -1050 736 100
608 -564 -243 -269 -651 -299 -567 -671 -805 564 -676 188 -386 650 -102 -164 536 246 -435 45 -2 532 133 402 945 -140 603 -1038 -169 -788 129 -688 778 614 166 -101 184 -170 -857 -1094 836 613 -212 -310 -1428 249 -312 -1914 509 -32 285 -567 -185 423 154 447 388 -917 302 -511 -247 87 446 -252 -900 898 517 -1197 -321 74 -486 -465 -93 -409 -502 85 119 -936 188 8 664 -304 -801 -291 -269 -312 -780 622 29 -27 294 -86 254 -145 139 438 344 -102 340 -1346 35 576 650 -17 -946 3 579 -330 -794 852 293 -188 274 357 -443 406 434 457 565 240 -335 368 -81 406 33 51 438 -91 -153 -132 763 321 430 -65 828 522 781 576 -516 425 1414 -298 137 109 363 -764 -87 -365 -77 606 1164 298 -256 -137 -682 -30 -2 -1236 462 1004 -5 58 283 312 974 -233 -1093 13 94 -974 866 -1033 546 489 189 877 587 297 -323 -571 79 223 -815 631 709 -72 -904 -220 72 557 -525 -472 -442 122 46 -625 -1325 -730 785 599 65 -20 -1096 -226 -387 -145 34 -86 951 365 -443 -711 1077 231 -326 1177 -157 513 533 -377 -308 -496 219 343 -602 -23 51 391 340 -685 556 -333 -447 491 -822 361 162 -446 -323 -79 -263 -44 1062 225 22 -173 -38 -460 -268 -399 -683 185 332 879 -646 -114 1136 538 756 -536 711 211 -546 14 139 451 -1184 832 186 -1349 -242 603 581 -408 1313 -104 766 349 561 -560 190 -525 -112 9 422 270 501 432 -719 698 412 95 136 110 -117 -44 274 -554 -131 204 -537 -729 -685 381 -184 315 895 -858 196 88 238 1448 -275 542 69 -198 -393 -1038 4 -805 1165 -49 -282 -328 550 -732 562 -577 381 387 -31 -554 151 625 -850 465 22 -327 246 -727 -102 -204 -223 459 1415 -103 648 -391 -666 -62 678 -113 -1402 642 270 529 -540 104 -41 415 81 313 268 -444 1042 479 -5 -212 841 680 -218 -776 597 741 942 -528 103 -247 318 272 257 -215 -279 257 -333 31 277 90 -536 868 -818 2 219 -158 -327 316 974 470 200 -654
575 -165 0 -282 -975 -599 411 -141 -237 108 82 -328 924 1179 -261 827 126 -1125 736 183 1557 -907 -687 872 -650 516 15 199 -365 494 442 -975 -763 180 350 226 293 -512 -240 -451 339 -792 481 180 707 136 -85 480 -726 -1337 1673 -200 -247 -274 -144 914 -493 -569 935 -86 12 -1370 250 -346 -1083 201 -439 -963 328 1000 245 655 -181 -396 296 -589 929 -249 478 -631 -475 330 235 3 -730 -295 357 332 217 547 522 681 -559 -60 713 -1249 772 175 -199 323 -182 -734 -173 -546 -132 837 -105 18 1375 -1237 320 -995 -123 -848 1213 -365 383 172 364 445 -359 -160 368 -444 -140 -481 182 -711 296 -677 1409 -86 224 -732 778 -165 -235 24 -868 -1424 0 1308 37 219 247 842 -326 503 200 -6 261 152 -707 502 -503 892 942 -68 -613 466 -368 65 194 -1243 700 -1041 -270 388 -446 -992 -357 -1355 56 273 27 -644 763 412 -394 -384 207 -630 117 421 -289 -369 707 -977 462 65 89 -93 -191 -816 -375 -229 785 476 119 -569 670 175 -461 -16 -223 -1124 -75 -596 -118 439 -726 -97 1207 122 -103 -45 1097 38 26 515 1097 -189 -611 -66 -568 -109 -629 -1037 162 -245 -328 -388 474 643 -543 -426 -489 -317 675 -408 515 16 548 725 894 -453 116 -244 -658 -443 -30 -941 -150 -506 -134 94 -252 -288 147 -548 926 511 1079 -163 359 40 -378 469 1218 136 888 -350 -863 84 140 145 -198 941 166 -99 375 306 -1506 -465 228 93 912 -518 1225 401 -162 180 -4 -47 447 160 -308 -795 -41 129 -1385 -432 979 546 58 -270 -398 -1688 -1408 -518 328 315 -65 515 -1111 -326 -484 654 -79 733 -208 491 1472 -1202 -87 -323 1135 353 -805 -254 -673 -136 -443 -217 -158 -395 -761 284 546 420 -286 38 -789 -1252 652 -94 -224 -1062 -405 973 1045 363 -4 -736 -736 92 -90 -273 1074 837 1039 1998 -719 688 985 256 -69 -576 -1003 -827 38 302 -517 -1253 -856 -1164 -1138 -235 310 734 193 1044 -98 607 194 -271 -972 227 649 -749 -116 -243 1141 74 649 -372 -147 -919 -395 272
-187 -230 378 428 275 -678 549 791 -882 198 401 -342 -225 -395 10 -136 568 -674 242 36 584 184 404 175 -315 276 -739 1181 109 -727 914 13 -363 759 211 235 242 335 610 450 -664 -70 -38 412 1041 -162 -560 165 54 234 -203 867 1210 -690 1019 865 -990 -314 -374 -435 128 -685 204 -728 1121 -118 323 827 678 703 -698 -640 124 -1145 246 -246 289 -1744 82 -350 423 585 554 835 424 -383 -579 151 513 -6 120 -692 -323 26 1196 1631 186 570 813 7 115 332 181 38 -132 -100 150 120 1052 139 916 965 668 -83 706 -468 -1193 -429 -279 426 -943 562 -62 685 609 -26 -540 83 118 -1194 14 -161 533 -21 -337 91 -15 669 45 795 -370 1324 -377 -592 -687 239 451 1512 -30 -62 -324 904 336 446 861 -371 -467 808 29 -976 469 306 -298 -192 313 721 -202 797 581 524 230 706 -889 -230 534 -186 624 -399 1119 23 -803 -940 -446 236 615 -243 467 1470 -157 803 296 -18 -309 362 486 300 312 -733 157 104 -91 -68 587 -112 -1511 391 536 362 690 -867 272 1337 -649 -215 483 -83 -453 631 -283 524 -262 -400 -815 787 477 478 -393 545 -473 809 24 -528 737 -214 -935 131 639 592 -532 757 -1123 -167 101 -634 -586 -513 -372 -85 -531 -1592 -385 -879 621 -58 468 704 666 456 -1404 1356 -536 199 -284 108 530 325 496 -120 -512 -593 -709 -299 521 -537 766 -83 342 -391 -573 807 870 -295 -358 -1720 -271 367 -816 -788 -1690 156 714 -438 457 311 359 -362 -484 -768 -464 -478 980 -374 192 1277 -998 231 -731 10 -78 206 479 916 -501 -694 136 1154 -394 -439 1102 -537 -1134 -214 -482 -72 1018 833 -574 95 -878 750 1241 -690 12 642 413 1150 -267 839 32 1448 -13 -510 1078 28 -510 -120 548 101 1250 317 -2 -113 488 387 406 -1 594 -119 -776 855 233 64 -371 -157 287 -559 157 72 -761 -639 318 -273 578 -419 1066 -424 1755 780 -124 -339 -843 -296 89 76 -300 -54 -1107 -113 -333 676 332 -821 -476 -269 787 -679 -323 -155 123 -319
391 -315 -77 -820 803 -85 168 -257 457 -95 80 -215 -343 -853 -1100 38 -292 631 776 -316 -539 311 737 1024 -475 -1128 644 1237 187 1102 -444 -518 -612 606 74 -207 496 873 -74 -42 138 -136 -598 388 1095 -870 540 460 1299 603 349 -393 209 363 -318 -74 -995 -5 -602 363 542 -172 -621 97 896 -202 1232 62 -224 -1973 217 -509 -810 -298 205 50 -676 -267 -656 1067 945 318 -608 -2028 -19 -7 1213 176 18 -748 419 596 873 717 -370 -224 -160 -181 570 -99 120 -652 -1510 15 166 366 -93 -61 -1403 767 452 92 173 269 -136 1577 855 -1096 -282 740 -437 -1048 -249 671 -264 404 230 -620 482 521 -710 -29 -1068 655 -460 -50 98 1382 928 -44 588 -519 -987 321 -339 559 938 -890 -72 -350 -818 168 -127 -1050 130 331 -1105 415 286 -652 192 10 -131 -334 -375 185 -635 -331 -249 -102 210 821 277 366 -624 -845 -48 145 99 461 120 354 -422 142 871 656 -383 223 398 -885 -25 185 -769 -1 498 -440 -243 504 1089 66 145 -45 -200 -167 614 -468 -465 667 -547 652 876 1038 -368 -57 -132 127 515 57 508 229 -287 266 -1072 206 564 432 -99 671 -1009 -236 33 525 137 39 412 -2 140 196 325 -392 -316 506 -915 -99 450 -395 814 412 -735 -175 -134 -406 -885 -240 -587 -706 -483 183 193 335 -704 -78 -821 839 -274 135 -157 -720 399 -253 -359 -550 186 -430 837 45 196 650 350 159 -240 993 -161 522 -1079 -102 -759 -1063 -100 -316 -235 -18 -1101 -853 -531 162 258 1855 525 372 100 -667 351 -948 -377 -957 1000 139 -591 -421 813 -782 829 -355 -141 -513 -52 854 -364 1298 175 -134 577 669 316 -1166 -363 693 -193 542 41 -44 48 505 -267 262 983 -569 84 -377 1069 199 1581 -509 151 354 -52 672 754 -90 332 -14 2 -340 40 305 275 46 1285 605 -1591 76 -114 -367 -739 150 -694 1247 53 275 129 290 -488 419 -49 -73 -129 -735 -488 97 300 253 1112 -913 1444 -149 -898 88 -23 -66 699 526 -420 50 -64 -193 1185 98 406 -94
255 -170 679 -579 -381 -71 599 -142 94 674 341 -128 -189 595 165 -522 460 472 -348 1004 -147 183 -486 146 601 -237 -427 -253 1501 -197 635 -596 261 -189 -2007 474 235 584 -888 -15 -88 1353 -266 -236 -88 -256 1090 -13 -105 -178 -176 76 -1110 593 -623 448 417 430 -626 -671 -242 289 335 354 -835 347 -325 -362 333 -559 15 428 35 980 1276 783 21 884 370 95 751 -139 -113 -967 740 197 171 -1 -210 -505 639 -544 -752 603 -302 -996 -758 1283 166 -902 -503 -266 1028 -261 -528 394 -71 -454 217 -419 -805 -568 -980 -590 -666 1568 -269 -983 -159 215 136 301 560 246 1014 -429 643 -537 -169 274 -227 748 -678 457 -403 -811 185 -265 -940 877 -455 -606 1171 -600 -178 -778 420 -115 -126 -394 560 -567 587 -405 -61 -268 927 -540 1333 540 -933 -762 -191 243 -672 826 69 -173 856 357 24 244 -529 174 244 -633 596 -333 -1028 172 228 154 -674 -150 239 1096 -454 228 -799 -610 108 635 477 344 -383 197 -626 435 -672 478 350 179 839 -1256 -740 67 -495 250 392 -753 -845 146 1132 1333 347 524 -918 -736 46 451 730 451 -520 -380 39 560 863 1176 871 389 -500 1000 -75 347 -181 -705 -995 -573 726 -43 602 248 131 1161 -305 -987 508 459 219 405 78 190 87 163 -1125 -469 -7 125 -484 387 76 -244 -54 1265 -199 8 -96 127 -320 -287 70 -279 348 -122 109 -120 773 393 -1230 -576 -215 1801 881 -640 568 -330 61 -654 99 -706 57 1076 -739 -613 -351 344 -1199 -665 626 574 -59 -64 674 -525 -471 -243 -717 -475 -156 389 -1039 358 629 -62 328 -647 566 199 -175 -217 -167 394 -468 -289 12 449 390 -430 1256 687 357 257 -1145 -1042 -1030 -697 901 -188 -324 -150 1069 134 -823 -973 393 644 634 236 341 -11 1497 -404 -520 277 1377 -8 329 786 1206 -19 -64 260 504 -588 171 358 -183 451 -698 -58 108 -25 384 -1029 160 -102 278 -1098 -182 58 -495 670 -208 250 -63 -791 1076 320 10 -1111 -950 -563 -83 -353 -1090 254 602 -112 786 845
101 540 903 -1231 -157 -510 563 -1027 459 -90 187 -1038 133 -483 -290 289 228 149 223 208 464 4 -1007 1042 900 -232 -417 -105 -184 -356 -797 -636 -285 -550 -481 62 -921 276 -1120 -1095 512 -51 965 -275 372 -380 781 -226 -1179 62 482 -553 -245 507 -1194 -964 157 -154 -614 928 -831 -900 631 -201 226 -255 -732 97 -229 -249 907 768 1305 -1356 -1187 279 -353 662 380 -535 107 -219 248 541 771 1211 668 -547 -170 113 400 -59 -442 884 -438 343 627 -345 -387 124 -630 -145 -705 -468 667 213 -79 -1138 690 -706 409 -39 -124 -854 549 250 -37 367 127 -452 -766 556 101 -137 -94 919 -270 -87 -173 223 546 241 -386 -242 1130 -812 -226 -403 532 -183 -898 -1204 499 903 -214 994 189 -119 -557 973 -384 501 -175 547 -75 903 -296 377 -768 -347 -1053 -474 -213 -1273 21 -44 -1265 -824 -658 372 -1671 -320 -258 476 641 592 1619 -70 -185 559 872 -344 -240 -1118 649 464 528 728 679 -864 388 641 589 -294 -567 302 49 -128 44 517 230 -1010 550 711 -1103 541 484 123 -637 58 205 -461 94 -574 -474 336 535 689 -386 -1387 1113 -430 -556 -242 457 -855 16 500 -404 19 496 -428 150 -1215 -653 452 -1181 753 339 -874 120 -365 -828 313 -162 -33 -172 179 938 -405 140 -1574 -46 65 -1409 -489 250 -192 -141 -357 -111 348 761 -65 -12 -523 -178 1 404 886 -1219 1567 -31 -209 -1086 -126 -15 1527 705 584 -435 323 -358 -376 329 134 -1321 -482 299 -38 218 -30 96 -427 -40 2369 350 653 -341 463 325 65 -843 -253 -35 687 -345 25 -5 543 -809 -5 37 -311 -51 -1033 1163 19 242 -765 257 -1207 267 48 -140 255 -1076 -717 -146 -378 -761 -151 1312 1154 -101 760 -23 608 -441 -166 607 -807 -178 -450 -872 12 -365 -448 -1228 -321 806 -349 201 -66 -136 1031 -97 787 11 -444 26 -143 39 484 -348 -1501 441 -82 2 243 -518 743 -165 -1578 -581 -282 -186 -366 1016 28 -239 -53 -608 -32 -873 -427 -145 878 800 -805 1177 -10 -286 -640 109 -1100 -917 585 265 -524
6 -1290 -205 -468 -704 -29 -380 -692 805 -90 353 -466 601 -169 -9 793 -1493 -10 228 -211 1365 367 -218 307 290 -765 34 -363 968 -702 42 1521 -411 -752 599 -344 683 -161 -325 -39 -491 337 -2 -768 5 438 -257 208 -537 -83 893 -959 164 -329 110 -1098 -241 -2 200 -51 400 -84 20 493 -1413 -129 -526 -890 421 -789 1423 38 499 -590 1163 335 442 -183 -103 924 196 450 -303 -1185 -1267 778 -868 999 -50 -297 -52 -1604 345 -394 560 -137 239 342 -735 -203 186 71 -295 171 -191 -947 374 -253 -1337 -282 632 638 496 -547 -602 25 431 1333 -919 861 444 -441 355 108 327 -813 133 203 1439 495 790 -375 134 -1246 260 48 -469 -331 -87 405 954 360 301 447 -320 -648 -202 692 -149 -542 -399 1186 -1290 -260 -603 -291 -84 1086 -139 -394 -484 -358 -60 722 666 -811 -1541 -663 305 1025 -693 -580 -327 -989 204 410 -71 -447 -707 318 759 -1133 291 27 440 603 -606 -288 613 509 145 -53 233 751 606 -1355 282 -32 14 467 157 -224 901 -327 -156 1227 813 -113 1114 -561 -541 -311 -80 -767 -876 31 647 1499 -541 -141 -155 185 280 1447 210 -14 867 1239 -82 510 -73 152 -1012 -676 -838 168 -465 -312 -551 1488 -764 -867 -692 -850 -451 -13 680 -667 -453 -559 -332 -422 -745 -236 8 -653 299 -220 656 -297 289 -112 190 280 -23 630 -1186 -498 522 123 -830 389 -1175 -694 -46 -48 -70 870 1022 999 775 235 -597 -1288 -561 -2062 -173 328 -483 489 496 233 1203 324 90 542 -363 192 972 27 1206 -106 1002 -13 -1085 590 -2 217 1029 -490 -1031 106 -7 450 -652 -262 609 -74 918 612 -91 326 1122 -196 174 -268 22 -574 786 1617 60 321 406 320 -746 49 1530 145 -1032 704 894 -1003 160 -812 -772 680 -481 825 37 763 -130 1059 -85 235 223 317 388 -507 106 -487 344 377 350 -442 -369 -480 532 -259 -731 -1065 -125 196 -901 -1215 -36 -1377 736 608 439 -309 -342 872 33 904 560 -144 -767 493 859 -507 614 197 -702 688 -323 -297 -354 -629 265 -124
196 -331 -619 -295 -403 -310 -408 1039 594 71 -242 -378 -310 221 61 -365 -351 -1158 437 -942 -249 -1191 112 -317 428 -234 499 291 70 -601 -552 -8 -215 33 496 -569 158 -43 -656 330 67 1389 -609 814 -345 -1052 671 -125 -347 -559 -127 1035 -716 -635 953 344 -1008 344 917 -181 291 -138 -429 -990 -432 284 184 335 -385 953 -175 5 -119 -341 -55 -1190 1222 -163 592 30 -72 1018 -1037 555 575 -72 358 -362 -1036 3 347 -59 -261 236 867 -5 -16 -1136 -1994 393 59 -108 970 -301 -323 -244 1354 -404 -153 -345 -134 -316 828 -400 140 -1200 -504 100 -124 -1266 924 -564 507 245 -178 261 756 645 756 -549 12 -979 365 297 59 66 -335 71 499 -449 -68 465 -1587 600 892 -196 -523 1518 324 750 -504 -97 610 538 -733 -156 142 382 -519 -1304 356 707 -563 13 290 -566 1307 554 -169 -21 -381 1508 -161 244 -1169 -448 -299 759 -526 -71 164 429 233 -179 -46 834 -462 -1117 39 174 72 -244 -199 -597 -357 -502 386 819 -139 -172 -45 105 366 1116 255 -186 -1158 -378 -651 604 -425 -1398 308 -47 -386 -463 1086 835 -590 -671 -119 1662 960 -448 -710 1071 145 414 -139 545 -161 9 718 -158 118 300 -76 -355 240 -541 540 331 690 564 -311 540 437 240 323 1112 519 -311 432 1010 1641 -948 815 132 1669 -437 312 -441 -504 495 -915 591 -1037 107 172 -52 35 -170 374 321 -780 441 -1480 -1007 -40 -583 1401 -696 502 529 489 340 242 -798 -785 -28 -585 904 -165 172 -557 -1280 -487 -1386 76 449 -730 700 820 603 -621 -259 307 -353 -95 175 -242 -1039 -230 1225 -167 139 215 210 480 -177 254 737 -446 4 -1219 255 -644 -109 1095 370 -196 635 234 524 -242 26 -947 151 -13 191 -173 381 -530 -1359 -837 -345 -385 220 -1243 -552 532 -42 -296 -158 413 116 -686 -363 619 789 658 480 -202 -709 -111 604 429 57 -820 530 -1148 -489 710 422 -912 153 1118 1526 1016 982 -644 -1146 -14 -190 -289 102 -275 -217 -495 -272 1042 -770 4 -365 -333 -554 -671 122 324 -48
64 116 -673 -219 981 -521 -412 -213 -819 451 -94 -803 -16 -313 -807 193 -507 -1329 160 331 -607 183 1149 -157 -253 445 -449 -893 -438 216 -522 -883 -984 704 -1325 266 -169 -911 198 -549 -401 -984 -152 -960 388 -650 159 -589 380 -635 661 -803 -505 -498 374 -259 272 384 1764 21 -222 -450 -486 497 -542 478 261 -813 -1347 -601 69 -382 1569 286 501 262 151 553 -50 -417 402 116 -230 276 475 912 347 252 327 -921 976 -263 -269 -309 44 363 -409 -297 -68 -28 -374 -326 348 -391 192 -650 733 185 -1190 737 122 486 -248 -92 179 317 306 88 -272 361 -883 256 -818 1226 -1455 97 500 -98 -37 -45 217 -506 429 -447 908 89 -46 -535 -191 -641 276 -634 691 -126 -993 1327 194 -138 -395 486 -96 -369 -540 197 281 841 1348 709 376 267 224 811 397 694 -645 115 57 -149 356 -573 947 433 73 -599 -1416 1060 127 429 -172 -298 210 350 -1068 -5 -676 265 87 -539 1503 236 760 -1216 42 441 297 -77 -172 -631 441 -400 -435 -263 -1022 -19 181 -750 -86 -951 31 13 -572 237 145 -770 -82 968 242 636 -135 302 -464 1279 -850 -5 433 -565 451 -1063 405 668 -171 1189 -564 -144 -1111 85 246 398 572 1179 -486 58 -225 384 152 282 1134 435 -160 -295 -327 562 164 380 681 -519 331 -476 -453 352 -156 1177 -499 1254 -21 995 -1092 -39 1184 318 633 -918 1265 -432 -104 565 279 -525 -484 -1662 909 859 546 -613 -46 -6 1221 182 239 60 -328 -954 -187 400 573 -315 557 -74 789 -202 -1210 740 -276 508 -86 -716 -62 -170 521 337 330 292 224 -746 -553 148 -688 -244 -109 -199 -680 -607 -260 356 758 309 -81 -562 76 -771 -290 -208 325 -248 103 -1185 216 85 212 171 -809 -471 -406 -1055 -431 810 -751 135 -579 273 132 -357 -90 242 -259 752 -573 -550 20 1081 -799 -718 1071 445 -797 -610 382 304 -539 -268 74 -1650 -453 -513 409 -571 -155 -590 608 -262 101 958 122 -342 -67 -938 85 -286 1010 532 -728 -466 -151 602 -638 63 265 -186 726 -120
97 -162 481 373 -373 -9 -149 552 -167 -340 695 768 1133 291 456 383 425 10 795 -579 -674 354 373 1068 -399 684 -282 248 609 264 429 442 0 111 -105 337 -973 12 -577 593 -208 202 229 445 565 907 -655 248 176 600 -105 -76 230 79 -481 -598 365 210 -481 1080 -253 -695 -775 -149 -679 -281 -622 -266 -646 -104 -244 305 105 680 -33 -604 40 421 405 -448 -498 146 316 -604 -299 1084 432 327 42 1007 -514 310 105 507 -488 -237 764 -1233 -220 -101 1010 -338 -693 163 1214 301 -124 -332 969 -758 -72 -1049 306 79 -816 -469 -188 -363 159 461 354 -1126 -58 140 -670 1075 433 823 64 -728 -305 -27 1103 178 354 921 58 -262 -661 -829 213 1010 -195 1313 105 324 -356 660 486 -346 1110 565 -268 538 -195 -18 16 340 94 670 -406 -551 810 -276 -1224 -292 579 -143 -154 -1045 -276 -605 139 176 164 -1296 697 1065 401 -47 312 -1083 1409 -1114 -786 -88 92 -865 359 597 -430 -773 -577 513 -176 -200 -782 1429 -803 -106 -1320 1443 -541 -20 -145 292 362 285 -529 372 11 789 -1467 -1205 -249 55 -326 -393 277 -179 -304 74 476 74 618 276 -214 641 1099 113 -383 452 694 889 302 375 -196 637 -498 -790 1 80 -126 1840 -474 266 -243 407 196 86 -266 545 -143 -193 126 529 882 257 -20 1251 558 793 -413 -485 1293 318 -655 143 745 -337 85 -1445 -485 513 -646 932 198 -1308 -467 -110 -217 -671 790 196 146 244 662 319 -114 347 -102 27 303 707 881 223 -5 139 272 -681 -18 437 875 374 -1026 766 -783 634 -1371 -89 -368 599 525 -193 722 -1033 -469 418 680 392 -311 -1082 -795 -1133 250 632 607 983 185 555 401 97 -134 -480 153 -1023 -80 -199 113 -1137 -344 -167 -1017 -12 87 -165 5 -6 -470 219 234 -78 327 -513 -708 493 184 -329 -728 908 -589 -183 -550 -604 -760 251 67 -862 445 -143 -576 29 -21 -828 -616 103 -374 -643 1022 -124 -263 98 744 -392 -1024 -119 -227 -423 -129 1257 -382 -907 -724 -35 400 654 -240 -165 -641 -544
-397 801 -560 456 245 -86 -174 366 -211 -148 -155 294 -877 -114 -382 -653 613 -569 -724 282 271 1217 1559 -2087 -225 803 -423 14 814 -1001 -141 88 -77 140 -105 -49 -150 -816 -514 -434 698 80 -680 -457 -442 -490 -1173 -544 -760 404 -465 -47 -1021 75 -243 -49 -443 -237 -322 -396 929 417 -382 -286 245 -840 214 -879 -1143 -459 -1014 669 -321 724 155 248 -709 917 -339 60 -382 21 -531 -585 68 222 665 287 -506 358 216 133 -690 -168 249 -313 -281 -1160 974 36 97 168 -182 -740 -457 -31 -111 -1097 -569 -680 -459 -24 -476 -45 -341 664 76 -24 606 -39 -284 992 -341 417 9 19 -405 -468 -182 -320 371 503 -826 326 -871 985 -425 278 -474 290 478 461 -21 982 271 736 287 116 -346 -370 501 209 -289 -31 289 -858 117 219 9 -581 -691 -799 415 -256 -310 -105 411 634 138 161 -337 333 -122 -123 509 547 431 171 102 -396 113 -617 1412 370 1212 -962 733 438 -312 801 637 -311 733 -237 171 222 -550 -185 10 -10 518 211 -221 85 2047 770 822 820 410 153 236 321 64 607 -356 -780 777 727 150 84 -447 -74 449 1426 -570 329 -547 -494 77 136 -1161 313 -1082 -24 -268 -71 -195 -859 926 892 533 -30 -303 -1072 -151 -494 -946 -164 -64 1008 -110 109 819 931 168 -241 -324 -36 264 100 99 -62 -571 999 -226 -853 538 -183 -164 -666 475 -651 -160 -65 806 248 933 750 483 -439 1210 1123 -196 385 -184 -144 269 138 595 63 911 -386 -116 1228 -7 -727 -612 473 -267 39 -391 -348 889 169 -143 -288 292 259 133 -496 -524 148 54 -688 140 91 390 -897 -163 276 582 713 560 68 531 -57 -131 539 332 -518 -234 245 430 -847 129 76 763 -326 -305 1091 -222 -369 285 175 1284 -239 -170 235 -613 302 -720 -458 482 262 372 851 95 -844 -77 799 290 -126 344 -59 5 -183 -484 252 -51 -786 137 411 324 610 437 253 193 891 501 342 -583 293 -475 323 291 1004 -756 -868 -657 -68 -896 1587 -702 196 -564 -344 685 -347 449 492
-199 373 223 -151 147 -914 163 199 -69 291 1036 -132 -379 -551 -229 834 -535 -825 -137 -40 -262 119 616 96 872 -665 -733 -253 226 514 -468 -225 -610 622 93 53 -174 243 284 -616 104 232 -430 301 128 171 -180 -342 516 -460 -393 -1226 532 -144 763 429 -419 1343 -982 -216 123 -549 763 132 -798 -338 486 -569 -118 -442 400 11 -66 693 390 -20 -254 -474 219 -640 -545 -562 -776 -602 -477 -9 783 -193 784 -668 93 -365 2 -85 -691 -861 -300 -256 658 65 -54 -621 -375 -1414 -846 883 -17 -30 261 -96 1013 -400 167 18 56 93 65 560 652 106 -1226 -171 712 999 267 130 -281 -105 -154 1089 -212 -375 53 -257 69 335 492 896 -22 14 853 239 -470 509 121 -76 -209 -839 411 1134 -90 -198 1160 351 -4 -94 581 1012 330 -220 298 285 67 546 -98 702 218 -70 1070 380 -241 -620 1030 -649 -238 -505 163 -686 155 466 -211 438 67 761 367 445 -284 -73 8 -139 495 -115 1495 -169 489 -119 332 -657 397 291 -93 1013 552 -778 -53 309 -120 -291 123 61 -49 254 -115 125 -191 956 -20 -399 -1098 -1189 -23 -817 -1051 741 -101 -264 -614 46 663 -473 -487 -1081 -454 122 732 -604 -169 -433 -769 544 365 -81 160 189 -260 -329 -3 310 1289 571 -43 -99 1061 431 638 178 987 -649 -124 -42 -253 101 678 418 -796 398 227 25 184 467 -90 483 279 114 58 153 -404 932 -134 -508 -768 -63 -655 -44 -385 -3 -358 -604 213 301 974 448 155 53 208 -499 -258 530 36 -328 -200 -384 399 -419 -935 -650 130 -321 -261 -37 -200 -1224 -317 -719 509 576 -602 -316 379 511 -861 694 34 530 -380 79 -1367 -203 93 -314 -222 -88 340 -409 192 151 487 -34 504 237 742 -1324 128 -920 -267 601 237 66 -1458 659 -1071 367 -100 35 -237 -88 60 -68 171 535 -246 98 239 532 95 -778 -460 -591 467 837 -1551 -733 410 -81 993 -563 -430 -908 108 -172 -56 -295 50 -390 -369 -138 390 -802 -424 283 -318 791 45 516 234 -629 272 661 1380 562
308 1224 -80 -632 -551 -291 -5 368 225 -494 13 332 396 -384 659 537 1144 -510 138 -691 -301 548 649 -225 385 54 -219 -475 -662 -1126 -164 -88 -41 1170 748 -657 37 -869 -193 185 -1088 -770 101 213 -1022 -131 -314 -6 -882 1565 -1030 140 -4 259 87 165 586 -473 36 569 735 -357 112 -1203 767 -300 -309 8 1817 510 741 439 -5 437 -900 -133 865 -154 -411 3 453 17 -163 612 446 -493 -1509 -636 149 816 -88 174 620 -1132 812 -340 8 -713 -81 874 -161 -46 -39 91 -149 -805 -179 -1011 1175 278 -988 373 1231 721 -116 -391 177 -827 -808 -226 -796 -710 -639 -29 -221 -384 681 -216 33 -503 -1157 348 670 1439 390 -369 517 -623 -100 176 -8 -1165 53 716 -418 286 -649 -107 -884 293 -967 832 -554 -785 -376 463 -1121 -1498 -825 -64 -496 -441 60 -765 -856 50 137 326 565 206 224 -653 1393 -1030 -491 172 -432 75 -511 -812 -332 411 291 -337 -696 136 -922 -8 650 -71 -546 -151 -59 -59 1286 -1092 -528 66 7 -350 -508 -347 -1160 766 -288 45 551 -348 -868 258 -325 -307 -342 -129 812 -354 -861 98 -1649 -863 13 1002 349 700 549 271 -741 -99 146 400 -293 -698 576 -542 -465 694 304 -197 577 -73 197 -548 -887 832 380 463 384 -248 83 444 830 -236 -49 -680 -522 -265 343 300 -8 -1129 -136 781 493 -1279 -494 -364 457 587 227 -877 863 -137 389 -196 58 14 679 150 -403 43 -206 -99 1247 381 -1046 338 -1203 842 -516 -523 380 -265 -17 -339 1439 178 1162 -669 391 227 185 688 -970 284 1186 -409 1009 810 135 -186 -769 -527 -44 -65 984 84 -986 399 232 293 -243 266 428 57 -827 201 199 -325 390 90 -355 691 -868 -671 129 -558 -978 -450 709 5 -773 735 500 333 -263 -353 -741 261 981 664 285 -725 -720 -35 -414 401 -231 -150 417 549 -185 -549 -655 -62 -593 -346 -805 -66 244 552 -248 -508 271 300 341 -256 -249 484 -552 409 216 26 100 -930 -262 678 -52 -441 402 -40 -346 498 500 -57 165 517 -51 -367 -239 78
465 -91 1255 436 537 -490 -458 10 513 -369 -899 1004 318 -20 311 -240 305 862 567 752 567 7 574 351 513 -22 -102 -1014 -104 -556 198 -515 -156 -229 741 -1220 111 -285 621 -1099 -123 99 352 1126 -288 343 -663 648 898 -154 1011 -543 91 634 400 373 247 664 215 -141 120 -780 -213 196 281 10 -444 -57 -137 -151 230 1366 -282 10 -938 -103 -309 -1235 -544 -236 -213 140 215 -1202 634 -89 -10 630 -1364 -525 958 -638 -79 -745 -984 -899 1259 409 1543 -23 464 418 -1058 -150 104 79 492 -591 -241 -449 -564 1366 -363 -603 -517 860 -33 -779 -105 80 12 408 1460 179 295 1180 218 38 766 1051 -99 600 -875 -247 1125 -65 1008 217 -618 164 989 -66 1234 118 -778 -167 -168 582 -1 -336 -26 289 556 140 870 -624 -599 -151 362 -613 -297 -1246 63 -279 -220 156 -1426 124 -232 110 -775 53 1 1124 507 -880 -408 -1241 855 -38 442 -49 -618 -550 -177 -734 -498 1229 123 -485 1008 -213 401 285 373 -146 318 -321 404 -90 839 -652 1783 -285 -561 -755 -94 -343 666 -471 1438 818 -733 -184 -1010 675 -934 -546 74 -493 -140 70 -152 157 -142 -690 -11 -857 418 330 -783 -39 -375 402 455 499 74 -208 -196 -310 -412 833 -215 -56 -837 -486 664 680 112 144 -576 -294 366 -235 -624 -316 -558 834 -590 451 1180 -911 36 -461 246 -388 546 120 -88 317 396 -624 178 -371 181 309 1254 -630 259 1006 262 -216 -1284 -525 -259 -377 108 -320 57 -1749 -684 279 -1006 22 248 -42 -1407 1404 -172 -297 117 -1040 -23 40 -228 284 393 815 -258 -733 -425 -289 1272 -605 479 135 723 546 494 478 -432 -835 -1104 328 -809 -102 323 -315 -869 -1192 -261 119 1090 -741 -75 192 93 -206 -145 -252 367 166 678 -683 -874 -166 -252 -237 -831 502 -219 -29 280 133 193 576 -820 -5 325 -110 -102 -191 411 -498 286 -480 -267 -302 -748 4 -122 734 -1136 -1311 -257 -260 -272 288 225 370 -251 -184 304 -555 -510 -518 355 298 -30 -698 -759 -18 134 -197 -322 20 -1108 338 427 820
-87 -1068 568 553 43 776 -568 645 653 423 715 1392 -62 -44 854 1087 -269 1058 340 589 -1147 78 537 1 -245 625 -244 945 1214 -213 -305 -649 802 -354 -126 -203 -604 661 -431 443 277 782 68 -61 -694 -561 1008 379 -226 284 658 164 -293 1165 611 905 27 24 330 63 43 -670 909 -923 -538 -270 1085 -7 396 -33 770 -505 365 266 -146 655 509 -469 -186 92 514 -644 -907 12 881 513 -185 817 182 506 193 375 225 130 49 -151 498 -395 -416 392 973 -32 -985 131 -494 -302 220 -690 114 -457 -853 -517 617 -823 -282 -600 -1015 -378 897 48 -736 863 324 -33 -751 -1391 780 1030 -237 492 526 412 -1225 -1231 396 43 71 -281 -206 47 1207 -414 393 1208 342 1240 468 318 -238 1112 808 51 561 147 798 78 -805 90 -191 -176 -1162 -488 -166 259 -237 1120 -14 -212 -994 1271 -282 368 846 -32 -886 -815 -579 116 -174 -208 868 -491 248 360 379 358 -841 -335 236 1188 -1009 -320 -1082 -1006 -477 -135 232 60 677 146 390 373 -536 -312 745 -471 769 -14 -322 302 1663 -755 563 339 355 -1325 253 1401 -17 -74 33 -899 1432 -892 161 -438 -672 -468 1444 -276 -14 -113 923 10 117 121 330 -56 -309 225 315 126 -609 -729 -768 49 365 -255 192 415 267 -62 486 1295 -691 -287 -292 -859 -895 703 441 646 668 -275 -26 -90 -601 -110 505 -485 -765 98 937 -374 351 299 -166 270 634 -717 123 -197 -714 -1103 -334 922 -947 44 501 83 -1470 -635 911 -578 -465 -255 -393 -235 225 -63 -725 -748 -416 487 248 -594 -734 1086 -253 930 -589 -1573 -686 464 -294 -125 -337 -1 -222 1179 1141 -10 -224 -375 73 -364 -62 -938 857 290 724 284 486 438 -227 221 -447 242 -174 31 -431 106 -88 617 180 500 -101 1403 -364 107 -851 700 798 347 -77 -566 340 43 -795 416 -122 663 81 13 437 792 -570 -385 -130 256 225 -503 380 149 -535 -733 450 -146 859 1064 320 -306 581 255 -160 260 -758 419 649 11 521 -16 -71 -379 -70 421 -857 -793 190 -360
460 492 -529 1237 -6 614 -194 1578 -776 -627 -465 -548 769 276 -570 -319 -990 -813 19 87 -659 -103 550 -353 -1131 98 145 -179 76 525 344 -524 -1370 338 -217 -197 556 603 669 -566 -325 6 72 -803 411 477 -762 -136 54 -28 -28 44 -676 143 68 165 165 488 152 -234 -51 -198 -768 -521 442 -582 53 100 452 435 157 -225 11 251 -621 -70 -426 -430 261 -130 87 853 -226 576 153 813 143 -1442 1109 75 -1630 -673 -793 -654 1101 -872 134 561 426 236 -87 323 1064 194 -477 695 337 206 -552 -101 -710 -1028 -722 1312 -45 -404 657 -375 -362 -725 -135 361 268 630 24 -926 -593 523 -1677 -308 -350 -972 473 -635 386 -353 924 -552 -61 -370 -224 -375 -270 -194 -1572 -50 -349 733 187 -409 -342 814 -33 196 84 97 703 -886 -444 -149 357 314 -915 -201 -121 546 -71 -1077 -329 -303 291 826 981 77 -840 -78 597 357 -384 927 -231 1097 -528 -861 -635 100 1019 -1476 104 515 -362 -163 -602 -155 263 305 -510 -332 1045 68 117 264 1031 414 -428 -107 -37 -492 72 156 -431 306 28 -285 -644 884 82 769 -222 -66 -1179 1108 -355 -142 485 -432 783 -919 106 980 -994 -143 -113 674 -282 360 33 -362 -292 -514 -502 -879 324 -383 335 391 -648 -439 418 -500 -310 -1556 321 471 555 697 1264 215 -695 12 -11 204 -229 -328 -513 -458 206 -26 -64 -724 487 474 1028 968 139 177 -208 757 -1504 -354 5 1420 -683 623 -224 483 585 107 -647 -958 369 -269 308 797 331 240 1309 813 -971 -412 -404 -15 769 -836 1274 782 -1198 -202 -225 -68 71 -398 -438 -447 445 52 352 -116 198 411 -180 -301 -537 -180 -106 -111 -291 197 -652 -870 665 -1271 -423 -697 -388 425 543 398 723 -476 -521 1319 -1450 -4 -274 426 -1232 -225 -289 526 -577 335 -358 -1812 -777 -698 700 -148 -519 -472 -839 -642 -769 737 -560 263 -567 -61 -7 -264 -113 351 334 -713 161 -109 812 796 40 -775 572 684 553 136 -43 -260 -1407 56 -205 266 55 621 439 -629 -87 548 -705 927 67 -239
331 -5 1068 394 799 -1417 726 806 1164 -230 -293 -396 146 -444 100 207 438 464 -434 182 -491 281 991 492 595 -142 -714 1185 295 -121 -699 1415 -1171 -638 -657 184 -727 -576 499 53 551 652 -469 268 95 227 14 337 -133 -156 622 -344 -177 360 662 -388 582 349 -320 305 -496 546 -169 708 459 -700 -28 -640 289 -1166 2321 -738 179 478 -337 -173 -287 835 -215 -89 489 977 -474 124 900 934 282 -109 496 155 -820 561 -727 169 272 -468 728 63 -1001 -894 135 -597 -1027 -150 -307 -361 -59 -200 -20 -393 268 -392 -158 528 779 -570 -92 -973 37 -531 408 589 -326 99 -546 -250 240 23 -584 560 1702 -31 65 -348 -241 470 -66 -777 -465 -481 233 300 -540 657 -452 711 648 385 -560 820 -548 130 -51 35 -1612 -495 102 -6 -453 131 -918 -676 442 708 -803 -362 425 -188 45 -15 -538 -75 752 -1142 -151 -180 501 622 -477 -720 846 -727 -48 -521 403 277 681 359 810 -239 644 386 -209 140 628 -102 1446 295 -653 -4 -45 209 705 -32 502 1079 172 174 -244 959 -286 -227 -766 115 212 -101 -946 -446 -60 539 -581 72 -391 -213 805 873 -965 1561 635 -722 -870 97 -871 63 -668 -76 -89 135 -764 546 1526 -524 -241 745 148 288 679 -113 -309 338 -628 204 -762 3 621 -146 -1309 687 -486 72 -202 708 -957 845 -464 76 181 -509 -330 -51 670 1737 -143 -754 -533 -122 615 -218 -60 351 226 389 1252 -595 -604 -240 484 -139 338 484 312 -690 783 403 212 -714 907 385 382 350 441 -316 -85 183 719 714 654 289 -235 -480 1096 87 -20 -301 -62 -464 -226 -236 351 402 32 251 269 -238 1428 -129 -661 790 -92 1028 -109 -820 704 -468 566 483 -292 991 -522 -210 -129 288 96 -686 -139 691 -780 -1119 -560 424 221 -623 304 -748 -819 -397 200 307 1188 -232 128 1272 910 -478 -172 -597 934 94 -746 175 615 -269 -858 214 228 224 -874 -322 1216 -1145 -200 255 506 631 -592 61 -1231 22 215 -192 -262 506 -339 -341 -738 352 -71 266 -1 -473
407 -372 518 182 603 -99 -30 -879 -288 506 1026 705 923 229 1077 -1238 -45 333 -908 -576 -875 63 -271 -263 943 241 573 669 -273 260 -242 -824 -499 1246 11 568 408 -457 -803 40 198 268 745 835 19 717 554 -167 -1460 -523 -69 -195 -142 -749 -707 -646 -764 749 -389 -101 -190 -862 335 -573 519 -222 -177 -81 687 -917 -423 977 147 58 103 122 338 506 -855 -136 -8 -75 -167 1383 -7 -983 -730 -136 196 141 47 373 156 -816 667 181 181 408 111 -574 793 -468 167 -15 85 -1118 -316 695 76 707 218 -1457 -230 756 -347 124 279 -712 -710 -74 323 -377 -615 719 -315 -939 -194 250 571 -137 901 -474 -97 -194 341 -701 -769 1744 -747 251 606 -190 719 381 690 -1548 556 -1814 1640 -522 406 949 884 -330 772 1175 314 -525 369 -489 407 456 -253 -47 839 -557 -88 -161 261 289 -216 191 365 -445 -363 -365 187 -1388 -249 724 614 -1066 -760 356 -403 493 742 -810 78 247 -395 -458 -483 165 -61 1002 -319 -102 309 -771 -757 -753 -388 -164 794 -909 410 377 -257 -43 476 164 -112 1268 -940 -515 719 1026 -54 598 68 -1044 -16 -521 -426 -1070 -874 -659 -737 -404 -412 -457 -670 50 -172 -863 214 153 -48 1423 111 649 273 136 916 -657 551 -52 -6 -291 -1068 -1090 1785 1010 595 -11 -251 138 439 -44 924 89 -103 -127 -554 -147 -791 150 215 -1245 -21 22 623 406 717 94 126 1393 313 368 1397 -17 185 353 362 332 -858 1042 1001 -587 -590 -255 294 -1084 -72 794 -338 -82 -98 -1287 -1145 345 949 265 469 -255 119 -174 26 -1449 605 -437 454 -536 -476 -782 -924 -1348 -878 403 -70 -801 -768 -108 -1275 403 8 -667 -683 -842 -516 392 48 980 -143 44 5 730 698 88 -547 -188 447 632 955 -606 -199 578 597 -606 -188 434 -306 614 426 52 -368 -2 1702 763 328 340 -627 -1033 -582 -72 -1513 823 -637 1025 186 486 93 38 299 -1374 453 551 -1299 106 -263 -340 943 1480 395 414 132 -605 31 336 647 930 -64 846 142 -385 31 -1066 -844 -216
-1084 -357 -1037 -163 57 -46 -739 625 784 -33 394 462 -917 -147 264 667 -444 -353 427 180 578 149 -785 -481 -186 92 685 444 295 699 -866 -877 968 732 784 -717 -157 15 -667 1141 -402 -675 -255 689 1052 -833 -280 -621 -698 -156 622 -526 392 120 -6 -708 -405 -769 -404 -149 -25 -476 -543 -154 -1542 -271 284 -78 -790 -80 9 -256 -967 897 794 -758 413 -410 488 -937 389 409 -1042 1844 774 -721 -327 525 -200 -356 417 -315 -955 76 481 -674 -55 283 -154 -557 1032 572 820 2 1316 327 518 -571 482 991 768 -977 478 -69 797 -507 -156 961 -62 -379 -75 435 -414 208 -2 -307 -392 637 44 -377 625 -1 -870 -261 -411 -305 827 -434 -1 -329 892 -246 -180 -580 -851 877 451 296 336 -350 -758 -1054 236 660 538 391 -199 258 -532 -83 -206 198 -1124 45 354 659 176 -721 5 529 524 -39 -204 654 351 198 -702 21 -413 -497 -569 458 422 212 -60 -73 -167 815 1288 -121 -257 -1092 1545 -730 -384 -525 -7 -514 371 -188 -262 472 371 -758 -586 799 -262 -914 -655 655 528 -332 362 -228 329 -517 -39 208 836 923 144 -487 1324 614 -264 263 1532 146 678 -424 -481 77 45 724 2162 -656 334 3 -592 101 593 1698 580 -314 715 -629 41 -180 -245 -241 561 43 294 -47 -479 288 993 -596 827 980 -807 -24 570 532 632 -451 -306 -148 -479 1011 514 -872 -477 862 -288 -847 -1068 -348 270 325 -729 710 158 549 -717 394 208 -433 -465 -642 540 -350 -429 611 -225 888 -597 317 1059 467 -699 -300 -139 1201 -540 -378 -907 -711 -147 -369 491 -501 -1169 -58 -332 -285 43 1154 806 -289 -254 -168 1390 -146 -10 1084 248 -106 248 -250 342 -107 548 -16 -1364 -6 -1055 -904 524 530 5 91 817 -969 -16 420 1172 -655 198 323 -277 -866 -346 1241 359 -84 539 278 245 432 -371 1182 -265 236 424 100 -350 182 39 646 -110 -487 -603 -639 301 -849 -45 247 624 280 197 854 -1074 -647 1058 -818 -571 572 -442 -20 442 1522 0 406 465 -208 329 55 -14 479
292 -674 -490 155 -667 638 -253 -296 -930 -1311 44 242 450 -344 -763 179 -339 -761 999 -807 856 -49 -670 55 -560 -116 -628 -779 400 -864 1060 396 -818 -706 539 -629 -845 -682 -340 118 -838 -751 -341 -357 50 164 0 -131 203 195 196 -1381 -60 707 632 -409 -631 48 -495 215 421 550 -151 -303 -135 1231 -426 1113 -569 -608 -432 677 277 96 375 343 -334 27 -1130 295 55 -1029 -99 -487 -688 -173 -652 834 -152 313 821 -877 537 19 1115 -593 -466 175 449 -90 -920 140 868 -918 598 -406 696 -586 -756 -539 166 508 -108 -338 3 197 875 1360 -313 834 -490 -123 750 -370 286 1056 -272 -91 654 24 -63 779 -1228 565 -703 1360 424 -740 1073 -601 313 -86 -49 522 -61 426 88 -149 1191 -370 -447 -673 850 410 -875 410 -1474 173 -526 290 116 -408 -591 -317 -1038 -575 332 658 584 -400 -1094 -771 1360 -27 -102 870 -366 56 756 127 -589 -1477 402 -207 -201 473 -512 90 -565 -76 266 200 193 -3 -864 -456 -1232 418 -1419 -4 393 592 -372 25 -442 706 -414 -283 116 -1170 -136 -1150 421 -556 700 739 -173 -1035 862 671 483 139 -18 459 208 1280 -302 232 -353 -306 -1269 200 -189 -789 458 -300 -160 -204 293 -983 9 -818 542 -372 -732 86 -550 -288 -1092 280 -1096 1408 -95 156 -464 -62 898 1079 -11 -879 -561 -578 -544 -74 1378 -61 259 278 -630 -363 -747 445 -1088 -282 30 -975 -118 -831 734 -201 759 -175 422 533 -200 -1761 -6 -705 -162 221 -200 1047 -35 29 388 333 62 969 910 886 -389 1410 -143 -790 116 -487 358 188 -481 338 733 153 93 -1277 -429 1257 -288 103 -71 -722 756 867 879 -1054 -129 252 -224 -81 575 130 486 217 275 -53 -369 833 760 -980 -301 357 313 -219 -1006 1357 -852 -1504 -177 -1035 -494 666 342 398 380 -227 1205 84 621 -276 -136 -67 -470 121 -468 498 -488 686 -43 -890 475 -328 -162 -188 -65 0 555 465 1015 -525 113 -385 -99 -647 -988 945 650 38 -600 1099 -345 -200 592 153 65 54 -339 -1235 -755 -329 -178 763
989 24 546 642 -1205 308 690 -281 -755 811 659 -201 -553 -421 1501 -1149 -952 -201 209 594 866 -333 -464 315 18 -415 577 107 -143 34 298 632 -234 -156 1199 -147 1315 -496 -325 45 -1017 323 227 -474 -356 509 1163 248 -330 -173 -1228 -1150 1128 462 105 202 1159 -263 -234 952 -207 -918 778 658 -57 626 385 1016 857 -292 861 217 -72 -651 213 436 863 602 -36 509 328 -538 864 -1090 -726 -144 -1378 -567 -1466 -1038 -222 -1000 1097 -82 -166 -497 -299 875 760 240 25 68 352 600 172 431 -745 -29 -369 630 -419 693 300 -269 -101 670 -501 -95 -540 -98 241 -660 -468 140 174 175 518 -709 -467 -36 85 777 18 48 50 536 -771 -1396 -287 545 38 724 -965 -192 520 -143 -270 -390 -271 -1535 605 1204 176 -167 572 -240 -858 -1072 594 -215 -227 -920 206 187 719 319 -295 -345 -435 164 891 -340 116 345 571 -28 -1350 745 66 -125 -1033 523 -337 785 730 335 -594 1231 288 593 -67 -493 -786 -110 -569 1034 -52 -512 -219 -175 130 209 339 673 -283 137 357 -170 -404 569 534 -486 168 466 600 -784 342 183 325 28 -667 -228 40 -204 -393 581 -39 524 286 -341 1371 -798 -1452 170 -362 191 -1187 160 299 953 -397 -706 -38 -73 -970 -530 324 545 -269 -28 -821 555 174 -97 -169 -130 -58 190 521 -122 -699 70 25 1588 639 400 -197 -1357 -403 453 -252 701 -399 322 -385 -156 133 -266 218 131 -53 1115 -46 -15 703 209 -298 112 -68 46 -696 -587 -580 734 649 469 -337 -59 165 -1431 394 -778 -600 -499 -325 -727 416 -209 433 -1091 -159 188 -592 446 927 -774 649 653 990 1048 -285 727 -695 -689 -231 -36 -242 -23 31 523 642 1026 -1073 -565 -274 -482 108 -672 207 1037 -20 -379 573 773 -1186 -777 -223 -557 800 -758 63 -688 -1103 1029 524 -395 978 -458 588 -770 229 231 -962 -338 -1070 567 -72 759 419 353 -451 482 1189 -474 77 -1031 842 -247 -1369 1047 999 115 82 287 731 1485 -31 -740 630 415 829 393 -473 828 874 -179 291 -582 -511 932
-733 339 566 -246 -780 955 179 695 -1431 -637 280 283 469 882 230 811 -456 304 -284 -330 512 123 1001 -269 1364 763 264 272 217 814 30 -70 871 1025 850 -364 57 -614 -684 803 -428 1674 162 705 -436 443 -326 -191 -312 426 764 259 -206 566 543 366 174 -444 62 278 271 -762 -199 141 348 161 -383 1385 1272 308 241 -159 -485 -490 335 50 73 91 576 147 528 1270 678 30 -992 71 58 474 543 -386 -109 -87 26 -866 273 -1108 -61 832 -755 -801 376 361 417 -237 -716 -371 76 172 -541 335 223 -887 1896 -33 -145 291 170 151 -607 324 291 860 -1546 -1475 -365 -1143 361 105 71 -66 127 320 -82 79 484 189 206 -125 -642 -531 705 438 -711 452 -1114 318 760 1095 -965 -845 -25 144 -1460 -796 -259 -220 415 -53 767 299 -284 21 -140 1338 524 -20 -740 -480 -272 807 117 60 296 501 -502 272 623 -871 -1103 -478 -538 67 674 176 3 -522 -82 60 473 528 -423 -115 -902 1 -308 272 417 -51 -70 102 711 -53 -918 -253 557 -809 824 1208 -307 -256 -1604 78 -680 -373 618 496 559 -213 -508 405 604 -343 1730 -735 277 199 105 -277 -357 -1072 188 66 -549 -819 766 -1008 -276 632 347 37 351 467 63 170 92 860 -781 875 -47 123 -95 -350 -866 -435 -1486 107 461 51 -657 859 486 -363 380 257 -682 1293 732 -771 224 -248 -753 -1525 -253 -368 770 54 264 272 1142 -225 -555 190 1857 -148 -809 668 597 1410 -371 -679 634 -110 114 929 546 -757 -877 147 453 -672 774 -25 -443 -487 -324 389 1048 514 -679 -329 665 1011 754 110 107 360 -1249 -343 100 -765 1257 1065 162 305 -298 167 922 -286 -7 370 596 -409 -1094 639 129 332 -303 241 490 -828 434 -365 -137 785 -62 62 -22 -476 -177 -946 1295 1172 261 -245 541 -321 1028 104 -167 480 -155 221 -180 -1216 -47 -111 -611 -1129 42 301 488 -282 -1307 -1228 -35 631 47 106 -91 405 -441 -515 -532 -718 -390 357 -16 -446 145 -559 792 251 -119 1164 -442 510 -79 268 167 -534
-436 918 -503 1356 724 -1175 439 -188 101 -325 34 724 -573 658 512 -782 1304 -341 -46 382 8 -68 -35 -102 470 467 103 -869 -21 -492 -104 -73 -280 -149 -232 471 -95 656 1002 -506 323 -658 -1325 -600 469 -194 -525 -413 776 -1160 183 -7 1032 -179 1049 166 717 109 320 985 -167 303 163 -193 644 160 127 -508 603 807 -405 -264 803 -140 -486 250 1564 310 222 537 119 -21 717 1294 851 -84 146 -84 -470 -1199 -1079 13 -358 998 951 542 -521 -148 557 -279 -100 -394 507 1102 113 1128 -336 -186 -217 -41 -376 362 -736 -477 248 1134 885 -59 918 -433 306 40 -261 632 927 314 -890 -501 1147 427 451 -466 -427 -344 -301 10 1147 -97 527 775 -572 758 533 339 -328 -543 -163 -466 143 935 250 628 -567 582 -294 284 293 181 905 -938 -985 440 -421 295 527 739 202 171 -696 -449 -291 648 438 152 -376 521 -231 157 -578 -851 -313 -754 -678 6 169 -125 881 361 -235 -971 337 -240 147 -287 163 981 -913 -345 -346 -417 44 -479 303 609 -1598 737 -1328 -1043 266 271 -715 -501 480 320 41 1070 61 -531 1386 332 -451 -15 787 -245 193 -807 -1164 -247 304 72 1301 -914 -40 -272 429 -567 -558 571 -368 682 1104 367 -3 -177 366 -304 130 -141 -192 -1031 669 994 -220 156 -44 399 -600 -310 1222 -986 -583 1180 -328 222 313 726 142 -994 -233 1010 36 -1089 -337 799 -869 -436 143 -496 -966 56 218 1441 -1348 -667 150 -425 -431 -186 378 -108 -720 -36 1 498 -546 686 -406 476 -857 -1120 326 -698 927 -918 -285 -344 185 -73 -200 844 607 -784 -449 300 -231 -627 491 -468 917 -636 531 -968 -113 540 -143 782 -828 -187 427 -152 -272 339 -675 -714 -713 834 -707 26 -396 27 230 -654 96 1284 457 1030 643 -703 -10 -88 -1030 -834 435 -537 589 -55 -211 477 563 847 1595 -465 1428 1222 109 271 998 390 1393 74 161 129 -229 410 802 -131 -455 1096 972 83 796 -486 -710 164 -711 104 472 -17 -124 655 -258 571 744 -141 -453 9 570 288 -349 17
248 -857 -840 -296 206 18 -373 223 240 -1813 278 441 -405 -65 760 471 786 236 -884 148 -1045 -565 263 431 -778 325 637 1582 852 -216 877 -410 350 -199 -35 -238 954 -413 -397 -321 662 205 -352 -90 342 -829 -582 -185 580 777 212 820 440 -189 -11 -271 193 -504 -795 293 148 294 -904 738 -619 -972 -863 -422 -447 424 -4 -211 -74 -80 296 -319 -130 433 386 412 -37 -25 720 438 728 185 -621 583 -45 1015 -293 1333 -791 -539 132 229 -57 -1472 -226 -795 131 495 -612 288 -425 -695 -313 532 -304 -110 1467 449 115 -1241 204 -375 -662 -598 622 -254 1335 370 -462 -290 413 182 698 242 1451 -11 965 640 -390 -497 -281 -486 -127 -238 534 -1 -945 -236 107 -472 512 -450 402 319 574 -514 916 353 -1200 1321 -242 -502 -182 -401 -222 -23 -172 -753 464 -1386 -366 17 836 -80 -85 -469 -499 -51 -244 35 -598 -613 -1183 1043 -343 -547 -392 -40 609 -483 -104 -232 356 -75 -940 -41 -217 -359 -336 -797 -171 646 266 1330 -106 -561 144 -470 -663 1164 190 383 -190 1172 -224 600 492 500 -404 -674 -548 2 -164 -1218 373 649 532 -706 -284 656 555 940 -931 -62 762 -585 -267 869 -652 992 868 979 23 529 99 413 -455 167 727 588 -464 240 -781 589 -52 -53 -837 -431 -115 268 -488 -46 -1264 307 -180 402 478 805 614 -330 -828 -837 -6 564 325 -889 -677 665 -297 -58 -34 609 1440 -594 -138 98 325 78 834 -1392 -502 -397 96 220 1021 263 99 -747 -930 -109 593 846 -928 -492 -576 998 778 142 -634 -50 -153 -1136 1248 -1209 -263 438 -358 -306 -368 -188 441 -1453 670 854 -2186 -468 -212 -346 29 -46 610 -628 863 439 -30 940 -396 449 69 -124 -332 91 -278 206 281 168 -315 -205 -166 216 345 -319 -125 86 32 79 586 23 -770 160 101 98 -51 -859 135 12 -54 472 -274 -376 643 932 344 -864 -1179 -799 659 1318 112 487 -394 1076 -803 -296 633 -518 441 -694 1387 83 -420 -245 -532 205 764 -300 712 -305 -454 -836 473 -173 339 -231 -27 -111
81 43 60 -134 761 -401 -258 -464 1239 258 812 1353 132 612 188 838 313 234 -537 341 30 -806 -1348 -540 810 770 -805 -208 -223 -172 624 -316 -198 167 149 -84 221 452 -71 -754 -40 556 42 198 -122 -380 246 569 96 338 -219 -62 -387 -134 466 -242 -417 748 8 -1027 396 -1063 650 421 -256 136 -383 429 86 -657 375 577 -302 -714 154 774 150 338 -70 -782 -1115 0 662 188 -606 -680 451 45 -31 -216 -37 944 -98 173 225 -101 -925 0 579 19 -439 -545 293 184 1320 -1150 145 733 656 -151 -393 424 -9 -658 34 717 -472 -130 -327 852 -203 49 -98 -323 1080 -439 -1218 -220 1136 473 786 984 -609 509 -1033 567 -510 -440 -704 -669 -496 -262 -142 -910 513 -232 -217 476 -307 -433 860 -861 -437 934 142 761 -99 579 -407 406 -703 -396 579 -390 -834 278 590 209 2 -329 -513 514 -179 -167 135 432 -369 469 276 -566 -235 -989 605 685 -51 -499 -172 -661 -899 -204 822 -726 -282 -315 -12 462 54 423 18 64 -1229 557 442 -287 995 463 420 67 -359 -438 932 -34 126 -648 -367 -793 305 -297 -173 600 1006 -995 529 269 -322 -860 -122 27 725 -333 -195 -119 -1151 -89 1122 172 -202 109 239 41 -1071 -861 867 -245 61 -534 -9 169 -741 285 -454 -560 -45 -321 -693 -304 -96 -464 215 -724 3 -119 -690 149 320 77 -95 -321 -155 943 -310 -382 -633 95 339 -99 -300 480 492 485 -96 -165 655 -304 -372 374 388 1164 -357 534 555 306 845 284 -381 422 52 273 -458 -351 582 471 -39 218 -234 735 726 -39 -634 960 -492 269 49 -486 439 239 185 1184 -419 -376 -863 -297 657 -1701 -288 819 -556 -92 -641 912 75 118 806 -1283 472 754 1452 488 -527 -611 446 -202 73 621 -237 -1501 -620 -250 428 -483 1023 -163 -405 -461 486 889 -600 -44 -546 192 587 489 113 -489 -362 1082 401 310 223 104 -217 1024 -752 335 -40 530 -201 -588 655 -1345 11 166 139 280 514 -223 -729 -776 -555 203 72 474 -115 -177 940 -700 -720 -598 -517 178
719 239 807 -1221 -595 -309 491 158 127 -402 -939 -670 -140 -616 -14 -232 -87 -538 1084 -32 -393 -971 172 748 -150 -353 615 -501 -18 293 515 -210 335 -199 -169 950 617 -420 -260 -53 -421 -114 679 639 471 -1844 458 -209 -865 -557 -192 8 369 129 -49 142 -165 -137 923 772 -244 -711 -619 -454 1388 429 512 291 976 -1209 -36 46 -669 -329 -731 -524 -351 697 -167 -134 191 -332 -601 468 354 188 501 183 1097 248 1563 83 -636 403 922 619 -28 -708 449 -9 185 -1322 -671 460 -147 1044 269 33 -28 -667 201 -1250 -1427 405 78 305 219 -608 48 285 743 -552 -144 -531 779 -884 170 -1088 -29 -71 336 212 825 909 -1028 7 -1293 1190 459 491 237 -766 -183 538 191 -28 345 -125 631 -594 -28 41 -555 -876 -2071 -1186 -1037 182 -770 426 762 982 -146 146 7 228 -827 23 20 -272 -235 9 420 1774 196 -138 104 703 89 908 -555 -447 -132 -433 -688 1370 697 -325 346 -659 -211 -57 -673 611 -168 -833 787 -137 127 373 67 -1401 337 -356 485 522 21 591 -96 -250 -634 -1167 224 38 -304 -646 297 154 -31 212 347 1055 382 519 84 607 -66 1038 -1618 -22 -134 125 -696 -975 359 246 -396 -342 -133 95 612 261 349 838 350 910 -682 -872 156 336 1518 -618 1526 546 -1349 -840 -300 138 484 214 -734 -210 -406 477 199 -168 -320 -317 288 -352 -376 1107 -903 -490 -476 -315 -889 374 351 -114 -42 1019 1037 52 467 356 -879 -1193 221 499 -646 -643 -127 -211 194 -127 893 353 -241 -143 -212 25 -35 -217 -645 -332 412 658 -577 55 -295 32 441 426 633 -28 17 124 1343 -32 448 1005 876 562 -392 -644 800 197 1586 1150 -446 76 -236 548 15 -446 716 -486 269 170 -407 1074 -123 414 -872 -35 733 -141 -475 156 -1159 -475 -367 -294 401 -204 -624 912 1497 -308 339 452 -533 312 454 150 -456 542 371 1104 759 2 103 344 924 74 -111 -1117 1408 -381 -234 719 824 280 -293 297 -643 -1015 -148 -584 12 544 -4 338 -621 1145 -254 -825 -1262 227
-179 22 -276 -608 398 -912 734 -104 -917 790 -136 -834 -90 51 -56 464 132 406 181 -351 -28 456 -243 365 -890 484 -477 200 749 -359 -139 788 675 199 -1370 231 -718 92 -74 249 596 -79 -737 -464 -39 166 985 401 -284 354 221 733 578 504 -6 -305 -311 -244 296 -633 300 -162 -791 -1269 324 -242 775 802 -385 -206 -702 -589 -1260 51 23 -84 221 631 47 -1462 -795 220 470 -352 597 135 753 839 -911 274 205 50 -320 1124 -320 102 -560 -600 100 736 -440 964 677 662 -770 568 22 -344 -356 -1565 178 156 -285 283 127 -49 408 -780 -6 -91 88 184 812 1108 -203 -291 94 113 -323 346 -27 20 -106 189 -561 -94 -274 -750 147 224 702 79 -645 318 -713 1025 793 1372 -885 -540 567 909 -883 115 -109 -604 612 14 173 62 -330 491 -193 139 -891 -404 212 -1406 -674 69 -922 -795 -399 673 734 5 213 445 -1157 -562 1493 -458 194 -108 -471 920 253 -72 580 -1143 656 -1411 479 -514 -76 -708 6 434 337 -217 -155 223 1107 890 446 823 745 -375 122 -233 859 -246 -349 -32 -607 -1094 -118 581 -766 -101 70 406 369 -651 233 -275 189 -492 -672 822 -85 -75 512 -256 440 -463 -203 722 1040 -324 -332 -481 -680 152 -1641 421 -256 -1059 389 15 98 -548 -362 -666 -799 -817 1 134 -212 209 604 629 -508 -22 983 1035 145 -822 195 856 -476 330 341 -266 485 -135 255 -244 317 320 -215 585 256 -1114 -550 88 44 -653 -620 -402 1329 931 99 114 -1124 646 -1393 -518 243 448 -472 -1017 303 131 -46 1268 329 323 353 -669 -34 7 138 116 398 185 -321 -182 -1127 698 1474 732 171 -71 1305 547 882 -782 16 210 -760 -157 -137 466 -167 170 199 28 290 559 399 395 616 -1076 839 268 251 87 -664 20 328 -43 -752 126 -518 -489 -102 410 1017 -117 -963 -237 -411 1307 446 -408 174 -538 -311 -690 -227 228 575 -984 -325 -1367 -739 -383 116 890 455 109 83 -269 95 36 -21 819 499 -370 -426 230 -1083 -273 -1185 704 -237 -28 5 121
-291 437 409 -623 -45 -422 341 473 -174 -755 297 -299 300 -289 126 -205 537 12 -664 38 -347 449 463 761 450 -1679 1315 -317 332 720 375 -53 -855 -200 420 -1039 696 743 908 -318 276 702 5 -442 423 -366 329 156 1386 528 327 250 -196 184 -716 856 342 -548 -44 -68 1473 -167 196 429 467 -166 -491 -1052 1245 -371 836 -214 -133 516 695 38 -243 1328 -378 -313 114 1114 867 -492 -64 -976 1027 6 -496 0 -268 100 444 605 -1057 -900 972 394 836 147 155 20 715 -1453 -11 -1252 -420 942 -1005 -618 -168 -186 -33 -224 -103 352 795 -627 -1611 -639 144 -101 -982 -257 315 -194 383 1604 1230 -240 -872 -1195 -490 -247 540 -106 -1052 -117 912 1782 292 -1650 799 -89 -1161 -906 -215 250 -647 -97 -46 -346 871 624 -260 -536 -468 658 136 556 748 -218 1122 213 958 674 -573 -82 -523 -783 61 -152 -486 678 1413 96 -631 -1003 1236 -176 -421 -146 -884 190 340 797 -710 280 146 -429 -469 185 -125 858 -123 872 538 771 720 393 952 536 205 67 -617 -30 1544 1787 -621 289 -335 1048 -941 211 -1475 484 -127 46 -991 -221 367 -6 -230 -322 1167 -518 454 368 -389 -1466 -70 -861 726 -109 1260 -552 -321 777 -525 220 -122 303 -1200 41 -356 217 -727 145 68 747 326 -257 167 -349 -989 658 -486 762 -399 -541 -620 -66 -207 -988 -368 -1173 -564 225 -641 663 -532 -66 1099 760 843 1728 208 703 40 414 -1197 -74 786 957 -690 411 455 59 1123 -990 -105 -531 -340 -132 661 241 546 529 0 -302 264 -429 -1133 -787 162 -92 1141 -644 -272 -1481 160 12 676 -457 705 59 -428 -133 193 -557 -39 -236 249 493 41 -673 836 -510 124 -378 228 225 682 199 -382 -58 -257 -352 -213 41 -1069 -560 -714 -157 -604 864 229 435 -438 -768 -444 341 -363 -111 510 1061 -559 297 113 130 117 -297 425 -675 -168 -830 511 -760 677 585 -335 376 934 135 -469 46 -320 628 -244 555 430 792 104 -420 -434 295 1006 -261 -1319 649 -47 414 -54 -198 -181 -1098 81 428 -109 -897
262 -32 -56 -50 -548 338 53 -47 775 -291 -1193 -295 -278 569 132 -90 -372 -262 300 -420 -265 891 -828 -210 -666 178 540 436 -446 446 348 413 573 -1202 86 -28 -378 710 -234 554 -951 -292 -302 -555 442 448 -465 391 -537 548 -1446 -810 -217 866 689 -1 -1068 914 -360 328 103 196 -319 -345 43 -470 -1308 1078 815 563 182 -920 607 -469 215 47 -126 -524 -91 -349 -82 -68 286 368 -623 -107 -572 -877 295 -340 295 546 606 430 617 -674 -539 -234 571 1094 -190 -188 620 93 1470 -1238 -536 -162 390 476 -543 593 765 -648 120 -431 -604 209 -940 312 267 -248 685 -1224 -265 118 -198 1076 590 -33 -194 -704 -227 -670 -110 -653 218 -174 -690 523 -293 -1810 576 -36 -97 123 -764 -439 530 68 326 73 1330 -232 592 127 -330 111 432 -111 83 744 384 -511 227 328 467 285 1107 -981 593 -292 -346 -262 418 233 1265 -926 -1317 -382 474 1210 728 -1232 -153 -301 503 -1120 74 628 -756 970 136 311 392 16 -1113 -257 -706 535 79 1524 -884 109 -954 78 -840 1094 -60 -575 493 569 865 -75 -119 -233 -1220 123 -945 -305 898 606 -169 -1026 853 -365 960 126 213 808 85 -546 621 -98 -54 -1001 797 392 -1010 -192 348 -506 -995 -42 -514 -37 -746 159 219 346 298 -318 -1039 -192 -547 439 -83 -641 -463 729 -461 146 208 -1422 288 -255 -489 -295 -761 564 -266 -308 -229 -160 -670 -515 -638 -401 378 -143 -407 -745 51 305 235 564 292 936 -757 -118 389 479 414 -169 417 518 -863 -425 -663 3 -315 735 -1035 266 80 -112 -1516 -260 -1004 -362 -859 11 265 624 -996 -522 334 337 1339 -639 714 -476 84 -566 -224 -100 -68 508 287 -370 93 -243 653 1157 -221 -940 -185 774 58 90 -338 1062 745 285 59 280 710 -724 -178 473 -721 398 22 520 -1005 -336 996 -152 706 -2214 -804 211 -359 725 1071 -442 -404 -1418 -616 252 -148 -330 539 149 -580 -660 -364 919 -652 497 -791 -593 333 -622 642 2016 -111 281 903 313 6 749 138 -221 433 -1554 -902 -217 -462 314
552 -569 -946 -601 193 989 108 45 -651 764 1260 110 525 1112 203 566 -418 -974 -227 419 272 -219 -290 161 -434 -149 -170 98 68 702 1199 -402 727 777 21 -267 1523 350 -672 -728 -411 -286 63 -180 548 816 351 -231 454 2 485 593 556 152 75 434 -592 -154 -37 -75 -176 451 -114 227 36 806 673 -86 1161 -175 289 -482 -753 327 -257 327 -322 -207 462 492 104 207 -147 213 -174 338 300 -170 44 -290 -54 -349 906 588 -703 -669 230 145 -138 105 1026 95 374 371 -12 608 -189 1010 282 -114 606 317 -512 -413 -253 -110 -9 -112 -398 -293 -472 45 255 218 -399 272 -183 -677 -464 -282 378 257 -455 -32 57 -463 -156 -1557 518 452 -720 347 348 -208 -762 -1377 494 379 225 -591 1354 -274 38 -697 467 866 211 -791 481 186 -454 -526 197 555 -763 -726 190 348 468 -784 39 -111 871 237 -446 -616 79 -918 -516 -607 106 -299 228 700 244 34 -35 -110 -114 -456 -117 601 -813 -179 -232 291 859 -418 333 -320 -190 696 -615 -226 -1038 -464 -1433 911 -576 -672 -199 245 579 1001 -408 -35 609 -1027 162 509 114 -351 -1033 -568 853 315 361 66 -945 424 165 -109 601 173 622 331 223 879 792 274 -315 -574 95 -532 226 528 270 1047 -362 307 147 -363 -38 367 382 113 -716 -945 -304 1356 -51 385 302 122 -734 832 316 748 -294 -221 58 25 983 -37 720 1397 595 523 -555 -998 -1203 675 116 -554 -336 -205 729 667 -273 -253 203 -765 -138 93 77 74 -385 500 -338 -760 -133 1198 364 -4 -314 -233 -400 408 -16 285 -801 -1223 421 149 -77 -942 -269 -437 90 -165 -1054 -436 88 -214 61 -375 -6 114 -25 613 -96 52 -320 823 201 244 -850 5 -832 -268 1028 519 -268 -78 -300 895 174 967 1861 -351 520 -513 619 873 154 -1236 657 482 494 175 -560 -111 600 -257 -170 -761 -1072 -357 -115 -359 374 674 -378 -451 1135 -17 981 345 -202 -244 -110 602 178 375 997 103 1003 280 147 542 33 503 222 352 48 33 -450 -633 -283 514
630 407 -223 -307 881 -918 533 -1095 -670 390 -430 -205 119 153 -653 -176 -397 -189 -684 95 96 -886 -1526 -358 -322 -80 -138 -368 -101 626 -800 -506 183 -1163 105 649 610 778 -531 -94 15 -1020 -277 644 594 -488 -1027 223 163 -801 -200 55 -357 -362 424 362 -591 642 440 719 663 262 -36 286 473 -178 -1531 187 721 -1027 364 436 -231 -788 -374 -720 153 -504 -321 696 -328 -1068 1038 -256 765 268 -523 -374 -350 127 -79 788 -573 530 -812 247 -57 -569 -96 663 -652 -556 528 -1288 -179 548 -90 -114 -1207 -408 387 -551 924 183 239 -73 561 -173 -999 -666 -410 -926 335 -500 -467 215 61 111 -288 -305 -779 -231 326 174 822 -561 419 664 -1019 836 478 -988 205 -916 -357 363 -102 658 -336 -5 350 -253 -118 -702 -22 -497 -796 592 -371 -319 1276 438 510 466 496 360 616 -259 -39 -810 136 319 -207 329 -126 864 -385 459 -366 843 -797 51 -91 58 411 613 163 -781 760 -152 512 -715 586 415 -766 -89 580 215 376 580 880 47 -458 -246 -132 44 146 -433 786 -440 -1393 -333 -93 1342 490 224 153 -541 -416 -2 336 866 -127 -136 732 273 267 -4 -615 -119 259 616 731 30 754 281 -956 613 205 -337 420 44 94 -117 823 580 -331 400 -31 656 -160 -394 -536 626 -173 237 1040 -232 414 -1378 -371 -608 166 -857 -390 -93 792 -86 -381 505 156 734 151 54 -492 249 -699 166 21 -266 988 -48 -309 532 131 -241 32 -1314 -223 -118 -955 394 -719 696 -26 9 -465 -979 707 1318 321 -853 551 605 -563 172 264 1228 11 260 931 -111 -581 67 -31 -112 84 783 99 723 -708 726 850 535 -733 300 985 14 -637 529 726 -374 600 -1126 -22 727 1252 -548 14 -125 592 826 186 -855 -1087 -1366 -112 -215 -227 -223 418 -1430 192 -505 339 -790 -1730 1057 295 516 292 -440 -183 426 945 -220 -475 494 -638 503 681 -272 68 1 -698 -1243 413 -31 484 276 -1258 -710 -428 -634 -265 820 -507 -794 -1499 -942 -1023 203 -306 561 314 -499 938 -196 197 -298
506 100 -230 902 467 240 -337 275 -415 -315 -7 -442 -7 -149 -358 -283 563 -358 -491 -67 -33 -473 -267 1335 -175 206 -978 131 -894 -636 -209 -1562 177 -16 902 373 -1015 434 546 -1178 -616 -258 459 451 -437 551 118 -185 521 -840 705 -518 -250 -44 -604 -37 221 522 -404 58 375 158 101 -232 -979 -373 -883 -154 271 1785 886 204 -10 -739 647 34 -199 52 132 -373 -156 20 446 1233 70 -48 18 -760 20 969 -77 -942 565 512 1044 448 -35 486 1203 332 494 234 610 1201 324 601 627 -531 -481 -279 451 550 -290 -849 -607 849 655 5 321 -954 477 -443 758 844 -1218 -590 -288 -102 819 -411 -86 -218 128 612 210 -263 2374 31 -441 225 859 -613 925 -893 -165 -52 599 -435 579 -197 251 -136 280 682 32 -107 679 -752 -585 -189 876 -276 -576 -219 1166 -165 649 -418 716 121 695 498 -719 228 239 169 2 471 -217 -514 -360 -180 -29 64 22 -351 224 -186 349 -558 -134 237 943 -132 439 -429 -1196 -581 639 -533 203 -439 29 -91 -1381 -390 -114 -1734 -1489 93 222 786 192 -606 -192 589 726 -600 740 267 -108 491 755 -66 -286 -1238 1069 98 -53 1403 66 -416 -1566 464 213 293 -167 310 264 483 189 -297 391 -589 -232 -394 -135 -649 -872 409 -337 -39 287 1270 -325 859 -246 22 47 -1428 -330 1074 1027 -83 442 116 -343 -499 -87 646 -129 -45 -810 -641 236 243 348 -571 -984 -577 -317 -600 328 367 -249 -299 -530 -468 -739 279 -622 -1185 197 -634 553 -473 716 -613 -776 83 -489 -17 34 117 -728 -224 -820 135 -722 422 476 -446 675 -65 -675 195 506 511 124 -44 1094 -582 -1723 132 -103 -450 95 -725 -602 -1547 852 -806 -118 -83 -1201 33 -1086 135 58 -152 165 181 -546 207 -391 918 -104 -412 -29 -236 -1622 -1814 396 801 -221 -58 -771 924 -291 270 1458 -156 683 926 1033 605 -584 -1 -1138 666 -64 281 682 -437 1616 383 159 -46 201 147 701 -475 -354 41 49 142 241 -717 -765 -240 222 206 661 -759 -153 745 353 194 -794 952
66 239 743 536 380 729 -688 283 738 575 -452 -87 -441 886 204 412 6 -739 79 204 -647 282 -555 -271 -549 -678 -837 821 -21 -646 -501 -490 352 -357 85 -365 52 659 -434 -276 -525 266 -51 -344 -161 -262 781 1038 -1628 -545 -474 -616 -1942 -137 -1072 -824 -275 810 302 -818 -646 319 -536 1154 -126 288 -323 18 -311 -962 1214 330 442 617 457 64 403 549 1163 235 -402 -117 836 444 -800 -34 281 -171 -437 -295 -226 -445 -305 -247 350 39 954 -182 -111 -219 160 310 -729 -671 -192 -200 222 -415 518 -75 109 -422 -37 -409 408 241 -387 -562 -690 3 1657 -763 502 303 311 -504 -709 -480 907 588 1352 -560 -753 268 157 -1507 -531 789 347 296 334 110 175 119 -635 -1584 -567 -448 -504 -494 -914 307 -670 -269 -232 106 -888 -121 -1762 -460 1054 -250 36 -277 -1293 470 -40 58 309 -89 112 973 1239 14 64 291 390 -127 432 70 200 323 -21 -398 181 986 -617 -160 -262 608 -538 1104 190 593 -108 498 -1360 121 -12 -1147 509 -365 -746 -667 324 679 -902 -441 320 436 114 774 -629 50 -287 -134 718 143 118 -186 401 -762 300 111 -1 669 -134 1277 458 -675 -103 -240 -601 769 344 -75 -189 -8 182 762 550 287 47 -638 528 179 -607 -28 210 -456 170 -213 303 102 426 243 -45 205 621 -499 403 -457 22 45 520 -316 -707 -80 392 69 -318 1306 -1047 787 -794 380 119 -261 -405 730 -247 -532 -71 70 338 -1176 448 648 190 -504 -360 -265 313 -207 393 10 -184 -223 -944 404 92 -738 293 -604 527 -630 602 525 62 283 -662 -1297 -16 290 -554 628 704 352 595 -656 -61 -364 397 952 -1553 -1227 306 -554 -968 -674 -1320 26 83 -8 0 -1448 -43 462 830 -936 -257 161 -1089 771 -259 425 -48 1262 716 574 -212 -299 118 -361 -206 810 984 318 -427 458 437 956 1017 824 -614 -679 -1115 -105 564 1084 557 -60 788 -519 -28 139 614 1301 84 223 305 112 663 2290 908 -147 -100 725 46 -125 132 42 648 -649 -576 -351 216 123 150 -279
661 -619 1006 -736 -817 619 183 576 770 -556 -177 -441 486 446 160 1911 -1178 886 -400 1606 459 150 -42 -322 953 256 145 986 -188 713 820 106 52 -227 -871 262 -843 -953 -501 632 -576 -58 309 38 1247 194 -368 -93 -139 -846 -396 49 4 1010 264 624 -266 -226 -366 32 49 -890 245 1000 153 -33 649 148 853 -200 -303 -581 -70 -127 -648 -797 -363 -767 387 -113 137 13 1194 -365 -1128 2106 310 -755 1352 -598 1017 239 178 -738 -166 -207 259 232 95 -1028 1582 -453 1090 -345 530 -276 -326 -325 -847 -455 967 -135 62 -706 807 2 -156 957 167 -384 -344 -773 -1068 726 -991 244 -237 -148 21 -1104 -264 112 -927 -9 -659 -233 378 -1078 130 409 -511 207 -19 -296 -1208 770 989 -349 932 393 -357 374 -5 -391 556 -638 -1537 -215 329 -497 950 221 134 -485 428 -1020 524 -1065 1006 201 993 320 554 -199 -780 144 -114 -912 623 741 -281 -371 751 143 -370 -265 1285 -136 -890 113 18 1208 -513 405 -612 -320 -173 -281 -210 -764 106 428 -297 -1161 -955 -81 -691 -628 -375 -429 36 -1153 -840 917 -74 38 -294 232 276 -725 -363 897 804 12 844 -394 -385 -11 60 -117 241 896 -907 374 204 946 68 813 -928 1177 -638 -383 36 -1109 -314 371 -55 -392 -110 55 -813 39 562 604 421 487 687 746 -576 -86 120 131 557 60 1070 -292 -466 857 158 -83 888 120 -429 -496 -152 -976 -1674 1150 -147 497 296 -948 399 127 -371 -655 294 -627 369 -899 261 -381 842 -226 387 -480 104 -208 -479 -489 -177 894 -71 -336 -148 359 -427 727 303 61 -965 -240 391 -711 24 92 -143 -577 1107 660 -282 1176 -51 -539 346 294 -314 -343 516 -129 -54 199 -592 103 630 -139 -179 -859 -1205 -192 270 -310 -199 -576 -1420 105 -272 -1386 259 -122 -386 -30 567 -77 777 -321 327 -396 510 -513 314 -814 -508 766 769 -503 650 -584 810 158 655 -105 266 719 155 917 965 683 338 -780 293 600 591 -1204 -38 -1329 -192 -86 -458 97 -412 -239 96 749 -556 115 58 255 799 -643
1250 92 941 -662 -396 -622 233 838 377 308 364 -654 30 179 -207 -670 89 -94 412 -462 -1040 386 -261 50 295 67 -62 -107 -153 -106 549 -411 1006 -355 54 130 -394 1175 242 1294 1443 341 343 -346 109 -921 -46 129 -213 304 217 -451 -572 -1069 -531 741 748 319 382 1320 -87 -153 818 -141 -317 -167 -259 424 67 -823 -436 -266 1044 610 209 -78 93 -260 227 -994 -92 407 628 -94 762 625 -306 933 532 -831 -631 310 1172 762 -997 470 -1046 -698 800 -258 -1059 -272 -52 481 93 -73 -533 108 424 -1102 383 -1374 -729 615 227 189 313 -48 447 -929 509 759 182 -927 -726 762 -25 3 -647 1172 379 -239 -535 -964 -686 61 -1128 -671 72 -406 -801 -41 -617 476 555 -604 495 -813 -130 -408 166 -284 297 1042 -50 -853 -181 -720 295 -305 -1155 84 1113 1094 -892 -423 -440 164 465 -292 -683 -528 1078 -523 29 -1080 922 -827 -1012 32 300 -438 -306 755 102 606 232 534 -501 -556 -516 -60 777 619 284 -435 110 332 -1269 -266 -651 235 869 -595 -575 675 -1354 -775 -265 -748 705 -1097 783 1281 289 184 -145 -843 -519 -213 -127 -981 -742 -579 -171 641 -790 553 -677 773 132 447 -194 722 -654 -4 314 184 -149 1226 -248 -538 -257 -592 -60 524 -249 491 539 579 -245 638 -261 -806 -13 -305 730 470 -91 -1328 1051 -1269 399 67 647 989 199 -455 344 914 403 169 430 1054 -155 -263 -1084 50 -1071 -171 -378 -1031 258 163 370 651 -117 440 85 737 443 170 55 -48 663 -462 -114 717 315 -802 465 304 -76 -368 -42 -106 -565 896 -99 266 249 -974 837 127 499 -223 -1189 -220 1044 1054 1197 -396 -66 -792 -401 -729 -871 -29 723 19 -141 -356 312 145 -335 -220 -2120 653 -36 539 -349 -166 -176 51 -4 120 495 -46 -378 -67 -504 716 -1089 -161 -749 161 489 13 -828 -1048 -290 877 257 -161 264 857 71 -106 458 -440 -550 787 427 -765 422 -319 919 135 105 125 545 658 -95 277 -1349 1474 -808 972 986 341 602 -33 -1353 -431 704 -863 -5 -284 176 -486
258 -237 81 -1218 -316 240 -532 -338 -454 1074 166 71 267 462 -355 403 400 -102 -491 -292 86 338 275 -652 456 550 153 -1285 -467 459 404 -607 906 1060 10 -138 513 707 -1922 458 471 -676 -55 253 -306 -421 647 -1427 131 471 -84 -738 -888 -628 -274 173 -363 -452 -415 72 573 285 -243 -725 -667 1052 142 -188 379 -96 -753 852 -895 -379 -211 -718 1744 -488 -319 -407 227 123 -363 401 -669 218 195 1026 -379 594 347 -200 47 490 395 -357 577 -911 -372 421 501 463 443 -845 111 507 320 553 -72 251 926 310 650 -838 -306 -526 -195 1114 787 321 187 13 332 311 -498 -293 -196 -257 316 -317 278 -870 -345 483 -75 -253 -65 429 -265 17 636 212 -584 56 38 175 45 -614 735 298 -180 112 -503 1019 -675 57 -335 119 615 1395 -809 104 184 322 -46 169 787 1341 -39 -880 -474 52 756 541 765 1070 406 -406 -190 -259 -286 -951 256 1466 666 210 249 -551 250 -637 343 -774 849 -695 289 132 36 703 -480 178 -500 -281 -340 -1066 -306 62 331 -516 2 101 -321 -257 646 -737 494 -262 776 146 -664 51 -553 132 -398 219 79 741 208 -102 389 -170 821 781 -1066 280 6 -819 879 -199 146 796 -1346 198 473 761 135 539 -176 74 51 -1145 394 704 -187 -763 386 490 378 -289 -82 558 450 314 -43 157 337 967 -1246 88 178 -423 -546 -522 -444 319 -110 332 -1121 -1682 756 124 -293 788 -249 597 314 21 762 371 -394 65 1085 607 753 608 -828 172 -911 10 -1 41 -536 380 -1124 -257 -1563 502 -508 -906 -664 682 60 191 117 503 -26 277 -584 -224 90 -338 -764 782 719 -600 419 -191 -661 591 949 211 -652 -1120 -128 -121 -749 -833 664 -562 -153 824 954 -395 892 289 -455 468 542 12 384 -429 285 427 -1377 292 421 720 -686 29 -359 -244 -194 352 -863 271 1472 770 216 1098 859 -249 -1291 -453 146 -1090 1079 590 -241 -158 758 135 -664 -435 -270 616 -6 -1116 -111 321 597 233 -111 -364 -848 1057 -13 70 428 -909 -179 -539
-371 -293 304 -763 1070 235 -1420 -86 1059 -300 -186 631 204 -861 -614 -505 259 144 699 94 -999 71 338 371 275 680 1215 -138 113 -606 926 385 -635 1077 -903 411 -718 167 313 485 -985 175 643 -104 862 135 -1119 719 684 -1150 -619 -407 151 1443 223 -267 -284 206 -1249 -65 -296 -285 298 2264 -881 -955 -69 1025 -151 -745 759 -332 -357 -206 -122 388 -163 14 561 722 1330 -772 268 -402 -482 332 595 117 -316 -1146 127 -431 678 1022 748 -1065 -1065 -109 1323 -369 -508 473 158 24 -694 -740 903 262 -237 -482 106 -520 38 -578 -513 105 -1535 -208 989 -768 278 -450 425 863 775 -577 357 342 -121 -44 -566 140 -9 -180 -825 175 -481 218 -762 -921 946 -1637 191 -191 113 689 -780 136 -229 -569 -449 277 766 87 667 -310 250 488 229 229 700 -17 289 -260 144 -116 18 -1057 -145 -70 206 424 -283 -205 -456 -641 61 838 -544 -284 -943 1437 -243 592 -427 104 491 -260 -123 -743 1454 -1113 893 292 -516 -193 -1067 -42 -165 563 508 -238 992 -275 534 584 428 451 -1210 -269 143 355 172 -407 -1017 -1402 69 967 463 542 -403 -379 -985 -336 -186 -598 528 610 935 1630 -217 83 -644 -176 -35 835 522 -108 515 -164 -1133 870 488 -158 372 421 -44 326 -461 -132 29 -134 1026 -569 -228 -1362 330 123 -96 88 31 -559 641 92 442 -1323 731 -800 76 -410 -348 -241 -529 479 -88 -707 -201 -297 661 -866 414 -648 415 274 -235 1066 325 -412 169 -371 609 768 -1481 -483 679 506 172 105 185 179 393 478 78 -339 287 -481 667 -56 502 37 -45 250 140 -233 -624 1556 -150 -296 194 -417 -214 152 221 730 529 -412 610 943 -230 -79 1366 1257 -68 -476 -90 332 702 75 1062 -259 121 -678 -63 -720 102 -1094 -1171 830 127 -535 -653 -639 70 227 617 -270 25 -490 -362 -650 213 727 719 -648 -4 -361 -430 -411 846 713 -254 508 1080 -395 -335 -244 254 535 -66 -849 -344 285 318 -303 -388 -261 13 -149 24 486 -1254 102 1012 290 -846 -528 -965 -566 -10 401
485 -651 -603 485 893 225 -901 -566 516 -322 -32 -592 -668 -458 -242 880 -409 465 -161 -486 -44 1387 188 644 170 -634 -816 473 -754 -25 -110 -103 633 402 617 153 -663 317 -1007 -615 -247 -397 -30 -74 -281 -1163 -742 -263 -625 11 -487 900 -339 744 -1452 -1090 -99 1566 95 9 816 51 -1231 -1190 -242 -1304 -510 -302 -1321 -655 -1037 -73 364 -199 -334 1611 -415 604 160 -573 -106 -321 -1236 -21 -964 128 304 -99 540 -106 -411 855 643 877 -908 -312 -198 55 -895 736 135 251 -273 -52 524 -636 567 -475 887 636 115 -242 588 94 -646 655 -1091 680 -951 -313 -860 -191 862 253 -501 -72 1488 322 839 24 385 1211 -486 -88 -582 -506 1088 533 155 -469 758 1543 -344 -324 195 -304 354 834 -259 564 190 -1512 361 125 -662 -40 -264 953 -222 -167 615 707 177 39 -1268 414 127 1353 -896 659 53 643 264 -321 -771 -383 18 70 -439 705 1160 524 656 162 113 -503 238 -960 246 750 -148 401 1215 -290 -287 -536 -296 -254 -167 -554 -1451 138 133 464 -907 -542 -212 -200 -112 -642 636 -728 491 -1094 -624 503 -130 223 -521 -1270 -1051 337 567 -1341 -2234 -604 -78 900 -389 -410 -139 659 477 224 676 424 503 -388 -658 -438 497 348 -295 147 1232 -642 -325 600 -576 -394 -580 -468 -75 757 -839 -553 430 -905 131 1032 -761 -175 -342 -447 77 -280 12 -4 67 -826 619 160 -980 408 -707 -348 678 -513 -198 348 72 -514 1088 113 179 -60 319 -221 -1081 -734 -132 -12 -153 887 -721 836 53 612 -266 792 -284 -583 112 1276 -679 160 1 534 -605 232 -198 -294 641 177 342 591 -375 -111 603 960 -1116 -69 -253 1241 113 577 881 1051 19 460 -682 257 755 72 5 -310 1029 -24 -810 83 62 1266 37 -133 606 -645 153 310 -84 -529 -312 -253 -21 625 122 -448 -1429 -502 -161 -601 -809 121 -139 -442 741 -40 -220 -1330 895 -445 -1197 -635 -195 -510 -632 -208 367 -221 418 -300 665 128 144 108 320 13 59 -392 250 -651 668 903 -242 826 329 -157 -76 328 939 149
-314 642 1074 285 87 1226 610 388 -597 -475 366 -584 26 228 639 533 -1610 -137 -616 293 30 750 -416 325 -792 261 268 387 961 -19 -561 -1637 -129 810 1127 -220 124 534 -397 109 -512 1423 643 505 159 341 653 1519 7 2104 372 -439 813 -1635 932 -199 -333 -75 581 229 981 -877 -690 -178 170 1489 409 -191 1566 -72 1014 -321 -669 148 202 -292 -189 -822 2 -612 -587 -353 -148 -132 -1155 -284 577 -277 889 1078 528 -502 538 -73 13 524 -654 152 49 -218 -229 -642 -45 -956 897 -186 55 276 -216 -249 -686 -634 451 309 888 501 -203 -200 440 57 -258 -268 148 -162 -1556 502 705 770 394 -362 -246 2 531 273 657 -53 -16 -608 -444 -402 390 203 -93 -259 542 -245 -487 -32 174 -978 8 872 -216 -184 -65 956 -590 231 -239 243 118 33 783 -287 -602 728 -75 382 -53 -47 462 102 -96 4 185 -176 104 350 524 -248 -194 1231 -369 711 -1224 1010 -1139 1097 -409 -1082 -415 170 -60 90 417 355 169 -293 774 -692 175 -64 669 -809 -527 -745 303 235 -515 613 168 -244 -918 -396 17 -489 -924 1115 431 -39 212 862 474 -196 932 769 158 -82 152 524 304 -722 760 118 729 -353 -151 21 165 -694 -124 388 -374 -183 -117 540 297 131 -580 339 764 -587 399 597 -157 -422 39 -130 127 -360 20 365 1327 -473 -1877 161 -140 284 -302 -52 170 -121 -239 65 -915 830 -858 638 1034 97 -520 -385 684 492 -390 -743 -223 -157 -1661 644 731 1598 307 -931 -698 57 208 -210 25 205 234 603 -1341 -1038 49 -126 562 -799 -66 21 -1127 -785 516 -917 -365 -597 108 -99 343 -489 -3 524 -562 205 -133 520 -349 282 -611 299 607 -189 -579 -158 -1194 91 254 -579 472 -797 368 -70 730 -1074 -584 -942 -729 152 -683 265 1567 257 436 256 218 161 810 70 25 -280 -1292 880 -616 -187 -1511 36 -197 -131 108 -311 -76 376 -688 112 -320 741 -285 -1495 -122 100 79 -719 480 -322 1014 648 -721 -204 581 -762 1149 -472 -973 -931 603 1197 599 484 -707 -1293
-173 -1041 -216 -103 -147 83 -82 -649 296 -461 165 18 -404 -241 200 -426 -305 630 232 381 -1338 -75 485 -648 381 -834 -218 512 -531 631 1226 232 -219 18 -697 -179 -242 113 269 -939 342 38 -205 359 -79 101 -184 -720 357 -362 -109 390 -621 61 1378 1680 -336 805 418 -938 277 -153 297 371 674 278 935 -68 -203 -491 -13 -583 -157 -436 -435 -296 -1303 -1082 158 459 641 473 -280 269 508 -987 889 -408 -310 -43 49 546 -385 -1057 491 360 165 896 -212 -846 277 -23 -197 94 -654 333 -882 396 -825 -207 -784 403 114 -97 -234 -171 -527 688 -20 -303 -127 1222 -1044 -71 275 396 210 536 -742 -588 49 -172 -89 -1174 -785 430 -574 771 -821 -865 -551 386 374 -617 -358 -478 847 -697 187 -482 -991 759 -112 -606 -690 296 640 -260 -1495 76 -159 156 -157 867 -484 -948 -457 -933 -575 164 190 -21 461 699 552 -632 -45 1032 213 131 402 -428 25 -469 -333 633 948 -423 529 1079 -15 957 -76 -243 252 1249 -501 -770 -984 922 -118 -630 82 -760 382 -268 -540 -417 1402 -978 -116 -851 -454 378 594 -480 -541 261 305 -568 -261 517 99 -856 -113 489 -495 766 -1095 489 512 -306 -1 -279 -571 555 1540 -762 203 -72 210 460 45 516 -1096 -121 921 -144 -482 -766 406 605 635 -329 410 -325 -476 64 -817 711 447 285 250 1238 302 141 -490 78 -910 -525 887 102 706 -43 537 -304 79 621 124 275 -272 -431 -275 -538 -101 78 -177 113 -129 -144 -852 -64 37 -272 78 -384 -519 -784 849 -883 -322 -476 483 -770 1166 111 75 140 235 -926 1153 14 -525 488 -756 -432 -145 -1452 307 216 -95 -157 182 195 525 550 -837 1558 -123 234 141 -120 -316 -367 992 -247 -34 -468 -189 375 -65 -76 -422 -86 642 -1183 -1707 -155 235 -1349 247 -586 525 -27 -70 374 665 124 1160 286 466 -1270 377 167 442 625 192 -286 4 -72 623 -627 470 77 535 -35 911 40 -745 -999 802 78 1061 86 -394 -629 24 -252 -25 765 214 223 -503 -16 -353 -477 -982 -263 346 -348
252 149 -275 737 381 -244 -562 -579 -519 116 -787 -52 -524 -393 -844 7 676 -486 607 471 -266 1276 -1014 -670 953 -721 22 -353 702 -435 266 406 450 -725 -1664 -577 -776 72 98 -256 -219 -553 -260 1083 -397 -1470 -226 -41 504 230 788 -171 -1631 458 -334 -93 -468 605 420 -283 1176 617 -1727 291 246 19 433 -67 -64 -176 489 1393 -954 -532 766 513 -947 -396 502 -429 -131 -638 -270 -371 24 -485 -11 505 -755 -144 522 -1180 567 1137 -734 -425 641 1189 490 356 -787 613 -433 1254 369 428 627 50 -1070 296 -106 257 135 -440 -854 946 573 -110 62 -444 396 -386 -636 -680 -379 394 322 1124 50 -159 519 -638 646 39 212 231 60 -50 -465 -1155 726 -399 549 53 -774 1335 1164 0 -837 351 -452 -9 826 597 214 -672 -919 -499 310 368 -358 -861 -390 869 -122 -464 -437 469 -1295 661 -373 -597 783 366 161 162 515 261 -295 641 38 -670 692 -859 -257 21 -422 673 181 -325 342 602 1117 0 267 614 5 113 -342 795 84 -422 150 -543 305 -143 368 -777 376 60 197 1020 805 580 -450 50 25 727 -517 777 495 -219 -378 -667 671 636 837 1059 -632 -1334 -132 -652 -579 570 541 28 -190 110 143 52 -393 461 -1832 576 -50 440 -31 935 -1737 6 -588 -453 -731 -961 -702 1350 -319 601 -1615 -33 -122 -465 -516 189 1491 520 -393 -560 -174 -379 -155 -109 1102 204 552 23 -67 -64 491 662 49 -108 212 -297 -268 235 295 272 -355 -664 534 -530 892 -131 -827 -40 -356 364 768 879 32 -593 396 150 -1401 881 232 689 -659 387 -240 1291 131 -281 1610 1284 -309 745 480 260 120 -840 -723 -15 56 -284 -241 -495 815 -25 873 -838 994 -394 179 487 399 -819 367 218 -1067 -638 591 -832 -838 -104 -1012 -93 -132 -577 609 -892 594 462 361 492 -472 -788 174 -269 401 -467 1053 700 226 -52 -501 -165 1049 -322 729 -693 420 -121 352 199 355 -401 1024 70 215 -179 463 942 13 -822 714 -109 302 -753 58 -167 -6 1355 -838 -571 -386 336 1347 -13
-433 1090 121 6 -542 117 758 953 -413 -34 -41 -60 -92 1249 434 -406 436 242 -106 85 1255 1057 171 1381 665 113 -546 222 -1001 183 270 324 -297 -251 437 -716 -610 -975 604 -1073 11 984 -367 1659 -436 -306 965 760 -87 93 159 102 -478 -437 -129 858 -527 129 930 -18 829 -751 631 -522 -339 -241 -418 50 -574 312 155 198 -69 -686 743 -123 -1262 591 693 711 -683 -73 635 -127 1684 -994 480 -851 -24 549 465 1070 204 30 -204 119 86 351 212 -256 -209 -9 -660 -1113 848 -837 -106 -670 374 -37 -453 -601 684 612 -517 -165 -2480 -780 248 38 335 -419 387 929 -375 250 -1124 231 -304 629 -824 -275 -216 248 154 603 -817 -250 -907 826 1016 340 -652 298 -283 168 -28 300 -869 550 825 1149 -1135 750 254 -317 470 384 -347 -229 -167 1126 -675 -73 456 -53 -431 324 492 545 -189 537 494 -189 205 -494 -221 -302 -394 1501 551 -607 622 127 -573 -613 -249 -347 -126 422 -889 255 1022 -2401 -247 449 382 1268 -189 240 -944 767 -230 788 434 -127 352 378 124 752 -136 680 -824 -788 -575 -315 433 1084 -780 -276 -442 -7 101 788 129 -903 -28 33 -289 -454 -1571 163 441 233 -195 -866 -317 320 -551 -90 -67 409 -258 525 278 -1163 576 296 678 356 126 661 -978 -680 -73 336 279 199 -22 -888 463 733 1018 -993 669 719 405 100 231 -254 -322 -546 532 -308 1081 243 108 1313 -145 -552 -70 -1138 480 -335 506 64 94 -759 -455 543 173 -567 577 646 810 16 275 -854 -264 -771 -837 -119 902 -1440 -206 -792 -463 -74 417 -587 -412 120 253 120 257 -477 189 811 -543 -437 190 -270 624 369 -334 375 -797 -435 -277 206 -788 609 698 682 -222 -874 -358 247 -784 100 -1131 848 -368 789 216 627 -278 154 -1712 -75 686 -13 167 -754 -112 680 785 -1055 285 263 270 -556 31 -153 574 513 -291 -1151 -428 -549 -172 -648 -771 613 -179 -154 284 318 -842 176 362 -835 190 -822 -281 -515 871 -342 -372 -401 709 -98 -1861 -188 52 438 -108 -291 -243 1281
446 81 -252 212 -118 -244 311 419 460 368 -352 -1267 -256 112 -190 132 296 431 -84 502 651 -691 434 341 99 -227 415 33 427 -71 -495 -1074 523 641 -740 127 -347 717 580 297 -277 -141 569 49 -533 -1186 1 712 824 139 -715 -742 -365 278 459 104 1044 -223 266 -546 365 -702 170 -502 -309 215 -504 -422 -308 261 717 56 251 260 590 403 430 907 35 492 -782 -17 -345 -177 285 283 -746 317 4 247 98 1020 -559 -237 55 -79 -477 447 245 375 -241 -301 1200 -821 -24 41 876 589 -73 103 -1262 -184 -81 449 98 -866 -300 -680 71 642 -583 619 -773 -561 516 -25 -410 -599 1107 -707 -130 -259 -65 -1175 -20 48 147 1005 295 -356 -306 -1455 -177 751 203 725 -1092 693 -1155 296 277 -1036 473 -557 832 -272 -614 907 -488 -359 -344 1096 -798 697 70 -262 -309 783 -552 -433 -183 160 133 -134 -144 -771 296 -1155 597 -206 79 -977 817 -62 -795 311 633 -146 -684 -92 -490 -508 -1517 227 547 -739 -660 336 -291 -216 -821 1105 -92 -20 75 -751 372 60 -425 607 -203 1034 -661 -346 -323 135 -245 594 -638 232 -356 172 -34 19 196 -833 -91 -641 1300 -149 -246 -211 -181 -1455 -678 308 204 -49 600 -508 556 -1458 -245 61 -507 -828 312 -524 973 1860 502 38 665 -180 -453 -186 73 343 167 234 -194 895 -360 -190 210 753 -572 1038 129 -450 622 -100 920 -646 -669 344 -781 -97 -430 533 91 125 -190 -507 585 302 1149 344 -500 798 -1388 135 -150 371 286 603 -392 52 808 302 256 405 -683 -516 -733 -521 -365 -923 -161 -401 -957 81 -563 -47 -332 679 -717 209 879 -118 405 222 419 56 -337 507 242 -204 1005 -309 -558 -819 390 -620 274 -289 -372 -564 823 -404 -107 169 -340 -433 -1500 632 1360 41 329 1166 -44 529 -741 204 -530 -273 213 -73 885 -402 177 -489 -372 146 16 -705 259 137 394 584 -1028 204 269 -701 -827 -395 373 199 -372 -4 -622 -152 -97 -341 -536 -18 -782 -452 -213 607 -331 -882 -432 -192 -223 -261 -727 266 459 -442
-602 523 -513 56 48 1284 256 -475 -816 -161 132 -626 -467 -187 183 187 -750 -889 926 586 -803 243 1230 -612 457 486 311 -251 -160 -427 567 -464 37 160 -212 -350 668 374 943 419 31 303 854 252 649 267 465 118 179 763 122 -207 633 -676 -10 1005 -1427 -184 -33 113 647 60 -65 1059 -582 -93 456 -178 785 560 301 114 768 202 -279 -725 -588 572 525 -674 843 -927 -1211 -965 825 -1086 -230 -722 -196 -128 527 -773 1123 295 -479 -335 270 1360 -214 -904 -838 -119 -209 64 -111 551 -813 156 -37 -1030 438 82 -27 939 960 351 266 939 1307 -324 99 71 62 -1328 -472 477 486 -209 750 -5 -87 1539 -1180 -343 76 1089 -759 -608 40 670 829 -616 -670 593 306 -9 723 -795 861 271 -700 -90 569 -564 -259 -382 -378 -288 -870 921 84 -656 -193 -564 394 262 -697 -803 -778 615 197 -600 318 628 -699 -81 51 289 -328 601 67 504 129 -418 353 871 -669 -72 -663 -776 -364 -171 -131 -555 -642 337 -456 -3 -776 -261 17 193 -783 -363 -137 -480 84 -123 59 -642 276 43 -910 140 -338 -414 -196 -28 -214 30 -299 -276 -313 -276 76 1102 451 663 35 -1165 -72 -666 -146 771 293 616 -752 -544 -72 655 284 115 -267 -285 -696 11 -593 455 -735 -145 461 -73 -173 572 516 -1238 -263 -254 -450 761 358 218 -28 18 -100 -473 392 -252 207 -406 -393 -408 316 -155 -607 1093 98 382 161 1139 -466 1061 -960 385 583 -450 -992 654 172 241 -34 192 636 128 722 1506 341 1025 202 1401 -372 420 -284 -545 -529 -1344 -835 518 -205 -579 -543 -572 -772 -688 493 -45 267 -602 -633 214 -338 126 -200 -414 49 -133 481 -501 -932 466 273 -1218 -350 30 474 -88 -323 -700 -486 -712 290 1047 161 1035 460 459 -266 332 -301 -24 -539 -575 -58 115 87 -570 422 -47 -133 -298 -324 -977 -21 -18 386 -308 160 -1194 449 770 -146 170 121 64 1065 1971 -519 443 -1345 408 376 -421 -936 762 -32 -34 294 -453 106 -21 -57 -89 477 -585 408 -384 1337 401 210 -457
187 279 165 -509 1009 68 -311 531 -370 304 689 381 -308 284 -205 134 -684 289 64 -514 857 264 -271 -361 -395 -337 -1105 132 -342 261 -216 379 185 783 706 -532 -732 -12 260 -651 199 501 -8 -77 -317 -34 -349 18 995 -275 -1127 -376 -901 50 -271 -251 17 2 17 -607 -782 -110 -289 179 588 450 660 791 154 -611 -15 447 137 400 386 14 448 -1011 442 731 -639 442 -28 208 355 -1104 587 -569 12 -147 -507 -33 -545 -406 409 199 -11 -321 -203 918 -551 689 -417 527 -1210 103 128 -384 567 -86 1272 -435 -230 911 139 789 134 -1126 -159 -388 -266 402 673 417 456 689 97 150 -407 -1091 119 -1573 842 -129 -979 -371 792 243 250 -384 -559 548 237 366 331 -185 -291 266 1091 -575 -6 890 -108 -488 -523 922 -378 353 -559 -49 103 -278 -856 767 880 56 228 1298 -1243 -974 9 1121 370 -620 -410 -498 -640 -268 1308 1206 -354 948 -310 -406 644 47 304 -108 -1085 -316 78 -440 660 -377 -511 -100 129 -71 485 -634 -1130 -1624 701 -40 198 -3 -586 639 -252 508 364 -1605 4 -90 281 14 241 334 -19 -673 408 -852 832 -308 -937 55 -746 -291 115 -147 1275 -538 733 118 -343 476 773 73 -575 503 -327 488 589 -1010 307 497 -755 1211 66 -683 652 282 227 28 925 -220 115 -242 704 334 282 385 439 121 -533 532 1067 -857 -227 -66 435 489 275 1014 569 702 -1256 135 633 -496 443 104 -513 -469 13 388 1121 1 -88 51 -349 241 669 1089 -6 435 159 -819 411 -392 -384 -268 225 -698 197 845 -406 430 26 1306 4 93 -965 1310 -74 426 -1015 -656 -400 224 562 -314 -645 -654 1045 222 537 -41 -38 96 -355 -680 -455 -429 -203 -404 -284 496 177 -995 -665 -315 -48 1345 -1039 892 -383 1200 -86 260 582 -743 111 -691 -69 -461 636 -701 -430 -632 233 -130 -391 20 267 -394 296 -307 491 -618 -723 -494 75 -382 -497 -65 234 -793 843 316 822 94 26 250 460 -497 94 -1095 -515 745 -923 586 -590 866 534 -433 357 -682 -544 358
752 610 190 94 917 -1153 312 350 265 -793 207 1250 385 -192 10 -661 724 925 -314 1312 518 -554 -189 832 644 -233 -359 -292 362 -437 586 406 28 263 -447 39 -22 414 737 215 196 811 -897 696 687 -396 833 800 383 -189 -745 -160 947 36 263 81 74 637 -1269 -780 403 -1487 39 -537 -155 -984 -392 -1181 782 -340 -1238 883 53 -85 -735 -572 414 -1 730 950 1126 936 -46 -59 649 -219 -195 -149 24 -1226 858 -278 25 47 -171 -155 -1073 -61 711 891 -127 -440 21 768 -1009 116 -66 422 47 -1187 124 -1799 -466 530 474 192 544 -144 -562 243 534 -646 -438 -18 -519 -472 -624 -25 740 293 -232 1034 437 60 -743 238 -396 -32 1155 1249 -553 33 -591 64 -623 -594 136 -1066 -308 -1510 -1133 -149 748 -154 763 548 -981 -402 993 -562 -320 1019 720 904 -631 462 132 148 730 9 -1283 -24 459 -85 576 15 -940 -321 411 -1035 -247 -262 -65 342 -107 68 -395 519 41 -264 -374 354 -333 -144 -515 -1009 757 -458 151 133 -444 -815 363 -13 556 133 -717 -456 901 -367 310 335 -299 81 529 -257 -541 69 -525 -325 -281 -488 628 203 670 349 20 -272 -455 -484 -775 -623 373 -396 -697 322 210 468 -829 1635 254 120 550 -646 -696 -166 -893 -81 536 -580 185 135 -90 -539 -441 559 -287 -72 34 -478 242 -746 97 -651 587 -478 -79 -460 533 -393 594 -588 -1540 -582 -747 295 -175 309 -1126 225 95 152 575 -725 -358 347 660 -1032 769 -609 -58 267 -717 -439 -836 163 -260 277 64 313 746 -1797 487 387 -620 -411 439 -104 -652 -554 -150 351 -1236 86 -245 307 -359 -574 118 -915 1183 -659 -536 -244 -837 269 -88 606 -88 -16 -669 289 -373 774 -147 -583 -1598 -788 -664 1144 -850 -390 98 -1009 960 658 512 539 -81 -451 251 108 -786 -224 1085 -225 761 809 524 -159 209 447 -720 252 25 33 -243 -50 -151 757 -420 686 727 -76 508 -1326 1080 -1058 54 -357 431 2 372 -790 -834 -690 -9 -837 -1261 1298 -157 374 1289 311 -772 -1152 -340 -1164 -415 1272
1253 88 -368 506 713 98 -1012 123 -12 -233 -946 975 -97 -444 -293 -958 137 -388 -560 283 -571 -590 618 -22 -395 523 -303 -177 39 1204 444 -95 -200 -788 754 824 -443 207 -365 -890 -163 -344 462 -625 381 393 330 -108 -629 -742 -208 -1259 1049 271 -324 458 345 -312 -236 564 455 51 889 -233 1608 -156 65 -469 -354 -38 -992 -763 -294 -598 133 -32 374 -875 -400 -270 -1032 -329 -854 -254 -980 212 -733 456 756 1150 65 232 162 292 108 39 28 -233 -59 -401 -947 -586 -353 712 853 -354 906 325 -82 52 -59 -122 218 -313 -27 855 -147 20 170 -429 240 -582 -137 277 -88 -291 -46 -87 445 225 571 -194 -20 308 -697 -344 331 -124 -680 351 134 -1061 -491 -12 725 27 -251 -974 -59 -415 201 491 -176 -1315 -746 589 425 402 -1074 98 261 754 1016 -543 -930 117 50 -412 288 -592 -324 -552 580 248 343 344 -497 608 665 185 -339 1058 62 -177 430 529 -713 498 322 -45 -547 303 -131 -192 -607 -1380 -1153 -741 -732 -983 1013 -12 167 594 38 -144 -955 609 -175 108 -361 227 -142 719 -658 491 -441 -557 -255 17 -90 1231 767 -426 169 -979 1021 -842 -230 -275 -161 -427 275 4 -934 140 90 50 -485 178 184 579 -281 -96 151 492 -355 3 -31 -348 120 -617 514 -583 247 319 -688 443 758 37 493 -205 -461 -137 870 -798 -550 -884 -940 639 -433 409 752 -481 519 7 -1268 195 1054 129 -426 -571 -638 372 -16 592 1080 579 249 280 379 459 346 -379 72 -204 1351 -455 -503 -52 81 -184 -115 -72 846 -212 -372 -486 -833 -470 -13 418 -93 1124 340 -378 -397 -314 509 -1102 851 524 -847 461 245 14 -277 195 279 -271 1095 930 -164 -141 53 -589 -1084 -2 -44 -100 -267 201 1076 69 884 137 11 241 -368 140 -233 134 -730 -834 -414 572 922 -867 -613 -1283 441 1316 337 196 -393 -283 -503 427 -1087 -711 -680 1061 560 -657 996 544 -809 -600 -1074 231 849 26 1333 -559 -630 1046 522 -481 -95 511 265 1315 -297 339 63 1065 993 -74 17 434
104 385 621 -285 403 -161 -95 175 -931 -647 70 434 -51 -209 1468 -325 278 -339 968 -198 401 -54 -408 -827 -179 -766 -606 60 180 -467 -36 598 -267 429 997 -619 -683 -432 687 84 263 1037 581 -216 -1008 394 -387 -78 -234 -289 -94 -453 673 544 -277 -22 816 -175 99 128 -45 -258 -602 -322 1001 -111 171 -6 -150 488 17 -71 763 14 -189 216 358 826 -1634 485 -364 827 511 583 658 -728 -275 -413 1021 -384 -756 -320 -645 189 -1006 948 -260 -563 -229 583 -307 -21 443 -372 -469 -70 255 174 1113 -458 -137 610 -576 -437 898 -194 137 -33 -1019 -576 1 -626 129 -116 1293 -53 -174 -160 -234 -981 17 -321 -230 -742 525 -303 384 1109 472 654 -293 366 657 899 -432 619 -827 159 1124 174 -788 -460 358 -620 -228 -33 12 799 661 -328 105 315 -442 408 574 189 -1037 215 -5 378 55 -231 -83 566 247 -558 -574 -225 -344 -453 424 -374 -11 186 -678 136 146 101 1039 -328 -102 22 -441 729 -774 -380 239 290 -319 38 -574 -1045 -457 -70 795 -105 -229 32 -314 540 416 -21 -255 -51 157 1235 41 -97 -66 -166 -39 -323 540 344 -544 252 546 30 362 -226 673 828 1076 -178 -252 -868 -80 -382 -577 605 -306 -115 689 -608 -399 -51 -51 276 -753 280 -621 -129 -421 -786 718 229 426 -1047 582 -537 -1262 264 455 -968 -674 561 1099 826 202 26 236 162 81 588 1064 619 -890 1095 -219 -372 -442 -632 -866 -829 -171 302 768 -883 690 298 -382 -1133 -1018 352 40 -967 -454 -59 120 -180 966 -884 -262 386 107 290 -1348 823 431 -37 -658 577 -125 399 -219 -51 263 755 -457 -805 742 -384 479 1140 -455 -788 -235 -237 -198 -737 -315 361 -243 -9 1225 -416 -1493 -1001 73 435 -223 -451 -1248 -284 231 641 269 435 -292 -389 -1104 440 169 454 410 -714 362 219 -500 -516 84 -574 426 474 -340 95 1021 -1412 412 1502 -656 125 308 1284 -104 -468 132 986 233 -306 372 -108 675 -49 -562 -187 -33 400 -489 1048 -1158 669 63 -981 -668 -49 -372 -590 704 749
2039 689 1022 -2 -432 -1191 -298 1107 199 12 814 -87 529 664 -339 -581 -168 164 -725 313 -688 756 -654 153 1217 1693 91 -38 61 -165 548 1143 -504 -809 875 -127 -1027 -606 -289 349 57 178 259 519 37 11 -1715 85 -905 -639 -528 2 628 -11 -689 -382 457 -380 644 19 -532 262 -84 -336 -405 438 142 94 -111 -373 -1054 549 971 921 333 -245 -539 513 1102 -571 52 349 -583 -1492 11 -226 -429 -247 -816 345 -761 899 -27 391 -837 -306 -619 -574 -34 731 373 123 176 -27 288 232 -711 -382 1084 448 424 -431 -582 192 110 253 668 -45 -595 -142 122 -394 -571 -116 -246 -115 -590 -325 -1113 184 159 796 -127 -437 -76 1050 -555 -99 681 -230 -39 328 179 0 -60 -887 128 -180 -64 -1043 677 231 -774 -72 62 -109 -155 -1552 -1666 930 99 -310 356 201 391 506 540 85 -1104 -815 -679 -937 176 -422 -454 447 397 604 138 668 -72 -615 900 -836 582 387 141 -744 -625 1166 500 859 235 917 237 306 719 780 -663 -585 -182 1246 -102 131 260 1643 -1183 464 183 -431 -1718 -1074 368 627 -107 -344 -714 142 473 -1131 -397 -1660 -2018 -797 -909 -28 -968 -174 -95 -9 145 -194 222 23 -490 -171 323 145 -397 -109 483 265 172 47 1690 -523 -1069 -920 -1399 -598 -665 325 -707 866 -494 239 -421 36 1539 154 -22 -608 324 308 -873 396 610 -810 -233 173 618 251 -319 586 -14 1137 -1253 -639 -402 -820 -668 -65 -149 686 372 -131 570 -194 393 628 156 -507 821 530 485 100 -1036 -98 504 814 -656 488 -145 -153 -1013 1196 837 593 -578 566 -104 -367 293 248 582 -1175 -697 -678 -7 -1009 171 1450 491 -1663 504 -719 99 -799 -106 1380 -563 -81 114 1059 -224 559 811 -504 340 -840 -378 -331 -480 1155 105 260 233 1044 -781 -174 601 99 -180 -174 1007 -1164 -130 -710 397 -581 96 811 150 -227 -76 259 484 -831 1636 -778 -1233 -60 -711 352 1075 1146 343 -243 46 -202 -830 255 395 1046 -249 781 767 -1225 177 241 45 263 180 608 -203 259 248 -263 485 648
644 -613 -218 995 -1102 315 -515 -333 -272 990 381 -444 -267 -25 -47 -101 -433 -51 267 31 544 -179 -186 81 1457 112 -744 -99 -270 70 50 -658 -480 110 -127 162 -827 247 -146 -252 -950 -449 230 318 -264 158 642 -640 -90 -290 27 -246 1140 250 1089 -374 457 -39 -386 -482 -974 -519 353 73 -999 106 294 63 -804 -450 -1868 547 -754 1022 60 -211 952 -572 296 334 -797 55 214 28 414 737 -34 -402 122 -58 179 -1557 -1166 -769 -226 -64 1195 409 -924 -120 594 1069 -9 -418 -792 -68 942 194 667 108 -144 -648 -1380 -81 -131 -516 -54 641 97 395 -393 -782 -785 798 -136 -396 -313 185 -1332 -68 -330 13 238 475 1158 436 423 -478 309 -279 215 -382 553 243 1027 -584 -454 410 781 187 639 -186 -910 -183 894 646 256 -984 546 29 215 1071 -697 1062 -946 732 355 279 143 466 350 -249 -816 -166 -90 532 -234 40 711 118 -204 -137 159 239 220 -105 -995 280 177 374 -148 -708 -409 193 -427 -531 183 347 -368 876 42 140 17 -300 -502 -112 -1891 -338 -214 -87 -486 -202 -370 -1590 -424 -1250 28 185 -518 -963 -610 -90 696 842 -285 -228 787 -46 144 1107 -995 -901 841 -375 150 433 -800 265 485 -475 608 462 488 -706 -408 -44 418 -433 1658 -46 -999 325 789 1066 1062 981 214 1563 132 375 -773 -977 -190 -400 -486 693 -376 527 1042 365 -429 998 766 -73 -793 -1087 -667 -489 -299 534 545 -973 315 612 -1025 434 -855 -443 124 -1195 -315 -799 -657 457 711 -331 786 121 -134 27 81 530 -598 101 1083 1064 -319 -595 415 -103 30 76 -322 312 -452 71 -274 -244 534 -696 -438 -145 680 11 186 504 -720 -1175 -179 -186 -147 -189 -623 -186 -318 1173 -289 -495 -160 -1409 -30 502 323 313 -642 583 -28 33 802 291 -924 358 949 -335 1113 -736 1197 -445 36 -949 -835 -648 -433 -1450 435 -678 -87 -451 -484 -256 -500 -455 85 994 662 822 -164 448 351 775 -1473 -687 221 724 -239 -276 554 24 -588 -210 -22 24 273 138 425 -386 244 1465 -311 734
-1025 -99 -214 999 700 341 260 -284 -801 708 31 -120 -900 -605 821 84 -888 -558 208 -571 79 -118 -1135 -317 1288 -466 104 -306 839 472 381 371 564 743 794 974 -360 391 -688 -462 -279 124 -1184 71 -757 -268 1142 -23 80 906 850 462 -763 -132 425 172 -561 1695 364 -773 1154 -226 -318 -293 -368 909 36 -1561 189 542 224 -147 -597 330 -48 -715 713 -1042 -321 -598 -816 -102 629 -35 -936 -589 -481 73 -83 376 -102 20 -30 -225 -700 -1040 1497 183 -535 45 157 664 -20 -582 -757 373 -187 758 -48 18 -635 -351 -609 295 -585 946 -335 -919 381 684 419 -418 191 1117 128 23 138 138 -878 134 -841 -1017 -1027 334 921 329 -664 417 1120 525 776 306 -159 58 658 -801 -195 396 437 623 -752 -317 -134 -177 1068 -446 -690 1093 765 -145 674 187 -1054 979 119 284 118 160 258 156 41 584 268 742 -123 -1582 -657 518 279 -6 99 -400 535 145 -253 200 1309 -389 -1112 -44 -550 -762 -1154 1236 380 464 174 762 -483 718 37 -137 -296 38 -737 555 -192 -28 -205 285 315 -191 -573 1161 362 -804 358 -768 -609 401 288 -985 -449 73 -238 798 -1104 -260 -244 576 -725 -162 193 -925 497 -564 -224 743 -125 386 69 486 -763 120 12 -466 425 -757 -354 179 -149 -14 -447 225 446 410 112 187 991 605 564 683 -476 -846 -959 -99 -312 -1936 1424 210 -660 -1316 828 515 614 -126 -339 335 -224 1506 -690 482 -683 -665 340 580 -1048 524 -811 -536 -828 -507 248 990 -944 31 -121 -1330 133 373 467 -82 -570 -246 557 948 -1284 -95 295 135 362 1038 27 -69 -159 -847 -851 -94 92 87 -236 794 -398 -317 672 -58 1041 -27 885 -130 944 -230 -397 -131 160 -222 -567 1228 321 -1041 664 445 502 -474 422 620 36 428 406 1869 -652 -523 -303 661 1667 632 -8 1956 601 -242 381 -13 172 162 430 -539 714 -372 -397 -853 -486 -442 -497 778 669 1186 -644 -658 -175 -268 -1233 619 394 669 -512 578 1440 -633 -1155 -283 -320 56 -202 -514 92 226 282 103 360 198
-637 -44 468 -1075 -292 270 1269 334 721 -601 -54 -1785 580 297 520 340 223 386 -361 -858 83 355 -239 541 -492 -2249 -380 831 742 -315 -224 -383 -1116 -490 356 -1137 -524 -673 531 -68 1442 -308 -150 5 -497 1276 231 464 47 267 -313 943 -829 -133 -835 -533 -476 342 605 -276 531 486 -49 -365 488 -10 -76 116 -93 -185 1096 209 1064 190 189 -25 380 -192 -56 -1589 -296 255 182 1006 -185 -513 -215 -976 983 728 -122 -573 340 703 -571 308 832 -424 624 -190 -258 62 136 -1097 -250 -342 -691 491 92 405 147 -2 -933 -926 98 -762 -489 783 316 -626 471 748 923 230 84 -253 -414 122 390 -710 178 -290 -59 -709 -34 -895 759 -318 365 -178 1495 -308 -916 -590 294 924 362 682 -83 28 -363 -414 -306 186 -716 -316 -1006 -917 -646 530 -772 248 -375 -350 -1067 -266 -392 -542 -269 -1212 266 12 -20 -188 35 -541 -413 201 -222 317 411 -471 -49 945 -118 166 -357 935 -801 -1655 -71 250 410 683 627 -97 337 -196 113 -258 -1155 -507 -505 -111 -167 -228 294 -867 308 -153 479 -1010 -153 578 300 -125 -435 -584 46 -171 -346 -726 597 137 733 1188 -681 509 -187 -850 1235 166 312 354 400 -49 -321 -449 450 1208 -87 -260 -310 -313 1144 -115 443 -175 -453 537 79 -590 -841 -439 -586 -431 18 -114 47 991 -149 98 -91 370 -253 343 153 -422 -282 -840 1060 593 -499 -113 -419 564 1 58 706 620 442 635 -659 344 -288 -192 57 -285 56 -937 -163 439 1322 -894 -767 -505 -467 -2457 -30 225 503 93 557 -81 542 400 58 -524 194 1039 -549 2338 978 -244 -280 -381 -1803 -354 868 -1222 545 -39 -40 -424 1057 898 -446 -897 -226 -145 1038 144 183 -8 -1205 -1123 -1157 -204 -159 -842 -267 654 765 -495 -899 766 -275 138 -314 -117 390 -1842 956 38 -1092 756 -874 144 667 335 -1183 395 -391 68 -42 514 877 -1372 -68 -821 -259 766 451 -364 837 -461 412 248 417 226 134 1016 -505 -775 761 -307 -816 -531 -738 800 -463 384 -47 -510 102 1171 892 555 10 -26
-34 -757 200 309 308 376 -700 632 -195 85 -357 261 -665 -61 -604 132 -385 -615 522 -270 820 119 497 792 -56 -654 -1115 519 -593 451 552 -715 424 -557 406 -816 620 -1568 113 -95 373 -359 325 36 -124 -648 -448 901 367 -1264 573 -335 775 -574 1175 88 -896 620 720 -499 497 -764 296 -370 -921 645 933 879 -259 315 162 874 275 -247 811 325 789 -241 -1012 -1040 266 1395 809 -476 -263 -1168 -3 -922 -52 -967 1097 796 526 198 272 -447 1664 937 -47 -423 727 -333 -451 -499 597 1914 -808 -81 -723 -154 593 -758 -663 113 482 194 146 1110 -799 -1293 955 -10 -833 -422 -41 -35 782 -696 509 -812 -1030 -115 -1313 494 -294 -264 -466 558 213 55 34 -318 -250 -610 -658 -241 -1273 -57 -291 -975 -378 204 -35 -457 -323 487 66 966 -747 1090 335 -941 -390 -134 272 1493 1308 -7 -682 -319 940 852 -766 -109 -77 1125 -424 67 1017 862 -286 1195 -263 655 309 1587 -129 -318 -726 -524 -212 229 -150 55 470 163 97 -166 234 -197 5 1225 163 524 -390 -873 -188 -320 363 617 2 690 -493 608 221 874 118 -1846 661 81 412 -265 246 496 171 -145 -1238 -273 198 200 296 69 891 3 1242 -404 -460 -333 -320 -433 -572 298 -69 766 138 -200 -404 -760 -512 414 -65 1897 1272 -606 -436 407 -107 1185 518 912 -92 -405 -420 122 -118 33 115 208 -643 959 712 91 -849 -574 712 -145 28 -1512 -665 -232 232 -321 -69 774 271 158 256 -294 157 -1272 779 -790 1428 345 -619 -422 458 -508 353 123 -58 44 -525 -994 80 -375 -285 -322 -192 -474 -35 -820 -1197 -40 219 593 -276 -238 -126 -388 507 730 1102 -706 -664 -617 1025 -27 453 417 -760 493 -607 436 48 682 -67 -367 793 156 741 342 647 504 -985 554 113 -793 1211 -565 476 273 1220 -347 -179 -335 633 702 816 -840 377 -990 -689 927 628 917 398 266 -4 424 503 696 153 22 -271 1276 -800 -571 119 98 1096 -217 138 540 226 -78 52 124 186 531 397 -290 -236 -1081 -46 474 410 275 -915 573
118 -258 -454 85 -223 509 124 869 -45 -521 240 -121 287 677 -159 206 396 -502 -365 372 307 379 507 233 -590 207 -94 707 -658 27 417 -580 -25 1440 360 -876 -395 -757 -214 -990 528 -592 -918 -548 364 719 317 82 -508 80 1167 -118 -775 1041 -452 813 -404 396 700 117 678 335 -487 -500 -355 291 -59 352 438 581 684 747 -106 -320 -165 219 740 -278 361 -129 644 524 549 -637 -429 -1624 0 631 1780 -198 126 419 62 247 117 -608 1108 -296 472 -217 -133 225 349 -519 -150 -492 -796 518 195 -1398 -234 471 186 -52 876 563 -118 -551 -68 498 816 -823 -374 90 -759 -367 425 -88 455 744 170 593 -1467 -78 861 37 -362 1292 -1115 835 349 737 316 186 -341 -1146 -17 73 -451 153 465 -1380 909 566 576 358 -628 1465 216 -99 -463 424 881 -76 630 481 462 128 876 -658 -289 194 608 -477 30 347 -83 -516 -32 384 -224 -475 -325 -569 437 305 -1021 -593 -544 -338 -541 1280 -322 -189 -198 19 358 -641 292 -366 -864 523 252 -62 -591 -790 -269 338 1176 46 227 160 117 -73 361 -322 613 -1055 225 565 241 -907 400 -44 436 -835 605 168 -11 -594 -275 -192 -207 -240 -115 180 645 759 -647 976 663 1788 816 -331 527 639 475 341 149 161 -498 101 733 723 -568 169 1126 -862 -713 392 300 -270 -109 493 -143 853 -297 -787 864 -261 444 -854 276 363 -645 61 769 -164 147 -997 -64 -286 -523 251 662 759 -570 -718 457 -872 948 533 -700 647 -111 845 335 361 -345 -381 182 515 744 716 -319 -598 213 -724 -231 -185 69 -1430 -611 280 578 325 425 -464 -363 390 530 -108 -324 167 -219 -488 -393 -23 -677 -317 -639 -311 882 1335 -344 -636 -1115 464 -424 -86 624 76 -270 -525 1248 -388 917 239 240 486 324 163 295 319 558 494 105 920 100 -830 304 1298 -565 1442 179 204 307 6 -230 1544 -325 -340 -192 -722 -117 887 -22 -477 180 -6 -766 642 -149 -91 625 -206 143 -852 -332 615 -169 141 -690 518 597 -181 -303 207 135 276
-314 -70 -478 632 -143 819 530 -399 -77 -306 387 -531 -298 40 -456 -1217 -425 694 -962 -631 856 341 -1058 1240 290 11 -573 -165 -11 47 -140 -316 521 435 1352 315 -1221 -1176 -1146 360 160 -137 -62 648 308 -185 645 620 -82 -679 338 40 -291 80 -206 613 1199 -1272 183 -1188 -230 -164 -406 -370 -182 1632 103 850 -443 -173 20 -38 289 574 -543 -661 -829 -239 458 863 -1007 509 -947 858 -363 701 -842 465 -34 -140 263 134 -49 -185 -1336 64 -668 -109 483 -166 481 434 103 -1642 386 1140 635 679 49 294 371 -563 -622 838 169 787 -1146 -681 326 -243 679 -1238 -183 -676 38 490 24 -326 -278 390 -324 -55 423 866 638 -480 -433 1241 -220 91 515 618 646 24 724 792 688 149 1225 -208 298 110 0 380 125 -52 794 689 -68 1010 1253 663 -719 -400 369 -324 90 -335 858 253 -640 -564 425 -608 240 325 470 493 -535 85 444 616 -412 -553 146 642 -652 -94 -298 823 325 311 -291 606 -225 102 -9 -60 -381 876 -626 317 -337 -162 -243 -235 -327 832 526 -193 -342 -592 -171 -169 141 189 776 -141 -46 -189 565 341 407 -200 513 -423 -394 900 -790 -691 -340 -764 -798 -839 -195 494 285 -740 -72 -1402 -360 -71 36 218 -334 -312 -203 -104 -627 -315 1384 -197 -427 155 -17 600 273 -265 825 -515 723 -695 137 82 -511 -922 -125 -764 167 -272 135 -184 -415 273 549 -511 -213 -94 -785 -58 -263 32 218 -132 360 951 -633 -437 -269 391 898 414 54 579 66 -281 -1377 87 364 623 -588 -318 45 312 -1228 -174 -490 186 310 -116 -111 53 704 -11 -133 -780 342 1000 -419 -517 710 771 -328 421 -631 -386 409 -609 -1061 119 -516 1 -171 106 -313 -9 147 -1235 834 -16 -533 -682 53 252 373 -825 809 449 -303 -607 43 346 -663 -568 969 -789 -38 939 -415 1137 -21 655 56 -888 -620 1181 142 110 -11 908 720 -959 572 943 -84 102 755 -1090 573 59 -681 273 -1340 259 -665 319 341 -110 -295 -365 -187 827 904 306 -855 1411 -8 315 197 766
383 595 -994 -310 316 186 -430 522 -145 -888 267 978 148 -142 -602 -265 793 817 -617 -262 960 616 -97 241 -624 95 531 -915 234 -1214 20 -216 -175 82 -302 296 -732 168 -518 -240 -282 1074 -177 -402 -405 -643 -781 657 280 237 268 1078 -558 -1092 30 -174 419 -264 256 823 -189 741 129 -11 378 333 -949 -789 706 -55 104 -603 -73 -530 558 18 -412 -251 51 -352 -271 -1105 282 753 -553 405 262 968 22 812 -281 -277 101 972 -78 825 -10 -844 -724 616 611 -373 -1066 -233 180 -328 271 210 -2 87 -742 -404 -537 413 -956 -1287 -643 -170 -359 759 -589 -239 -489 716 -101 -339 -765 -108 739 -340 -425 -1331 575 485 -524 546 537 -147 819 591 -362 316 -311 -1128 843 433 368 -213 799 321 1159 100 -140 871 979 179 339 480 -189 -660 188 1105 893 223 872 656 -1159 734 1019 35 -126 -617 644 -121 -734 125 -76 -519 60 1117 -562 -906 739 912 614 -156 673 823 294 -1171 468 -405 -539 -426 928 414 455 -628 -449 -42 709 -908 321 571 88 -510 0 914 -591 150 -704 294 -920 466 325 632 -355 581 1050 563 503 -190 861 303 1072 -670 -202 718 110 -150 -1341 851 -970 -755 -333 313 -102 435 -1762 347 104 434 172 115 -574 -334 106 -150 -13 514 -157 -249 984 330 1287 -26 -352 -830 579 -53 97 155 -618 -617 963 -1212 -163 833 429 1069 -413 593 -70 -1180 835 -132 1870 656 -106 332 136 -485 183 60 -278 -367 -210 525 189 226 933 478 357 -266 -554 464 307 -47 -359 -330 317 -326 469 -479 519 -312 -23 745 238 135 608 -160 336 -1309 151 -195 395 11 230 -888 498 -5 -163 -132 529 -49 -689 252 -74 235 160 729 164 -48 351 -459 239 307 -528 -199 213 -760 -664 -21 -349 327 -483 -39 149 123 55 -338 -196 322 -713 427 273 304 21 954 166 1505 -1111 892 -1539 901 540 -334 88 -196 3 652 412 953 1896 -465 -369 -210 582 -68 999 -1112 168 115 -709 708 -289 368 1377 110 912 -561 224 125 220 -991 133 -342 -250 -725
-289 -619 -548 153 483 247 118 160 431 -174 522 719 129 301 -642 93 366 -971 643 225 165 -510 -477 547 -418 670 58 682 223 311 1331 619 -1021 -714 -1024 -357 -294 12 -1027 -94 1284 239 -387 -343 -90 -258 -294 -488 274 -537 255 -12 -800 382 617 -307 1408 164 103 -650 -397 828 1035 713 -489 -718 -190 -141 96 -46 -194 -466 1066 -801 -1369 176 622 1336 271 -65 65 1479 503 116 -289 529 -496 244 329 -1877 305 -450 -796 376 725 -299 -74 -773 -176 -713 277 53 -293 321 750 282 536 738 137 -371 373 -572 -637 168 -485 469 -400 13 -557 813 -124 414 86 134 -233 -578 -759 -78 102 911 -705 100 546 49 -446 -316 55 -203 -494 316 838 -445 4 -167 595 -1075 653 790 333 -655 654 141 -908 505 -614 -1349 748 786 -28 344 1323 222 1492 329 -192 288 -323 -396 -238 502 407 22 369 -568 -153 -546 21 99 376 442 -1007 -201 -51 -733 860 146 248 876 -142 320 -101 45 388 422 -34 572 1234 -442 -313 -539 20 -382 -264 -478 -755 976 -1110 1193 -591 -565 190 524 -770 22 633 91 482 -710 658 235 -414 -542 -191 -451 -68 275 191 345 208 1196 -171 431 -1118 1059 -387 229 257 336 403 91 -310 -467 1438 -534 1059 -183 -949 194 582 -39 -342 777 84 340 -407 -267 -29 71 855 215 -20 -319 -1068 -310 484 531 -202 -736 424 365 -819 893 353 1336 -190 -76 743 293 -1108 -478 637 843 612 -692 228 553 -862 -456 685 27 611 411 646 -283 1201 151 -356 789 -30 124 367 365 906 115 639 -823 -826 -19 -116 -226 -704 -771 1041 -783 521 1314 590 437 -49 -142 -308 -149 -714 -222 -563 -968 761 -657 -1483 1016 68 125 231 542 -8 241 1056 417 -61 -182 320 -398 68 28 433 -436 255 260 749 -169 -628 867 -156 -661 -404 567 -127 434 215 71 -975 283 -466 -1836 219 1220 -452 -35 -321 220 -229 406 -657 113 -744 802 1655 881 402 -213 643 518 829 999 402 71 -663 89 303 -766 1457 431 343 -1700 -354 -591 -132 -66 -379 659
849 278 -283 463 714 -577 -664 -1102 -546 41 -1448 -817 832 176 -278 340 439 866 1284 929 235 800 -810 2 -939 -231 -198 230 -229 -383 194 375 -521 590 -110 -269 -189 548 65 582 -215 236 -252 -1185 -628 -875 573 -818 -77 265 241 240 61 394 595 -60 -536 -185 -439 119 62 941 282 688 501 892 18 100 -420 -125 46 -262 173 -653 -60 566 847 256 -960 786 368 -217 -851 1235 329 239 -54 -555 -224 654 91 1246 -30 734 1116 575 47 17 214 -740 674 -367 -431 -110 515 -642 527 40 551 540 381 273 -832 -120 325 -557 -23 793 717 -1365 780 1115 976 36 379 -26 -698 -271 -1137 -599 157 -767 -792 -271 184 -793 -96 889 -1375 452 -738 -466 22 -533 605 -839 -606 229 -21 -108 1508 -117 -740 400 650 204 -122 430 498 -455 -297 -282 187 -421 -88 250 -364 -351 -1183 354 -670 444 64 -536 361 256 753 -1196 -203 -624 118 774 -247 677 92 -83 -150 394 609 468 656 486 -739 -326 984 -369 -185 33 542 -913 9 -1387 510 767 288 102 743 641 69 656 332 -1 -975 500 1072 319 -440 -911 727 447 76 -549 -235 -280 287 -727 777 498 584 318 -830 -13 120 -526 -310 508 381 -296 -213 -98 164 -156 -109 -55 106 -327 460 722 998 -478 -873 435 728 -113 -88 94 -237 -539 879 62 442 -66 -913 540 -22 -123 234 1607 -1480 -13 -266 277 -134 836 806 -1474 766 -1098 503 273 56 614 700 -498 -134 123 -300 -869 -339 -367 383 -416 384 -779 219 174 676 -76 -86 606 782 -279 -182 -112 -118 313 123 928 -420 90 413 474 624 1274 847 680 201 12 -277 -442 -493 37 -271 180 -3 49 -87 -667 760 372 -93 375 651 1275 938 42 340 578 -538 131 -661 96 -485 2198 181 -877 -150 -689 921 477 470 -30 352 116 -716 -806 -319 1245 -379 -667 -254 -592 839 655 360 -1362 -23 562 -179 -16 41 147 391 250 639 -535 836 1147 -270 1498 -455 -90 -346 360 132 -382 1007 231 894 743 -913 -740 339 797 649 666 -513 -611 -164 199
-979 607 -1061 122 209 622 -455 -1205 -258 -79 -1258 561 -45 546 999 -86 -622 445 -935 -94 707 -46 -145 -643 418 259 587 183 -48 182 -567 410 620 112 -6 468 -305 492 -144 126 -10 421 342 -212 -267 -162 228 -334 498 -594 263 988 -527 -375 -96 1058 210 -463 -275 117 -388 559 359 -513 545 148 -447 64 -108 -104 836 231 -783 -238 -446 645 888 852 -175 1004 -132 -548 -15 823 -678 820 -909 -241 -309 462 -622 -96 -1144 -871 329 -634 2106 815 -713 48 -491 607 -295 75 903 152 393 -150 337 86 -1005 -553 1086 -235 -86 -473 -1056 1192 372 -573 222 475 222 792 463 577 1142 -669 -82 -482 1652 -291 -435 -791 278 443 635 -31 -865 -914 387 -505 -27 24 873 -154 -308 765 817 885 466 571 -148 -194 -64 -639 89 166 480 195 -1149 -169 962 873 -666 115 1210 159 -738 748 160 -749 -207 1670 -271 609 -667 198 -841 956 151 209 748 -131 -1166 143 -226 -1 696 209 464 410 236 463 5 -155 279 -348 -794 -410 -95 577 1289 96 592 -205 185 -222 -122 1075 -3 -947 24 -160 607 146 621 5 745 -587 445 -117 798 280 837 -990 495 244 -341 -716 -375 91 -1464 788 1231 935 -312 -674 234 160 -129 -479 706 580 -32 -1256 617 716 -48 865 -913 -197 315 682 491 -691 -807 -537 437 -416 -356 691 -612 -745 -566 -373 755 246 949 528 -167 206 -309 -331 -164 -490 -134 1479 377 -325 -157 37 973 591 339 61 -571 -212 601 -420 -216 -974 894 686 307 -544 1313 -315 333 85 -342 -857 485 239 766 827 588 -151 -340 502 -306 399 202 -185 350 -1374 208 296 462 22 107 -151 616 266 1460 1957 521 -161 506 -958 -133 -402 -572 -150 164 -769 456 -939 90 227 395 -162 408 -41 -923 486 -360 -206 -1052 -269 -489 -1730 -478 -159 -654 516 -799 447 900 -1077 -145 600 -298 114 -300 -166 425 -573 -733 174 494 -274 514 15 712 1124 -1727 -391 -181 -849 -778 500 471 581 -443 1 -256 211 417 289 -391 1571 619 -252 -659 1189 1085 562 -158 -153
-278 382 -4 655 -390 -317 -194 448 -254 205 -1077 -608 13 -691 -112 -404 943 -869 -52 -906 -489 805 253 679 363 220 -364 -651 3 -468 986 -1472 -1 -203 -428 91 257 393 -602 -74 1011 1103 -243 -28 358 -468 -1122 -1214 -416 240 296 802 -593 732 255 -1140 -445 -975 -855 -508 319 -14 -639 -741 485 -310 -223 341 -1379 -393 -167 514 -473 -46 30 146 501 -192 -253 -873 -290 -800 289 37 -585 -614 -459 431 371 -43 -73 118 -50 575 667 1067 484 -385 517 -225 -423 1255 2 -513 411 277 670 -596 -602 -948 774 551 -606 206 -427 231 904 -182 124 181 626 41 233 105 -268 76 400 -913 -274 -643 -151 -1054 -11 450 -176 -240 71 1031 369 153 -213 -875 -592 -167 507 144 -1142 1510 314 -475 -644 -743 -523 76 698 -446 -622 984 -851 598 -1062 -591 247 -412 -185 257 -150 382 -113 -122 793 710 -768 788 -853 -734 107 109 290 -13 -267 70 -53 300 1202 -308 18 816 -409 -1010 671 178 217 373 1055 -269 340 -237 -753 662 316 -314 815 -490 -1 546 645 356 -649 387 827 638 124 -302 1250 -174 -461 732 -49 -484 326 1106 205 368 -181 -22 4 423 -1099 1464 22 351 654 -95 -1109 -775 348 -112 813 -14 -245 933 -329 -19 -469 -621 219 610 70 283 807 -978 42 -837 -148 -927 354 -881 480 1020 985 83 -21 523 -214 -80 32 -735 -499 -524 -406 302 891 -1414 693 758 -67 756 -1063 1009 -209 -149 873 41 672 578 -399 288 -257 -569 885 704 245 -43 -477 303 -317 408 -256 299 709 -497 -125 892 149 551 893 978 -309 205 -926 926 -368 -904 1814 901 -85 156 558 -319 441 -172 851 -527 1790 5 -316 574 367 -25 294 -874 434 -254 370 -209 -618 1013 1114 398 610 170 607 -412 -408 -205 -1126 316 150 -235 207 -449 -449 307 -4 1479 -610 -470 263 -760 121 522 -370 70 -35 21 145 511 811 -136 19 933 350 -18 -151 617 -515 101 -271 20 929 843 315 -18 882 254 710 -637 720 -736 502 383 149 -1656 -532 -601 624 471 -1573 53
-932 -1026 -65 -438 82 255 156 -568 -535 -20 -567 -726 -386 710 -391 -1 -556 -547 1017 623 978 -209 -442 -617 -315 -220 651 -688 -208 -166 365 563 -650 150 -470 -838 -537 441 136 -7 375 167 -497 -4 -419 262 -215 351 155 -9 -317 -729 286 -12 1385 -228 274 55 -535 -395 -1275 -47 -220 377 270 450 491 -566 -181 26 1244 -299 -454 -360 -9 -324 734 -862 40 -540 -178 67 242 -917 -163 -158 135 -233 -508 -1128 193 16 3 -179 389 915 -372 30 -367 120 545 59 184 -255 206 -83 657 410 -1599 117 268 -233 270 -682 -843 -283 49 404 -624 -121 672 779 2 473 -111 813 -232 -748 271 -211 -60 -1365 -1834 -805 -264 -1805 -90 623 -825 415 -371 -1471 559 -293 -243 223 -247 -505 -480 -99 -401 -266 -578 -265 4 111 69 -82 -83 -57 262 -263 732 320 306 123 -622 -685 -139 373 -554 769 11 325 112 133 -1393 171 -700 -202 172 196 988 -121 -1502 -583 -122 38 -596 43 -128 -316 291 335 -22 217 11 -372 641 1403 44 -733 -102 629 -226 -978 55 -1302 -17 192 -678 650 904 743 614 495 -18 451 922 401 -473 -1294 -205 -174 845 25 -103 -914 40 -199 542 -938 -501 -703 -314 48 583 -459 548 245 -289 -84 -273 241 -159 -333 648 -567 -923 -413 -78 -219 -135 645 -157 262 588 484 390 659 271 692 -43 88 183 661 -855 385 358 -590 131 -549 775 -1388 831 482 -315 579 941 114 -223 374 -330 421 -595 -446 76 140 -394 286 -258 -347 -190 669 -36 571 -294 387 635 133 -997 -643 -266 369 347 -39 -14 -474 -846 -530 210 -50 -335 276 74 171 194 -570 -662 416 368 -1273 -212 -387 606 199 267 661 -190 -323 775 -223 -308 -479 886 39 399 -276 -547 -322 160 -755 -395 197 702 841 -553 9 194 -237 1225 -499 244 273 -430 -272 224 1287 -157 -530 -66 -733 84 839 59 142 -269 -1081 -264 333 489 -415 882 85 -254 -330 -375 -390 -899 -512 -346 -40 429 -420 -377 1038 331 578 476 -166 676 406 -822 537 -267 -469 -491 342 -490 -112
497 93 -474 259 70 228 125 -531 315 -154 1101 -365 -996 -855 -179 758 676 -1518 879 -371 387 -288 377 -376 132 -1637 -143 744 -613 125 -37 216 -1198 319 -939 -363 -375 167 -297 -247 461 -1253 -41 870 689 -584 749 -220 -1109 542 513 7 -1089 -1420 -182 48 -146 480 -506 -455 374 -875 108 -621 1129 235 -997 -413 -165 -115 -58 390 507 -336 -604 419 274 1227 -664 740 -803 474 30 -340 -784 -886 345 345 222 -388 -60 -1122 -528 -904 804 546 -180 -315 1215 97 1125 -351 238 -177 -817 39 1070 125 -482 -690 210 233 128 976 -189 254 399 111 35 -43 -868 -95 331 631 -611 931 -177 -759 -714 -1336 109 -327 380 208 585 111 -796 -365 108 741 641 627 -86 911 -1014 -344 -115 -301 13 -154 -1183 -1488 -848 1127 -366 -165 -656 1462 544 -328 769 -391 -607 -279 -522 669 -301 -1136 470 -647 -753 744 -292 -569 -142 502 -50 -18 -199 -339 -2 33 -746 -317 1150 -857 -542 297 766 871 824 3 -513 -121 -5 181 1005 -270 669 68 73 -553 -681 619 -561 37 968 -419 356 -4 165 489 155 -1074 974 -1160 -556 -1154 -658 494 175 -346 15 1764 236 -988 -706 773 -1526 -576 -747 98 -195 -628 442 -230 -703 -57 -25 -1156 790 60 -341 -451 787 -139 -18 -139 -156 601 5 -465 -340 648 -344 467 -229 396 -765 -176 416 661 -272 468 594 380 -275 226 983 -211 -386 -449 -1025 -626 945 694 1131 628 490 -640 340 233 -84 -63 555 -346 -900 -12 974 -1476 -207 -467 -343 -462 -105 -522 -235 -93 -340 -936 970 -638 -415 128 432 1245 287 160 -510 -557 673 467 1782 -704 796 286 -91 184 40 -339 -202 -36 235 614 -328 -514 -718 379 764 347 36 247 411 -293 563 918 -214 -54 475 1473 -721 -454 517 -1138 336 -246 86 -268 -18 -545 571 49 25 -237 671 358 -2 112 731 -91 716 690 -714 701 491 -343 -825 207 637 -336 1640 -438 865 435 -951 -107 1271 -782 -651 -501 1060 604 114 -75 334 -1301 426 -788 -412 -550 188 -1497 -308 -576 -314 -589 586 858 -57 -714
1249 927 397 -981 461 -760 -1080 511 -735 808 1175 -375 413 -383 -157 156 -95 -380 427 -468 -427 538 778 552 962 -159 -437 217 504 -735 229 255 242 1109 -655 208 -542 -468 193 108 -620 583 136 -663 312 -584 53 -197 -785 -15 498 666 833 -1265 452 84 767 -112 210 -277 560 -105 767 -907 -60 1040 194 -227 225 1289 -644 287 52 -349 -474 -96 1055 217 -1055 -347 390 -88 -767 465 148 164 691 -63 240 943 353 -369 661 -267 -743 540 -496 -1075 1074 -193 163 -1504 -115 776 -309 236 689 -588 252 -726 532 -1261 -326 -748 -467 123 208 383 1063 371 -147 -246 344 840 -827 -1177 -159 -176 -84 -177 -1552 -395 -217 568 -505 372 -556 572 -415 365 25 -432 -14 -457 652 -503 -1048 666 -1278 -12 -274 981 -157 672 -167 -212 1412 -413 793 1639 583 910 -161 -233 -404 486 -269 -236 -312 63 -600 194 -730 -738 250 284 -168 463 385 153 -193 624 -225 720 38 131 432 -900 518 -382 -119 233 187 435 234 631 -209 -745 -216 246 -1369 1064 -729 21 -859 601 728 -512 -109 518 277 966 746 -385 1058 -146 554 332 -436 407 -946 -503 -26 -94 232 -605 184 -10 -122 -949 -39 -994 -402 945 209 -1306 855 547 885 621 -333 788 -277 589 -492 -82 -382 -1494 -7 -793 837 39 -681 -114 -788 -526 828 -157 -67 364 128 -381 27 -1002 580 258 -145 -21 -306 -631 -108 -48 -600 -389 -109 872 -329 267 72 -4 -669 -425 486 8 314 574 -1000 -7 304 959 26 513 -462 -916 300 557 992 418 -614 106 -220 293 1138 145 63 679 721 456 -224 -333 -273 197 -418 -616 -1177 732 268 -1362 -171 951 138 183 103 -519 -1182 126 494 -259 -931 619 -739 -1460 -560 908 -503 -241 -464 479 -865 -697 -808 -9 -136 -661 753 587 228 363 -65 494 -614 -395 701 155 -1216 -572 381 -144 75 708 267 -904 -93 283 -62 219 191 270 371 273 -355 208 -347 -32 263 -355 121 -134 196 419 346 860 -357 -79 -1049 57 453 314 149 391 -414 -1506 683 504 -78 285 883 -67 405 -254
761 1414 -480 -178 -314 -524 508 -60 -900 157 -430 -52 804 415 -27 -20 560 484 107 600 60 1579 -282 -1020 -505 1293 -177 -807 419 -1577 -1113 -502 -238 1143 368 120 -422 538 -1402 190 566 -506 137 606 -164 128 359 -372 -319 -307 -140 -262 84 542 -22 390 -268 -1371 -641 -749 241 411 -1110 -336 712 -400 -397 -138 274 615 717 -150 125 520 -251 -413 163 -438 -603 -1203 412 -328 -77 -398 1081 372 -339 308 256 10 656 274 -765 -111 -31 -771 -641 -158 -507 460 414 -502 -13 -448 -632 447 -109 49 -271 243 -65 -229 223 -27 -411 849 1095 147 -289 234 400 -125 -426 145 -1411 -348 -675 -444 101 -856 205 -1009 -460 526 -1346 496 -13 215 756 88 100 168 29 23 -311 1111 -5 -612 268 -42 -264 -24 100 564 267 13 -438 -767 -194 -704 -274 113 -626 15 1684 -248 104 443 684 -1197 -528 -257 -352 90 568 -35 970 -46 -248 -401 177 -886 960 -366 362 332 310 -27 -610 -520 -1305 -816 214 -645 -300 -135 749 529 -628 839 169 137 -100 -950 588 -150 -49 -137 -394 -34 -1381 -19 527 1132 -249 -9 416 -1153 774 294 511 -873 -856 -493 -1305 383 -12 -411 291 -489 -275 578 197 107 -561 -43 -813 -296 -217 355 705 -614 -499 -1361 -689 -840 -1066 76 -233 421 -164 -625 103 84 357 132 555 812 143 -771 115 -529 -137 -9 -1181 -80 -278 -558 85 147 -199 35 -868 140 -154 595 738 1306 806 -38 790 199 -236 1732 -8 374 261 46 365 301 -100 179 434 530 320 15 -449 -908 -539 849 -176 -184 -383 -94 388 200 729 606 -178 -917 -470 -23 496 -396 561 544 272 656 -165 -312 230 784 -37 -415 702 309 -12 -711 856 268 495 627 773 373 96 192 -279 393 -748 -694 868 -198 -399 -518 -406 580 -661 -693 -1042 -555 292 -35 -1330 -359 -404 -548 -161 -27 177 296 -580 803 -803 -167 847 405 -946 671 -770 -27 1179 -70 263 209 -287 -314 623 772 -141 226 -124 -153 -1041 -607 490 1312 -364 -437 -163 -415 -599 -138 -10 339 408 222 533 -285 -155 -11
-374 391 999 861 13 209 -675 -414 123 -604 -120 1423 609 -255 27 296 794 -490 248 -487 77 956 -1270 302 -1177 -1190 117 25 -506 -178 -552 -149 -16 173 106 -1185 -761 -674 -11 -203 690 -799 902 -797 -472 -882 -1074 -6 -663 -184 815 -428 359 26 1190 -924 -415 -133 311 97 -728 -59 654 -409 631 179 -1562 1147 -730 -172 279 -280 616 594 -88 1131 600 -119 -379 -510 -303 889 125 1094 -748 947 -292 1075 -579 0 575 -920 233 708 -799 613 46 -766 986 911 242 784 -13 559 1172 214 -124 -42 91 -282 350 1229 540 -1168 346 374 -1121 562 1086 338 725 -448 923 -895 528 191 -517 806 1064 -1433 71 -296 154 -775 -129 -93 361 1221 266 -179 -249 -163 281 -1356 -295 -429 1057 109 -218 -402 -104 536 531 -322 41 -250 -685 62 213 -392 -943 -51 -945 183 263 620 -146 486 598 679 -597 -268 -516 274 1335 -615 -544 -1677 910 -106 -769 123 68 -371 -145 -715 603 -132 -202 -227 1264 487 -181 -915 736 1238 252 210 -635 463 753 299 -735 389 193 -80 225 575 63 -265 206 163 645 600 266 -490 429 -1128 769 -302 35 227 -580 -1066 -688 -827 -1508 -393 1154 -133 225 918 -1185 925 1670 -489 767 -100 347 -674 426 130 877 1423 -374 -1384 8 -1060 306 -327 -365 -171 538 639 -379 1029 126 -1142 314 633 398 -790 665 -480 161 1013 584 676 63 -112 -930 -1230 -582 -56 218 -89 -278 -932 317 227 290 170 118 18 -388 -867 -403 140 309 560 31 -999 -1130 -79 -971 738 101 918 -342 218 139 1109 376 -974 -705 -785 -695 360 -454 -371 -147 184 -110 -522 -23 18 312 -157 -905 -28 431 809 -286 319 148 -98 -830 -198 -234 -43 632 797 405 133 1223 163 1446 510 171 26 203 -54 -583 772 816 -4 -217 -567 -1812 257 91 264 -127 544 377 -487 -29 971 -531 263 -522 -581 -464 526 392 1380 -729 -675 -1186 198 -829 533 233 103 -392 640 107 1108 -4 -42 -310 -1203 12 -522 -1641 -446 -68 314 152 463 571 285 525 115 199 993 -1139 -294 -605 536
660 -90 -407 -933 -410 301 159 360 664 -551 -179 -616 178 74 191 -756 279 71 110 -95 -761 1009 913 -726 720 24 -1084 116 -166 553 13 379 671 30 -1031 668 -615 -1090 -296 821 1159 -503 -323 241 -225 407 262 522 -759 -44 -696 690 -521 890 384 -326 403 -520 -379 186 -643 -61 -820 -1334 -749 231 -206 -748 449 765 -965 -222 -469 215 -408 -1500 554 332 -315 -2 -111 -256 588 462 238 -294 -1140 -177 -203 824 8 627 -997 -1185 -439 -353 617 -516 418 -962 -152 864 -545 678 44 856 633 -63 -557 959 175 -850 343 -455 -103 232 303 -446 -226 -226 -547 -216 -64 453 -108 1021 419 1016 604 722 313 -693 969 320 510 289 -555 458 364 85 918 -273 -264 1200 158 -286 -309 280 -372 -239 -584 48 1048 -31 24 32 62 -357 1194 466 353 153 164 -18 -373 331 927 237 -129 523 -28 1018 -169 -280 -533 278 -523 -42 -76 -343 -12 728 -230 -788 453 543 -524 -784 365 833 532 -298 -761 417 337 521 173 135 -279 -171 -341 1116 -793 -281 202 -192 -1095 -106 272 -306 -728 286 -316 -77 -1070 314 -264 -1040 -1102 416 887 2303 -197 273 -140 -898 -401 -837 167 117 253 428 -775 195 -134 -116 2183 260 -248 599 -493 -314 405 79 -155 6 -268 501 68 -700 -370 -103 -837 -276 -185 -481 402 854 -354 -367 637 -35 -404 789 105 320 -68 346 379 -36 -340 258 -312 204 -176 756 -1123 506 26 224 135 -501 23 1109 322 510 707 318 -288 11 568 294 -80 205 598 -237 -1191 751 -174 101 -969 254 -465 1222 -163 -518 738 -550 837 -793 9 -1086 154 -106 328 -1281 -10 511 -1091 824 290 -232 -652 -194 83 83 392 -121 1034 884 -390 37 510 349 -619 485 461 559 547 450 -784 360 9 -934 2 256 -365 -242 -293 245 -136 -477 -833 -358 756 -64 -423 -36 1189 926 193 -289 -107 -861 -251 -213 1455 -56 -131 -843 -194 -802 348 230 -924 -72 182 709 11 207 -598 62 71 -540 -1051 -475 -832 317 -1324 -70 -1113 -588 404 -581 91 339 -564 505 296 -712
178 406 60 323 752 1053 -510 -1159 1263 145 -849 968 -609 1040 524 -821 -87 992 -517 160 23 1534 244 -321 1476 -185 248 -737 353 -311 -413 -64 162 -77 209 -530 -288 -521 -484 -474 -286 309 -1077 285 121 1140 233 -322 517 546 -2 424 -935 133 -712 767 362 748 67 153 802 -42 406 -536 -37 253 -759 -892 -6 724 151 132 748 -168 -144 72 -213 -247 -489 1046 -268 162 1497 -553 -134 -442 -148 1245 220 318 -410 -94 -684 177 -841 -360 -259 -120 256 336 838 630 491 139 -448 -534 -331 755 -613 944 -337 -366 72 67 384 -366 -619 694 -1121 484 82 476 -111 -443 -1321 -522 528 433 1097 -184 -298 537 -591 -603 416 -327 -442 -1007 -310 111 -51 -664 328 1220 -694 -128 -216 -152 920 -298 -498 266 -811 -92 -167 -13 -169 -516 75 -1128 -109 -337 526 488 26 151 -166 -248 851 -787 -1682 206 -937 222 288 338 -998 245 -469 -272 885 188 -839 -498 627 303 180 146 645 87 -20 96 -425 -32 -227 46 -260 -132 -592 1603 -464 -702 -14 4 108 -1267 347 316 808 -1174 -993 -534 -785 206 151 -585 -495 -785 -541 235 267 -261 8 774 765 87 -431 494 94 -653 -298 -168 1047 -272 878 304 -40 -38 657 -67 499 414 777 -480 -1022 393 -1205 -8 350 879 923 258 -47 -69 -489 -549 380 -209 -363 -839 1869 -809 -930 -717 -437 -789 -323 12 14 24 609 380 -518 175 -708 -622 321 -77 253 400 180 -1199 976 812 78 166 338 490 -452 287 163 -90 -452 419 1534 286 -13 -768 166 761 -445 -515 -1347 1157 59 123 845 -148 800 -191 -179 129 166 -394 -847 -752 -119 243 55 -83 282 -141 -93 250 -546 -48 1181 227 173 -15 -370 -190 46 -1237 185 429 652 168 208 -183 -470 309 -341 -225 1064 283 -475 1297 -610 -974 -118 -499 -1091 448 165 1078 -2 -463 -288 -1369 -753 275 192 -1316 384 -38 1285 483 -811 14 229 -884 239 987 -1005 390 -266 872 -518 -228 -374 585 -664 -1083 156 -150 607 258 -209 -910 996 908 106 -581 -706 352 -322 750 391 -424
-577 -397 248 -640 -669 -212 684 310 -621 -212 707 280 13 277 1045 -226 540 -317 -849 -12 -67 -333 -675 -26 -36 -810 -116 -325 -218 -122 1627 -100 -1087 496 407 -866 -1163 -764 -15 -92 -134 638 382 334 172 285 -748 -717 -8 -483 -434 448 -66 -500 -1123 -218 -348 -22 848 -14 646 -443 -994 380 -969 898 -580 -339 -24 197 -894 -212 -395 764 1199 1212 -402 432 1172 -923 -1269 1260 -468 682 387 -312 294 -281 -158 1017 478 -214 752 -1191 -453 233 -47 973 1206 411 256 791 -688 -125 -1 353 296 -1669 -4 -580 -103 268 -605 -1159 -611 -30 -472 -1081 -566 -1846 -328 1095 1498 -536 52 -558 -58 642 -12 -1123 -184 259 -168 -1080 93 -126 418 -149 -219 -348 -616 1101 835 171 1054 -226 405 187 1128 141 -269 -1032 479 -239 603 678 1263 -647 -323 778 -302 -1746 465 -422 326 756 -1214 1212 117 -64 -947 -1040 -894 -451 426 -209 574 258 -291 753 -439 -744 -750 -1328 8 -332 -247 -1218 320 83 -295 -249 118 -1014 -493 -812 -387 117 26 1173 -50 628 157 192 -662 -1076 -786 -61 217 335 -191 226 -230 -897 436 611 -72 -463 -637 -429 -636 -604 126 512 257 2149 -149 220 71 -367 -894 -814 327 43 -123 384 546 -323 -56 -218 229 212 753 -138 479 -547 248 795 -676 169 62 135 631 -794 -296 1201 536 -622 -787 111 43 145 252 -1800 88 420 -176 893 -630 196 676 876 205 -658 1446 581 -529 -1093 51 116 -872 -502 229 362 -223 -14 745 507 594 693 -696 281 -288 164 773 548 -820 626 382 200 1125 -181 171 14 117 996 656 933 366 199 1 -2 -298 -309 -572 -856 640 670 -1134 196 161 -870 361 -665 11 -28 324 200 -241 624 705 -138 -1148 -1101 -488 -792 436 -1031 64 -461 381 -631 -607 -559 534 -55 522 413 147 25 -165 218 880 253 1051 177 -212 -1194 -835 720 297 384 273 -969 -266 -1301 -581 -991 76 879 248 299 425 -716 27 382 -510 -95 339 -575 -398 -770 -497 -261 -304 -53 922 -528 -3 665 533 323 394 844 -454 -95 -118 70 212 -214
367 325 -146 -1081 137 95 -672 -686 309 371 309 -544 -264 497 152 585 -224 51 630 -390 370 453 369 -859 -364 603 1632 -731 176 190 273 -131 1049 -388 622 247 795 65 -10 718 -327 175 -651 -278 282 509 -647 479 -293 1025 -248 211 621 516 57 225 19 -306 -702 253 860 -1309 744 -32 338 -81 698 -48 109 -383 -2 -433 -418 1297 364 1085 221 1263 400 507 -38 856 -255 -412 63 578 250 -1032 -1494 -982 278 -283 -19 -105 960 -61 -1210 -363 -425 -4 636 -299 409 -28 369 168 246 -141 862 244 -150 486 939 224 -507 -418 -868 306 -38 -182 -415 206 -382 -577 103 -86 -517 -296 -351 326 210 229 -714 -383 -730 -771 -536 741 51 510 -230 -75 -326 -263 -703 420 -664 807 271 82 17 -19 -1073 -125 611 132 160 615 10 -418 -496 -624 69 466 -476 -992 80 619 190 107 -631 320 781 -1159 -412 -442 -877 640 -585 238 824 484 299 930 -282 1359 456 117 547 -55 -515 -845 932 1204 -534 389 -266 -112 105 641 709 -482 793 -1149 915 448 334 68 604 1332 828 -463 391 691 404 -407 -876 415 471 1000 57 -1029 1038 788 856 -130 -180 -371 509 198 852 172 -64 -329 754 -1085 -477 14 264 446 -290 842 -290 -255 -28 -194 440 78 360 82 671 629 -146 761 133 -825 -221 -1078 338 -157 -253 650 -847 367 -342 -350 1049 156 -402 593 -624 -196 682 614 66 90 -798 -500 93 -505 -411 43 -572 666 371 1900 -155 345 753 -102 634 332 -126 53 -386 72 -120 287 689 -102 305 -435 132 -632 648 131 582 -268 -139 -259 775 -58 -78 1128 -491 576 -352 -652 27 447 -198 1221 645 390 -825 1050 -665 -476 -128 -599 74 543 -442 660 -680 -359 -392 -361 -336 -45 142 -314 -240 225 -411 -944 353 145 1822 1177 -46 118 -206 -138 -276 -61 178 821 55 87 -523 829 204 -260 -52 -537 -663 289 -317 -592 -135 -31 -358 -1134 -558 86 -999 1255 -181 118 -1233 -146 316 -505 295 496 -773 838 178 400 -186 221 -1080 -269 482 -338 116 -598 -995 882
-42 -523 -255 300 157 4 1141 63 -741 143 -1555 291 -323 -356 360 -679 203 -651 345 -1042 573 -138 -1122 62 -519 -459 246 -150 209 -449 491 -27 -648 687 -407 157 -330 835 -212 -657 -83 804 -191 -223 456 -743 -887 -326 797 605 944 26 -317 -1021 819 -575 -301 432 1114 -940 -2 -576 -876 211 -428 -243 31 -938 -276 -721 210 940 241 -565 -257 -580 -744 -26 755 76 -574 -188 166 -300 -392 -317 451 -33 496 -602 -1142 839 326 -550 409 194 -738 -511 608 718 488 -15 794 -1654 -184 623 -340 22 -540 -575 209 1268 -515 218 277 -169 1023 -1306 -784 578 -13 357 -282 -517 217 -568 364 -629 643 -143 -458 -853 350 -398 -417 -733 -679 49 -268 167 146 71 -845 -399 636 1347 -92 -272 -490 -470 -927 -570 -78 -188 873 -875 -976 563 -118 -703 1582 387 -512 300 171 -220 1039 567 646 388 -408 -217 -519 1337 485 -686 -1074 -470 -54 179 110 587 -171 224 -839 -365 195 -1110 -26 210 149 514 768 896 255 -398 -426 -101 755 620 863 305 821 -698 -110 39 108 562 -1130 314 207 95 -480 353 -599 -994 194 361 124 -515 486 -479 447 106 378 210 254 592 -411 -327 133 415 -996 127 -287 37 -47 197 383 -590 -381 642 -640 -194 274 -550 -557 -169 5 904 228 928 -512 661 659 -308 -568 -128 849 -853 1185 -317 -459 -673 -226 391 578 132 -10 -326 247 -993 876 256 1288 517 323 -11 -76 932 428 -1465 743 -682 178 -92 -451 15 296 -65 -289 -811 724 534 -961 924 -615 242 48 -73 -623 456 -14 -113 298 951 -867 353 -408 -158 -483 96 -161 -275 -605 -291 -134 -331 -85 -244 -550 1131 403 49 -142 1107 334 -794 -1157 -419 407 -469 -840 -329 151 1176 -1195 -659 -719 -976 -477 -231 767 -1459 523 -653 -29 -601 -734 -429 -85 -437 523 -571 -60 1693 7 -569 -11 -284 346 534 613 246 -663 274 834 106 -319 -554 -507 -298 423 -506 528 88 -533 1180 200 -649 -493 370 -7 -115 -207 398 458 332 426 -1719 -339 341 693 70 33 -1067 -724 -365 745 235
1228 916 317 -760 -47 793 68 1058 396 1134 839 -570 352 -78 -314 -771 340 -438 -194 -690 -1046 3 316 -1017 63 719 -870 -729 766 -678 1030 -266 179 -417 -213 190 -377 -185 -1 125 338 -236 -1057 -722 -36 -105 -1669 39 -354 1151 -219 980 -853 -14 -542 147 -279 147 92 299 -114 -156 215 -231 -89 -782 154 -30 1492 -400 -724 208 300 -106 969 821 446 -412 10 222 1028 143 63 170 22 -671 -201 -160 312 -935 -938 -739 -471 -509 -544 183 -652 -80 -703 1167 -219 -449 114 947 92 -309 -56 182 1304 867 388 718 -64 955 -226 1444 1534 124 -714 -356 -366 915 -229 428 -304 -910 386 -853 974 -987 107 157 25 456 1122 -478 995 -598 -131 886 -1051 -400 725 741 246 68 153 -849 628 -259 175 904 442 -385 865 -428 694 -761 -1418 149 360 -245 699 170 482 -496 -868 -398 -245 -482 -1255 501 -956 -473 -727 -335 -119 1196 -1155 473 -684 -809 476 412 240 139 -67 83 820 526 683 638 148 592 -123 -220 -557 517 -279 -407 662 -243 58 -795 -1013 -267 -398 231 -548 196 163 -1501 348 425 791 370 179 701 -781 -1058 -737 -192 -87 577 736 405 358 1315 -232 725 126 -638 646 825 -347 752 -301 -533 439 -286 -101 798 -481 -725 284 19 -517 -62 154 -222 626 247 467 -34 -1312 -367 -152 111 -497 197 696 -1023 388 194 -1077 -206 529 265 -518 -1012 201 312 623 -800 626 -288 -659 116 -504 -617 294 -376 150 762 -1747 -238 220 -760 26 -140 -23 295 847 511 388 -786 -1243 438 -1049 -211 -316 109 -308 319 -287 -728 937 641 1012 608 -406 -686 1101 -747 180 -878 91 276 -496 610 10 -278 -573 295 995 -475 -532 -606 -487 -485 -283 -1083 -144 161 568 -595 -1574 369 537 -568 28 414 182 -1107 -229 -335 230 851 1038 32 -595 -1330 1218 1161 56 -216 -127 -1730 -283 349 -303 -266 -106 -780 317 -660 -376 216 198 185 1138 388 -446 -339 582 -593 352 -564 -20 671 -708 811 -804 435 1168 697 316 637 432 -245 396 -206 -78 -955 350 -96 465 -592 799 1075
-454 517 379 -698 645 -120 -186 -750 455 -704 -910 -822 126 -803 489 -647 -767 928 782 -539 431 -932 -375 126 763 -193 -831 -1102 -786 -172 248 113 -676 686 433 225 134 389 352 -9 613 -391 227 958 529 251 689 509 -122 -257 -292 -311 -21 765 -481 49 -645 115 -239 96 -102 586 563 343 -989 -457 640 454 -340 1103 -347 -5 343 -157 -501 167 160 -650 -345 -490 467 171 -163 174 -81 135 466 -791 -592 -33 -842 456 133 910 -898 -108 791 108 -1085 -688 -445 -707 -103 64 -555 665 -415 -831 808 88 -520 919 546 -324 -1 -420 -642 -410 -323 327 -1030 353 229 646 76 405 273 -392 -499 332 47 69 -1082 -238 277 -1152 -488 -673 540 10 508 -655 -164 -266 382 175 -470 38 410 624 743 643 -451 -342 995 -218 -687 222 -536 -1118 221 -161 -368 -591 907 772 -15 397 -71 -224 149 -237 -753 399 -68 -373 -151 -506 -1231 181 422 7 -263 962 804 -535 -754 452 288 -423 -351 -554 58 -802 -15 -80 -653 744 185 -179 -455 -1292 414 897 86 -214 415 -264 -650 -446 38 -306 -820 255 -205 -25 112 -404 526 204 -587 -347 -141 660 -196 -433 -340 -552 224 788 -209 85 -522 67 -611 676 -686 -480 -606 -1947 -715 812 -582 -3 498 -593 217 -163 -2 -413 -547 294 -347 189 662 -173 569 875 -286 44 693 242 -415 -661 -6 -326 -163 -1077 -155 930 461 -272 587 293 -375 -380 117 329 -182 -234 520 681 -537 464 577 434 -1692 -555 883 878 382 -154 510 701 -659 1111 -324 -759 152 -531 -30 681 200 -673 -459 -175 370 744 -705 -20 24 683 121 261 -96 -802 -94 225 639 986 -788 -223 669 -293 -201 234 -126 364 -376 -448 -625 327 213 -706 -263 -213 526 -709 971 632 -752 -621 70 262 -43 -167 171 615 -785 747 -1303 176 -22 474 362 627 -708 50 -950 -595 -193 508 622 -112 709 -309 54 -701 -464 -303 -292 -102 18 -472 -515 -27 -899 25 -381 -801 -167 379 -610 379 179 -155 -492 135 -634 -21 -115 1058 -914 -712 100 -807 -289 825 -229 -43
-460 -344 70 80 1003 96 214 43 -13 -1407 547 414 -114 774 291 266 645 -156 867 457 -346 885 866 -507 -662 1076 1253 -324 -80 368 -176 -158 -553 43 -730 553 363 1111 -312 30 865 934 951 378 -1011 -734 -255 129 27 781 932 -1297 134 383 -558 -558 322 -642 -1293 -557 -642 -384 -199 292 23 -609 -628 -599 -345 -829 -357 500 172 311 -1259 495 -70 417 -495 820 102 -104 493 -480 241 361 402 141 98 -869 730 -203 -272 -314 991 -457 -532 258 -489 -54 -34 -830 491 429 43 -333 -366 -363 -122 32 -234 324 826 -288 -208 -81 465 -903 1180 529 656 -656 -580 -343 100 1161 159 -85 -45 883 -818 -731 -606 -65 -551 -900 419 -30 -631 69 -415 -547 25 1196 -1374 301 -538 11 202 1029 -140 323 27 100 -100 623 -598 1063 250 -1037 427 476 619 -298 -347 -469 912 -1078 958 1085 539 605 322 14 -158 159 199 -430 314 43 -295 174 -62 131 -526 619 545 -88 447 -195 -916 -335 138 548 53 -519 -400 -197 30 876 -436 77 304 -634 57 -571 839 547 -346 -83 -162 146 698 597 -239 579 670 -142 -37 -798 482 73 725 -163 200 -474 -267 423 411 367 477 320 70 -18 -930 -729 -41 456 262 348 -689 -305 -340 -467 399 -368 -1573 -150 890 600 163 3 344 -166 -74 -416 732 -405 -991 606 780 1106 13 1226 288 462 -78 -393 289 326 -339 262 -94 618 923 346 611 930 -734 -304 -353 -654 86 294 665 -261 -1138 36 1082 184 -37 -194 841 486 1268 1106 -163 108 -79 -1508 -279 -739 508 -530 -117 -829 -630 -209 -985 -940 33 -1177 -393 -565 897 130 195 -126 -1122 382 -275 -1076 -719 -346 256 -1639 -599 353 -346 -805 -126 -107 238 55 -191 -254 -887 694 -103 242 -777 -900 -237 -598 492 198 -1368 54 146 -222 -470 716 298 -930 -347 79 245 -304 -636 -665 -421 167 -348 -448 -1163 368 -85 105 665 -502 545 168 816 118 -1034 97 63 454 -669 287 1190 -34 -363 -757 -305 271 100 -541 -490 -361 -1009 355 -513 -1323 -40 -1316 -889 275 -237 -244
1344 -761 142 -522 -608 -1764 622 432 245 945 -268 817 452 -575 -99 334 -263 -1204 -134 444 -1523 642 229 166 -919 -759 368 -316 335 -57 23 -72 804 84 -451 360 218 -8 342 -1076 -198 681 -63 -725 -885 1480 343 -306 439 144 319 -504 518 -5 -1610 580 911 95 -15 -701 -324 -203 -37 -86 -59 252 532 -830 -66 -771 313 575 40 -238 55 -311 282 -144 853 -166 -92 -300 586 995 1104 1118 -164 -27 10 -601 -1997 858 203 -850 -41 -402 -1018 -265 684 595 -574 91 -113 -458 -827 -362 637 -1099 -315 -905 794 -3 -537 640 -188 5 403 465 -412 228 -289 -284 850 -462 -72 -1677 -545 -630 -198 -568 -937 388 157 -975 657 300 660 -520 -562 253 1177 -298 -460 149 332 475 -724 600 822 329 1415 211 -89 1878 159 -1318 -164 -1590 -130 226 -12 851 455 -544 112 -1046 3 593 745 -756 488 -701 451 572 2 -72 -959 236 -367 153 -63 531 671 251 721 -858 233 269 263 421 766 -935 -48 -418 -428 640 -504 -213 33 1225 -245 87 167 -1 -260 355 -254 -579 244 251 -209 -683 -14 7 825 -171 -1086 -841 -481 165 -36 -266 104 -317 -194 553 -309 1079 -432 72 -133 -201 -631 148 -277 -780 -369 -217 996 103 428 113 -801 -413 639 627 -518 -1224 1051 -189 -652 744 112 163 334 -884 287 796 -316 -567 636 -213 -200 734 -136 -205 -259 687 -122 -494 1010 -335 -483 -407 537 -213 768 1082 464 -215 934 -312 -669 444 604 20 -1738 44 106 232 599 317 58 1206 445 -676 -959 205 -372 -425 380 -162 -1414 146 1097 -281 -417 182 354 398 661 -573 -26 -801 668 794 116 -165 -418 -187 -307 458 -72 537 693 749 -1139 -497 -1086 -409 -278 117 592 -379 209 271 -25 1056 -480 -1196 576 491 -499 -200 48 -604 365 -1065 -54 -651 -1095 -891 -832 -1258 -1251 8 -479 -187 -362 311 -824 -1148 16 577 508 519 -731 1774 76 -197 297 535 612 562 -22 -648 198 171 -280 409 188 -734 -802 -159 257 386 -51 -137 312 -964 394 -22 926 -175 242 269 476 -225 1138 416
-144 -1481 80 -143 583 454 358 379 -908 137 343 -448 882 514 390 -937 -815 -1039 617 -221 -1585 130 1046 778 50 -728 239 -1253 3 97 -600 -280 -414 -320 -75 83 277 917 241 -447 -571 -1008 -6 -715 -436 -125 357 587 188 824 -333 -107 785 -344 1302 -872 69 -473 594 -398 -15 -245 80 -543 864 -645 -318 -717 569 -408 713 -722 144 34 -74 -904 -542 -1157 -461 -795 -719 -1000 373 -287 -413 43 -106 -804 -613 287 -453 -780 1384 -347 -611 -821 -174 197 -207 698 -171 444 -37 1244 -108 -657 1104 -114 -569 -716 -122 -1624 -440 -605 -929 1282 249 -267 -218 777 688 235 1172 511 812 -769 97 1081 371 631 -437 -834 -371 93 484 45 104 147 522 -357 1265 -353 -375 -98 -682 324 -282 -145 -421 429 -1337 494 -107 -264 396 134 535 -877 -5 383 418 -303 -314 425 -615 -747 -244 -815 -390 -201 774 -432 -310 1712 265 -1420 123 735 -725 -459 -297 414 -127 121 -839 307 311 112 571 107 -52 -242 -153 536 695 -230 -27 -125 -1273 -907 11 1091 -244 -1203 -782 -964 -619 -158 539 193 271 -694 -660 -39 -202 -620 137 819 -688 -899 -45 1123 893 -58 236 -343 379 -94 150 607 -240 -27 -904 493 36 -367 143 -247 595 -160 332 -340 -452 -846 699 584 -506 -1631 236 1199 394 2 253 -104 108 60 532 915 731 176 -520 682 -279 -560 451 864 120 -22 280 -1192 -455 -432 548 -566 555 595 -436 151 21 1247 -1024 2014 369 -439 -443 -196 243 -235 -505 717 -681 161 174 124 -456 -618 172 587 386 -358 -480 880 148 -54 109 -493 41 332 294 -250 -911 273 -41 1044 -980 -291 -607 501 280 -913 843 497 -435 -485 692 -268 429 69 480 -163 638 -1022 -76 -1085 -339 -732 -782 -264 -32 -301 174 293 -349 -258 -807 -516 338 -612 413 217 -1198 -655 -316 -18 -170 309 384 -731 418 359 -168 -381 -238 -448 -65 579 -702 -544 265 118 -257 917 -250 -381 639 -1537 -176 1066 487 947 -381 1046 -26 224 603 -31 269 778 -95 -709 -384 445 1263 101 -194 282 553 -295 -177 -310
-243 -446 -198 -218 523 -411 -518 921 355 873 -58 33 -212 568 424 564 -169 539 -385 -1054 382 -66 96 -339 -511 -516 -33 -987 640 520 -97 498 -91 806 112 815 876 -77 -350 33 -485 1109 -68 350 386 -706 -629 506 -301 558 -332 699 -305 53 185 -274 888 -533 410 -719 476 405 -514 -467 -6 297 144 420 800 149 -276 414 -236 376 94 668 154 270 561 -76 47 645 18 -131 -954 417 298 -685 -283 331 -604 -233 251 30 -41 1084 260 610 399 -179 202 -213 607 -294 -1132 -4 11 -122 779 -134 624 432 -495 -54 -423 -790 -69 -603 -1156 -750 -330 234 -249 -360 7 984 400 -692 -916 260 475 912 466 -251 822 805 492 222 33 349 -713 650 -15 749 -366 930 436 876 -1119 -221 -562 663 -1011 -843 -250 -140 -551 178 902 -250 319 -521 244 516 392 338 -132 -272 -486 -315 174 256 17 497 313 -998 -95 282 99 70 181 192 586 -60 484 -137 -741 536 144 -96 114 -508 -886 -557 646 -411 -510 357 35 707 -317 108 43 -426 441 -268 737 851 -677 522 -286 33 -375 886 120 162 38 456 -463 -497 81 -660 787 1243 -373 -439 958 641 -753 -147 889 -511 -131 263 -866 366 26 616 598 -959 852 -620 -622 -296 -427 564 827 -529 156 602 292 544 -960 -306 -1076 -561 1209 11 -63 -28 218 -173 -372 872 551 1030 979 106 263 650 133 529 -814 -561 392 -712 61 -263 896 -465 -1592 13 24 -1011 8 228 467 56 -745 1125 560 -938 500 365 1131 -662 1409 -156 300 -846 -135 -656 410 39 609 492 402 -15 -462 721 -39 602 -733 627 -486 571 -914 -193 -35 -451 -770 -318 -71 47 436 -675 -328 -485 -929 306 421 -350 -981 -345 188 -196 527 -675 -518 6 -346 855 272 1710 -259 227 -356 330 -362 1201 464 682 225 -810 -772 1389 279 -16 57 -539 -812 965 -230 619 -815 -956 -946 997 185 -32 -257 -470 156 -525 696 403 -283 402 267 -146 -823 651 52 -559 252 357 -749 -580 566 258 -105 -56 -880 168 767 -141 -315 705 -266 213
277 -675 203 -1399 78 647 293 -200 -283 -603 -739 -1126 151 -1187 525 240 -6 839 181 -7 745 243 -384 -314 -1073 -1060 -798 -506 238 42 419 52 -715 -465 -1114 -63 106 -27 -427 -482 674 57 -493 -1459 619 -1365 701 -724 42 883 273 612 -543 -505 -877 -811 666 774 82 581 -126 -675 807 248 480 -139 -364 -492 -207 -224 579 866 38 692 -363 845 -478 1290 -908 -280 -365 264 -827 799 -449 -157 -1641 -474 225 -903 -422 -957 -356 224 -43 29 286 562 -178 261 -125 117 -145 729 129 1477 356 147 -10 -546 -973 180 324 384 -91 316 941 526 337 1056 236 -784 -556 -480 -227 307 716 92 1062 -306 227 182 -52 94 -354 313 332 -317 1124 508 1294 268 -172 587 -538 -431 -151 14 -763 -769 -404 -768 489 47 -171 -949 -1722 595 -501 502 320 465 -128 743 -141 70 575 501 -861 -247 -219 -813 -398 1213 678 244 -37 -410 -193 -85 -202 149 167 -809 877 75 -73 212 -175 -465 -841 102 -83 -407 -350 -265 247 888 -493 -1143 -1140 653 318 -309 570 -1243 -1277 262 119 -260 393 -107 -190 57 -891 -360 332 -520 718 -557 -524 45 -115 -109 640 856 575 650 47 -684 -69 1267 -617 899 112 -425 -324 -525 -804 1269 -596 221 291 -1311 -307 290 993 32 -1083 -568 -102 -335 -187 77 -561 213 -1343 -24 415 -447 -960 -253 -442 -123 -84 -271 153 -896 250 -320 -934 281 674 250 501 1178 400 286 121 -588 331 174 510 174 -52 -802 86 -912 225 -436 154 78 1052 -4 -866 89 -52 -795 -213 -132 283 198 383 -503 33 585 -478 -487 1293 345 560 -205 1138 -302 1002 76 379 -625 58 -1139 50 389 410 589 1520 -193 6 187 307 395 -463 -859 946 61 -20 -450 -471 156 475 37 666 -474 1007 20 -449 479 105 131 -70 -1027 216 747 281 -441 -238 -671 11 95 -189 -240 -479 -510 -397 1141 91 -5 630 492 501 379 1760 538 -551 760 348 832 267 654 -492 -23 202 -492 -471 -254 444 -182 313 327 500 -613 238 393 968 -579 -481 -397 1077 -111 -285 1179
-131 -203 -35 913 226 385 -296 75 -528 -526 -604 -785 329 -1068 -200 -260 579 -1098 -61 481 -349 1082 377 -195 -541 -666 -280 -704 66 -8 679 -257 48 454 271 46 -196 667 386 -93 -254 352 242 134 585 -684 50 -726 667 585 -800 -293 -289 -275 -397 486 -271 -441 -452 -690 -441 74 421 -699 -10 -14 -65 557 -834 364 -348 780 -168 -876 24 379 450 862 -263 244 645 -390 -309 -1280 336 419 759 635 22 179 -215 -441 35 655 393 -789 294 312 113 429 12 154 -954 322 -56 -656 -19 -59 -173 -1622 179 -1200 -237 747 -120 75 -501 -1330 1240 443 384 -231 216 -216 -234 46 -617 380 -1364 -1121 -699 341 135 516 -1420 395 232 215 280 -749 585 -292 920 -96 -1470 59 155 -149 -512 -189 138 453 145 -773 220 -772 561 302 -333 -584 36 -915 -1455 45 -583 -13 3 -790 -455 125 -138 -294 -225 -461 -93 -402 447 -1283 -66 -155 582 271 666 -1190 -924 -663 -248 629 -458 -176 -297 28 -28 777 301 -1189 -1529 895 606 598 247 -916 -41 -933 750 -24 -148 141 682 164 1667 -782 862 701 -563 -1471 96 418 592 -447 616 407 -180 998 -684 1187 125 -18 276 -79 -768 1479 56 -207 -431 1053 376 899 309 -135 -1841 -633 -748 175 619 -298 -1246 71 -125 1372 427 -193 -499 12 1085 920 -255 632 -651 -322 149 827 -466 -443 834 88 99 -953 -298 -239 376 -732 -440 -44 565 -486 209 90 -386 505 406 736 -646 -499 -56 298 -328 -972 187 49 -960 33 -526 -54 328 482 -806 109 1151 -455 416 -316 -47 652 -186 1048 -693 657 -122 -451 475 -186 -339 18 99 426 139 702 -1949 773 1021 -866 -86 531 -739 394 291 685 164 -1382 348 -25 -410 -1051 -127 -57 -347 -307 447 908 721 90 -85 704 -252 392 -672 493 114 99 -14 -107 -1198 118 -350 -233 -706 -800 587 -392 -132 -547 16 -928 242 -385 -963 176 415 272 669 357 138 -874 -917 -344 323 558 -1319 297 300 -31 -467 343 -474 367 -317 421 -276 88 139 582 -437 -1213 -454 -709 -278 165 362 539
-175 -726 419 592 -105 -75 676 -75 3 -50 463 647 556 310 859 347 1130 -52 330 -226 760 -247 15 78 -319 -123 -327 -429 -569 -758 -476 -698 -162 40 498 991 1014 334 440 -684 555 -253 346 370 -21 856 -906 -104 117 -536 -565 -789 1224 252 254 -1093 -495 477 -603 -120 -240 366 -611 258 959 743 -940 -1295 -56 -236 705 654 -472 -3 608 -107 339 -692 -351 -432 -774 -132 -551 -230 -40 -633 -754 971 -988 -474 -233 -456 -622 -871 -712 766 -485 -478 690 624 -470 -546 -165 705 545 1636 606 226 -838 -400 459 28 -741 280 -846 489 925 -73 -147 651 1130 303 15 -720 -1319 803 -542 578 -94 454 -12 -253 452 -100 111 53 -643 950 515 522 -482 -210 293 -609 -1025 -281 -955 -602 87 -128 26 365 -253 1144 -139 -88 -375 -193 -8 337 -284 -344 267 446 646 -656 671 285 15 -755 -545 -41 -1280 130 -462 1148 304 404 346 -753 653 221 -1473 164 -254 122 -164 -301 -48 169 1075 -715 -222 1008 189 924 674 553 -653 -796 485 667 92 -153 160 727 -178 -485 -542 -60 -422 -107 249 -384 53 543 -124 -1512 -83 600 248 93 -132 -282 -524 543 -260 -1031 839 1114 1097 927 -285 1209 -428 492 -818 942 -169 -485 -60 690 247 944 226 251 -169 -337 -421 -320 -715 -334 -140 172 1118 152 423 -256 469 -382 -380 -602 -47 -425 326 282 1426 1189 242 493 108 -226 364 679 -615 193 -717 -1481 -211 -361 1714 75 -965 46 -507 -665 -187 -6 -849 501 618 493 -271 213 -6 55 -1600 -3 1025 552 -499 566 -519 366 -293 656 -65 224 169 -464 -194 -672 -114 -72 605 103 753 -232 -724 378 -110 70 -803 827 747 -401 138 190 -541 83 1712 319 -24 -383 -397 503 -200 157 654 131 537 135 324 -207 69 57 406 505 -183 144 -241 -307 -1246 -225 1599 -638 723 203 -40 213 248 291 657 331 -191 93 585 -139 240 -244 397 933 -183 -548 -469 149 -1130 -762 271 281 -405 -491 -338 602 -1090 -595 -558 -247 -613 244 -1403 1083 250 628 867 -23 -481 1133 -429 -570
-170 -1538 -599 -785 -394 425 219 -625 531 891 -1656 258 -450 351 867 -109 -876 367 745 307 595 82 -110 -460 471 -1044 -516 -107 1026 77 -593 69 -25 -623 -610 -104 -454 -407 -310 811 14 312 142 807 587 723 1188 65 680 177 -1101 -665 78 319 158 -1388 823 -754 1204 -19 167 1111 -10 933 -67 397 -940 562 564 -474 1649 836 -236 -299 -135 131 -634 -261 -169 156 482 131 903 1086 -94 745 -1112 -450 -1441 46 90 556 -527 -290 956 261 720 -22 -643 95 383 819 -1275 -868 -148 662 813 -966 270 171 572 183 -14 -1208 -544 -156 902 606 -690 -154 32 -442 839 674 97 -1028 665 -530 24 359 -617 1042 494 -93 733 -45 -172 186 -347 -920 -235 -543 -64 630 72 -1324 -56 -727 -357 550 -356 202 206 -687 -274 -695 911 -14 -90 249 -273 -762 -261 -72 285 273 -58 -550 -524 120 897 687 -746 31 295 779 424 429 -185 -131 15 642 -730 603 636 -256 616 -152 442 -30 -181 -887 -905 -601 120 -1018 -659 750 336 169 376 530 609 887 -242 -184 -267 -328 -1285 215 -181 56 -640 -404 113 -779 -776 -113 -565 311 697 -344 -544 193 -141 -221 119 1613 799 -229 -59 -1443 -1144 245 -516 -90 20 508 -660 7 -335 -775 -128 -129 -569 532 1355 1161 -836 -121 1068 1160 -660 -796 269 -152 558 -70 288 696 592 -315 -724 43 729 933 496 -580 588 -79 -996 1574 -840 -462 372 -294 -45 808 222 14 -1075 133 579 4 -289 60 -528 1504 -52 491 204 238 -379 965 -818 941 419 -80 121 -13 279 -456 -496 -685 973 301 506 -405 76 -199 445 16 -283 712 484 455 -143 320 -167 673 867 -792 -636 -687 446 615 -128 632 1111 1057 -284 -234 -310 -448 -647 -513 1259 649 117 -729 -331 77 1347 321 -1029 293 1113 -78 502 250 583 -530 74 -534 -491 -264 -395 1191 -452 -1692 25 465 1163 161 151 -168 -14 1047 -785 -82 -489 481 -143 904 -492 -396 -505 -855 475 553 372 9 -730 -422 877 -812 -87 -1048 436 -216 -91 1255 407 880 184 815 -332 -1025 -273 -24
1248 -158 901 -114 -291 -280 -625 656 1063 -681 158 -729 -851 -530 -1147 470 -1147 488 -295 -774 -1327 496 -288 194 -399 -307 -221 -799 754 621 200 -238 713 -359 400 21 606 -371 -1100 266 1171 2 -1000 -151 462 228 -80 912 494 -44 -896 895 -1336 -75 114 -472 -111 535 -256 -61 -242 1358 -301 999 654 1172 -400 -199 -212 -96 -43 -70 484 510 243 58 -934 1319 198 -348 -890 -534 71 483 511 -769 -281 310 1464 -565 -181 -982 531 -394 -732 -441 -1010 -635 -268 271 225 1062 -705 -146 300 979 -107 256 206 332 -116 -831 -135 230 -382 -783 -759 109 -1343 335 -571 375 -357 462 215 585 -462 236 302 -260 -540 -357 693 162 261 954 -602 194 556 484 971 -248 71 631 1 -539 436 -500 -302 -167 280 -448 -99 271 504 -1014 157 500 303 -247 -89 226 298 383 -211 295 245 -560 -768 95 -10 57 211 -797 -585 144 378 -279 293 -317 -448 432 -450 -1132 370 35 -679 -115 -853 31 151 83 760 -395 546 -493 527 228 -944 836 193 904 -528 -793 305 -89 -1191 -444 -318 823 -539 424 724 474 -193 -401 -758 -808 -180 24 -202 772 -26 789 3 945 754 -361 432 716 -268 383 -477 -483 487 -33 754 -617 -503 239 409 -94 915 -282 385 -292 -1 221 -275 -175 546 -1168 -18 859 -526 192 -192 -459 259 -1029 -419 -798 1417 -525 15 1126 855 32 407 -1033 -186 -1311 180 -397 -676 778 -430 942 -204 -1342 418 278 -359 536 280 -628 502 731 538 81 -424 758 -1161 -55 330 558 543 482 -266 534 -761 561 182 315 892 -845 -492 -342 -140 437 -864 -1862 154 -1382 558 992 255 671 -509 622 234 70 470 -622 -1323 -1040 -120 798 388 49 -407 -353 640 -383 -264 515 441 -356 414 551 476 172 -586 -634 629 -449 -149 455 -803 709 -77 559 495 335 1381 -1248 -937 686 -207 116 -759 1120 -544 -220 -57 411 -175 -902 1585 304 -719 -989 384 1755 -783 174 1115 950 478 -1596 -196 -241 -512 443 -528 451 572 -117 247 755 -222 -78 1218 353 -689 -248 886 -806 90 498
460 -129 -1429 869 -327 -1001 -585 119 -391 -185 496 -94 -479 -1037 581 -280 299 -146 -667 617 -764 319 -445 -1443 -235 -711 -225 602 347 -476 80 382 102 -1482 -179 792 626 -86 -300 289 -333 -33 134 -357 -657 635 881 -318 -19 1211 -151 -1062 22 -558 301 271 -5 -252 762 588 207 -300 1070 -958 -236 408 255 -90 609 1345 -1337 -393 -1050 -433 576 -500 574 -307 28 -16 1297 -107 -115 603 402 -1281 91 -527 -259 317 733 -271 162 27 608 298 -112 214 361 -336 534 722 -511 -399 -150 594 -145 -308 -272 95 147 167 613 -125 -472 -335 265 -900 735 144 616 -199 715 -29 -1400 -144 -1495 -1026 568 146 -178 486 551 263 816 306 538 -216 859 427 -707 -637 201 -512 640 -826 -470 -920 -579 -533 389 297 85 -419 -270 537 -544 -495 -306 6 -1094 329 -771 211 311 -557 -851 174 940 -1107 -656 -168 -18 63 899 570 -522 -425 -861 -280 -204 -442 -950 2 -558 -492 -266 626 -11 -13 -979 -1 -484 -189 362 99 133 -522 762 -471 572 -541 -642 422 -78 -691 -313 -1252 1269 1173 -172 391 560 541 133 -115 -425 -717 134 698 70 637 -1517 62 -269 -742 -228 -458 -1218 53 -478 -850 419 -84 429 -567 484 -218 218 135 315 -211 -10 -108 -924 640 981 574 516 -513 335 555 -296 -483 508 848 -1189 84 98 -139 -728 -106 -36 673 24 -175 395 641 -106 674 44 748 -652 528 165 -527 993 -395 -1010 845 -923 -1 -378 -159 879 -239 -549 42 -612 200 703 -657 -94 -948 -87 -252 -633 49 -58 1104 117 -850 -1238 -1196 72 -96 118 -573 67 154 598 -63 -288 722 -1054 163 549 -603 263 -141 366 90 -582 -147 335 215 -771 -680 -639 -1638 -19 199 -738 -167 785 127 178 1179 257 -32 -549 -723 -461 234 -135 -548 -15 49 -360 21 -96 299 180 -55 241 -238 346 -134 -486 78 76 96 0 499 991 48 -562 192 -794 -364 -175 923 1345 631 758 -621 -140 1316 -16 206 699 72 452 694 200 -231 303 303 498 -219 110 -682 -129 -246 -221 384 -410 772 -455 163
1008 -518 -4 -22 370 -54 -579 -418 -1273 -803 -124 1394 209 296 -1281 -225 -610 443 855 -494 37 -398 -674 205 -108 -32 -562 363 584 230 629 40 389 -548 568 -809 160 -60 -1438 339 351 94 -631 -435 389 1335 203 -112 111 889 239 36 313 -532 485 122 992 -55 -242 196 -396 -700 -327 909 -838 931 554 -255 -935 -393 901 392 80 583 50 -659 -9 93 -252 -89 -867 320 705 277 -937 -217 276 -564 -360 -389 288 284 -66 1207 -301 483 709 -335 406 716 25 -839 913 18 -46 -149 16 -976 783 -655 -782 -648 -30 114 665 -509 755 907 45 248 84 720 -392 180 478 367 -744 -610 -414 304 -67 123 -1311 -1107 3 -884 -453 -136 -242 579 -1010 -498 39 -458 195 -49 -653 -1 -433 545 1095 -109 255 394 372 647 -382 345 214 131 -336 324 476 702 -1 168 166 -383 43 -489 -1174 -274 -580 -1028 566 -54 -315 318 74 -1232 -297 -178 -105 762 -484 -545 191 -806 -602 -426 654 -40 65 -123 -725 52 985 482 -173 -7 -794 -240 1200 -265 1040 35 -745 -801 47 -1086 -587 13 444 1188 337 -574 -395 -1659 1218 887 630 -1460 -537 -325 -429 -304 -429 -130 0 121 -552 423 211 -96 481 -47 -677 -697 388 487 419 -263 1151 -243 -404 -111 -15 -1314 -314 -192 -1023 566 961 446 48 -561 373 -119 486 -1264 -278 -689 -856 337 78 286 -722 630 166 247 321 -896 561 -308 -452 102 399 715 -351 -231 370 314 -965 213 357 -650 -164 83 617 357 113 481 -108 598 -565 425 -701 429 541 269 -273 -156 -940 -95 107 903 185 258 -399 462 -280 -696 877 -995 -286 128 214 -551 -605 186 262 -26 418 -238 -62 584 207 -504 444 -73 479 52 235 -287 403 1150 -91 -148 -429 387 327 -763 -225 -233 235 -438 264 592 603 -188 530 210 784 -1367 681 464 -799 1104 -528 -347 138 698 -796 -1027 719 -299 144 1338 87 599 241 238 -667 701 470 -16 837 -478 156 -690 -291 -363 538 1325 -866 322 184 -139 -780 271 184 -204 22 -498 -796 -881 57 -192 -115 470
-399 -1492 -703 -1334 82 -306 -715 -595 -533 -510 158 232 -923 -357 52 -50 -6 -285 -230 513 124 -39 -223 941 -800 -813 369 -1231 -346 -503 -188 307 278 -473 692 -149 1171 -1138 2083 -421 443 713 658 156 272 -367 -82 -247 99 -40 -991 -997 -257 -281 -188 -255 258 -361 -748 -831 -527 -89 63 1595 -5 -344 -320 208 -352 114 -201 -1230 345 1112 126 130 -836 -47 432 -521 -113 758 -173 -27 930 289 -330 296 -402 505 -100 -907 31 546 -329 666 184 -1051 -1121 -246 184 1168 -182 -564 490 70 -466 146 442 -283 500 -607 -412 400 817 -1364 -450 95 237 665 477 -68 -309 -317 438 -120 70 -90 -139 -307 -395 -1024 15 -878 -677 -61 -195 729 1591 -317 -826 -270 -242 -40 -32 -72 -263 -911 367 596 192 -183 -602 582 33 647 828 -464 -902 -889 -286 -276 -178 -1135 -65 -196 -1371 199 -25 202 -232 -271 165 404 861 -137 148 -696 -215 -1217 -557 -719 1168 -405 819 -250 -192 104 217 592 -106 -362 -1177 199 -224 -417 -308 -129 99 -608 8 -325 -426 776 -762 248 -225 571 -672 -387 -793 -330 414 -798 621 -80 -950 693 -758 508 -69 -254 181 300 -1789 521 -398 447 -181 259 -245 -18 613 -777 335 -232 -67 -413 -235 -357 -205 300 -201 -590 105 -417 250 -401 144 -815 -832 -719 781 -20 1210 -318 366 -9 -5 123 -250 -1093 804 93 130 671 -338 1742 -45 -97 -21 1582 -996 174 992 345 931 -389 -121 626 -727 225 371 342 -9 -43 -815 943 -292 1480 477 118 8 -361 -437 -298 11 72 -354 -22 533 764 -122 -760 -747 -162 117 -109 -69 -251 101 127 -210 372 234 240 -444 194 459 822 558 -509 687 -316 95 -440 489 95 493 -570 434 757 221 -680 258 268 1499 1420 577 -460 416 -298 -311 -172 -530 -376 26 261 -389 -359 -124 -1104 418 -302 77 47 1059 -1462 -101 -535 29 351 -769 368 -326 -1017 -327 229 -62 267 -639 379 -992 -75 -61 951 367 1313 -39 890 753 492 253 1248 67 -189 779 -316 -594 142 36 -322 449 -698 -155 -59 107 675 -76 712
-280 -515 95 538 -215 -303 -236 362 -74 -122 -437 321 -82 -45 137 -504 1514 356 -22 507 340 8 212 696 599 -307 239 -52 167 -832 1097 68 -144 -837 772 859 885 -122 517 778 81 644 82 477 -10 813 397 323 -49 935 -39 1051 -795 -199 -4 528 390 108 549 -595 -1505 -214 317 105 -233 103 -66 -879 -310 -110 -408 2 -261 462 1193 -1549 -1044 -396 848 212 -539 337 440 -367 72 -224 -125 200 699 81 -357 -1265 676 240 1299 702 -375 226 -594 -591 560 3 54 512 -459 1262 -117 -691 228 -238 95 -578 -274 1874 -967 60 -683 829 -493 -347 1117 -694 -210 449 -489 204 182 -293 74 247 244 154 -367 -141 -659 222 -169 113 -6 865 136 41 316 416 982 260 1305 24 -310 -134 -885 659 -651 -139 -184 -445 368 -84 49 -422 949 -79 61 923 -97 315 -933 -346 643 -792 -679 109 556 -563 272 -1155 74 1072 -1289 -91 82 141 -337 663 534 -169 -57 771 -337 413 1447 515 833 -19 1218 407 1185 591 -649 461 -305 -605 -505 -742 -1208 -375 -723 1105 642 143 -212 163 276 -649 1016 -309 381 -100 -427 -98 544 -480 1033 -1 -392 -402 -347 1140 -527 383 560 60 -636 411 -1190 -205 787 -990 397 370 164 1282 -229 -264 -25 -148 118 -31 794 -133 -975 -982 -851 785 11 -20 179 -5 750 -430 682 -639 505 433 581 405 1196 259 -543 729 251 888 -111 632 -832 -550 668 215 -1103 268 560 -236 661 -268 280 821 -606 -193 1059 -617 1288 455 547 -433 170 241 -779 803 -34 -413 231 563 -141 198 -421 -618 207 478 473 645 -457 -43 -100 -600 305 137 159 618 371 -54 -871 203 943 -16 714 -657 -1606 368 1755 284 -399 -14 436 -270 -442 502 -1145 637 111 -13 488 841 -696 -19 -1086 -205 -176 742 74 -309 -514 -1323 1180 9 605 1023 177 -417 496 676 -511 392 -30 -714 34 1435 603 53 242 500 -111 -654 -84 45 -165 1173 615 593 -324 205 150 -501 -250 51 488 -459 393 509 -530 -1125 -65 624 622 -347 -718 541 -1138 -181 1078 193
-175 383 628 -383 87 -155 287 -1056 107 408 594 126 89 266 -21 1208 623 -72 -212 -23 91 371 -600 -746 -146 -943 -1316 119 1399 1126 357 370 748 -5 -389 18 -478 -431 -146 141 -399 653 -197 -992 330 -520 -144 -1108 248 -767 -95 -34 -679 -201 -701 152 -404 -38 27 -474 688 768 426 -1307 208 -199 497 662 684 111 -16 -705 172 -664 1102 366 53 697 -392 549 873 -978 -128 1419 752 265 98 -52 -587 409 -897 170 180 -609 -696 -658 -735 874 -136 -336 -282 356 333 883 -778 -500 -735 -394 906 -492 -802 748 -356 -860 543 -299 -330 -58 -387 393 -579 611 11 -1101 1009 -625 -158 453 -555 211 -212 799 173 -330 257 472 -42 -1218 42 108 -4 -54 966 101 -539 409 170 912 569 -134 -172 58 787 -182 -657 578 -1246 -339 -172 -304 -61 174 -229 524 -289 1016 1046 1286 -116 -136 -315 716 89 384 35 436 660 234 -307 -216 38 -698 361 16 535 -1388 -175 109 -206 -794 203 277 -611 -114 539 919 -90 513 -256 522 -377 511 1147 -645 -104 -822 -1409 902 -559 -261 -482 -138 157 -102 456 -70 -427 845 126 759 -372 629 -72 409 240 657 808 394 -478 -530 -896 531 -263 -99 418 481 -167 -62 -481 933 -642 309 86 -1376 -478 985 605 108 -1185 -106 328 229 -512 -365 35 -980 -76 -1149 116 1505 -284 963 -370 -1475 16 390 -909 -664 498 -598 -470 -366 -666 974 -1057 -38 -1304 854 585 300 -708 564 918 -548 -511 -353 -61 367 -269 -1129 -526 466 -213 354 -168 745 -629 -87 -149 795 731 -580 300 600 110 -422 -1375 -93 577 -863 279 462 -808 556 401 488 799 583 -278 -293 -155 1091 -318 -36 200 883 241 910 -28 1076 -3 -981 -1029 -251 -261 117 907 -401 -384 -613 787 -493 -13 -298 1 -813 865 95 689 324 -32 -810 369 -871 -530 571 919 608 -360 -191 313 250 149 254 627 -666 395 -492 -300 1061 460 -180 -65 59 -17 175 -557 -246 -870 -1132 -469 -714 -540 -290 844 -688 -1580 382 208 -338 174 1292 1139 -498 730 268 -623 -367 630 -279
1275 -54 436 -888 -384 399 -523 1021 -500 -225 701 -856 493 699 -1403 458 -620 95 -859 701 246 1402 460 414 -328 841 -29 -360 398 -828 31 -749 -443 1042 -581 -521 138 -252 -391 144 -454 55 602 -586 -278 202 -1300 -516 1045 197 680 -1121 951 -1178 247 4 1167 -437 512 -870 454 101 1242 -1405 -270 -107 1461 -311 27 821 -32 -110 337 40 -348 -279 419 -821 -728 -735 487 487 -259 -271 -466 714 -390 979 709 729 294 -950 648 -58 233 -294 -137 -849 1120 1463 -790 688 271 -282 -115 554 -634 626 758 -258 319 -624 -172 -971 711 10 305 473 136 223 -561 -336 -462 -90 -272 -1399 -235 504 512 -532 -2025 127 21 1633 23 301 1167 841 -454 -451 572 51 350 357 573 -301 -289 -294 -637 -523 338 950 280 -892 12 -297 562 903 -1328 624 753 192 71 40 1412 -1050 -465 118 -799 -181 123 -545 -594 -682 4 -170 1348 -990 302 282 -250 -357 -77 362 252 783 1361 69 -49 582 -912 -427 -332 -9 423 -262 -538 -1102 338 542 -737 -1058 -1181 -1139 -529 -1529 275 -529 338 -336 -801 451 1366 -479 -32 -649 396 19 478 -20 -161 250 -992 783 -892 -15 407 -386 1138 257 629 -564 1087 593 1135 -230 373 83 383 416 125 -482 1234 -403 -573 33 -455 -315 0 -150 1143 -663 313 483 -260 -164 276 -1230 705 -89 -491 -601 914 644 116 1129 178 -196 1305 466 178 -674 -636 -417 441 -648 185 726 -1249 144 187 862 -802 -843 236 -1251 899 -89 -388 -76 441 614 45 135 -191 408 -486 490 492 -408 -683 165 -468 666 -403 59 -261 -658 -272 62 577 94 -167 959 -104 -156 99 -107 -533 -12 940 -319 186 274 -1546 -371 464 -922 -183 902 433 495 -339 124 -584 -1261 287 858 754 -1201 208 -277 -772 -321 -887 729 857 321 621 781 -1128 840 -747 304 320 -308 -432 -531 -532 1017 -550 391 -59 340 188 1242 -479 98 537 802 1053 162 -328 -483 -677 512 136 -662 990 911 101 894 -522 -594 720 308 687 -1109 352 37 1233 138 -207 -218 172 328 640 -23 -195 -282
720 -318 352 -555 -656 -125 51 -467 1247 1054 116 -424 810 -6 185 -400 -345 -81 -90 -55 -321 -55 -43 -563 263 -1668 787 -279 85 574 -553 -355 -649 -14 731 707 -4 382 119 -644 403 1096 572 -341 -777 280 127 -194 -43 84 403 -350 -1122 -24 -75 -334 149 -424 774 -757 825 -983 830 216 571 1061 -124 432 -1140 -50 47 469 690 -934 570 372 -1278 16 -725 -355 -902 -599 -499 406 -902 -694 768 -484 232 -959 -810 202 -462 -381 724 -45 192 181 -254 748 -950 -397 212 -112 358 317 -254 -371 -187 -440 397 1805 272 -21 396 739 665 138 942 754 245 358 49 98 201 -13 635 -212 -805 -324 -483 507 839 -371 732 1199 1439 -292 -797 870 5 272 1260 557 323 63 175 -905 -734 -43 705 -314 438 -595 -437 840 41 192 203 688 -671 -49 -542 -431 16 368 -314 748 327 96 775 -346 410 -334 -681 -464 -222 -543 307 1617 1029 210 -602 -32 88 -94 1464 -67 -188 -549 252 459 696 89 255 135 138 211 -914 822 471 482 1487 -45 612 -365 -74 277 145 53 -499 2 -188 -342 -255 83 91 -669 -430 -526 39 298 29 -393 -143 -626 500 914 -582 960 336 -203 1122 674 -267 23 -273 108 693 -1415 -10 -48 -392 804 406 79 508 -1032 -231 -1308 -1 -297 232 -191 -403 367 -223 580 -455 -142 6 -775 -819 -965 -605 357 -410 -148 -293 255 62 -118 -120 38 -78 -170 68 904 145 10 -325 -54 -617 -58 -1569 -726 -1424 249 322 -381 -868 894 316 -246 293 -91 -92 -920 -320 -437 -619 -344 -533 -782 1072 231 -35 -560 -353 -68 -154 279 1403 765 -143 -1162 -665 291 211 32 -811 368 196 731 114 -541 -490 881 453 -539 -200 458 -191 557 67 -820 415 -201 227 -363 277 -603 199 -414 -67 -655 167 -694 -276 -71 1475 94 36 240 -364 -257 -148 -896 985 503 -507 232 -33 -2 539 -120 -590 -186 -106 312 216 -353 906 -184 -861 -288 -11 448 712 -357 379 -1152 54 170 592 -384 289 -1366 162 -568 392 -233 -1047 -577 -538 -759 628 851 -1675 167
20 -225 109 -185 -824 -922 333 128 414 471 -593 -248 -430 -142 138 -645 242 394 56 -651 737 1646 101 56 -1300 7 883 931 133 398 -607 -378 -472 379 -510 531 -404 525 554 1199 717 352 171 -754 -44 642 -636 485 22 221 150 -582 -1320 85 -892 392 824 -686 168 303 83 -201 -157 -66 555 220 -10 865 -705 686 233 190 -25 147 1091 902 142 415 -476 212 -201 -87 189 284 292 -365 502 1254 353 -256 -107 710 -622 -242 267 57 202 643 589 124 -71 919 71 448 252 683 729 573 -238 -457 -47 -490 -497 94 -575 -650 194 144 557 -748 -372 -1113 1035 -993 -603 -937 844 -265 -787 -808 -1491 -6 908 261 -57 20 -64 -247 -155 -165 264 242 1010 422 316 643 525 -185 -347 -64 -1240 564 -837 -252 196 1123 780 246 -634 1054 -809 316 127 -496 152 411 -611 374 -331 548 -1155 532 898 474 440 478 566 -260 937 -296 528 -501 -705 -468 -158 -455 87 -523 550 338 -77 -1300 113 -84 505 -318 -606 826 392 481 -626 64 -234 473 107 -626 343 206 425 560 -71 845 731 -871 -177 -154 54 1208 -361 256 -839 720 10 653 -403 40 689 435 -330 -146 -352 483 691 -300 91 -159 582 143 415 -624 729 -501 12 545 91 206 1441 -337 269 -87 -336 -142 -1634 325 -43 245 1249 -105 -483 -168 -115 390 128 714 805 390 -611 -2 720 -462 -147 274 -231 -1316 -377 259 -411 -259 242 886 -414 330 596 -600 165 823 -443 -479 152 417 713 359 -102 194 -373 274 364 1253 196 -29 -54 -391 -605 -648 -223 975 -815 -1040 -552 -613 -244 296 883 491 -94 -392 602 -335 -357 735 163 219 694 116 340 -226 332 -112 -464 -13 -298 278 -1625 -459 335 -176 352 -777 -50 -14 -3 1289 -423 -596 -714 -141 -1385 -473 183 1016 738 17 -703 1339 -144 960 1116 11 -318 -386 -779 -430 334 471 -780 1499 304 -116 198 418 347 78 -294 -328 82 173 -271 -387 -213 1376 921 453 -587 -622 7 513 -743 522 272 -996 353 -196 -707 -51 -354 -138 -1028 851 -219 -589
41 -508 93 -119 -296 -51 -833 835 -479 -589 -206 -45 513 -106 -1001 -567 259 88 224 209 -1128 1031 -558 282 -343 595 1363 -175 169 146 -37 1002 572 -381 -768 -1953 699 487 -9 484 821 659 -394 272 103 460 575 343 -123 1349 -998 758 633 -555 590 200 259 -942 -1213 148 -103 455 -1525 -341 102 -952 -106 -158 696 359 745 -760 187 760 -283 -897 -173 -251 -440 -410 262 -406 239 -150 362 767 200 -44 752 -734 316 -52 7 679 -122 387 591 -805 515 276 74 607 -97 631 520 -29 541 -242 -93 -782 -325 -500 -64 -57 19 -680 785 593 -458 1289 932 -623 -828 -818 310 596 -338 658 -160 112 -643 -414 -374 842 692 -144 -18 209 229 -108 -1092 -1646 866 391 -376 -226 -1020 457 439 764 -108 -790 618 843 -611 -463 278 879 -1132 -166 -579 781 329 228 -146 -494 -266 -286 -383 293 542 394 632 -98 -43 -837 -970 488 -520 256 100 -756 168 -1243 -254 642 -749 1147 569 -291 -681 209 318 105 716 163 961 -21 141 -45 -368 -195 814 -778 -702 921 992 560 -462 1156 95 -157 -1561 -1007 -355 -167 -439 283 -277 -7 -483 -502 367 129 -152 364 483 1002 -839 -71 121 278 200 46 254 -335 -438 -696 -707 19 337 -39 -679 880 -1485 -176 -639 -719 310 162 -237 82 761 -434 423 -348 770 -424 240 79 -1215 524 -779 602 -148 113 622 -552 404 -24 -31 449 490 -642 -195 -58 42 15 -655 699 -337 1531 -244 31 -39 58 -5 -325 373 449 -490 532 104 416 147 250 776 553 242 -676 692 -564 -146 16 -330 592 330 1210 544 -3 216 802 -542 -1382 413 245 -551 -69 1494 -436 9 -160 672 611 1113 792 -1041 -919 350 1004 1078 -614 596 -371 552 267 -736 1275 695 92 -393 482 -300 1017 -510 1527 -338 240 528 -944 671 210 -56 515 -315 -302 -497 24 -457 -255 178 -1627 -655 616 -202 -156 559 -455 536 449 713 77 -205 -127 -679 -518 -721 86 884 -120 339 146 -705 -909 -660 392 -291 -201 -623 -59 721 -133 -818 11 105 -122 -395 528 -39 -1063
-940 -981 -801 784 120 -517 481 -106 381 -176 -32 -177 -279 221 12 265 -22 -375 -544 134 -735 -624 -614 573 -357 70 453 -972 102 106 -215 -26 441 219 1506 534 1005 -392 1019 193 -266 821 472 913 -136 -449 -63 470 1122 28 -384 371 -637 -291 384 -451 -720 28 302 -277 428 -455 -358 1096 7 1209 -774 87 -636 -1376 701 35 -776 23 482 93 307 -859 907 232 -467 611 -782 -1491 -1077 1249 473 687 99 -26 -133 825 -106 631 -726 69 -1261 894 -604 580 1263 382 310 -760 325 -43 1181 899 -1183 -626 1037 -327 -784 241 -405 168 224 -303 875 43 -904 -359 -782 -442 -1503 850 265 -371 654 -683 102 523 348 -1030 -1110 -764 -831 113 -311 -407 -1401 -1251 223 -784 691 161 837 484 539 262 -400 -79 359 153 40 985 852 -1070 -100 -2 -902 -367 388 1063 687 -921 441 -464 587 271 246 9 1033 830 -278 -229 -1172 86 131 217 66 512 69 -398 -1098 493 185 617 -601 -262 -44 -878 -28 281 776 146 -235 -534 81 -762 134 875 568 -195 -418 -460 -95 -298 -136 355 537 -896 -382 685 -68 -30 -99 318 304 -441 -268 549 -1186 -235 611 169 950 134 222 -103 949 587 18 202 -496 -119 252 -109 -168 -30 -627 -547 -662 -977 -176 206 -226 337 -232 -466 -399 -265 -629 254 285 -907 968 -769 931 312 208 591 -891 -1383 -734 209 98 -640 -192 -96 789 -722 401 852 327 298 -175 -732 -226 319 961 735 19 -1236 247 -625 414 -112 -25 635 -247 -229 252 -402 -467 336 -373 479 841 -175 356 -346 410 484 -204 -685 -1240 263 -425 -465 -54 -1011 -534 -777 253 -258 -289 165 -40 875 -392 443 -98 -58 908 1081 759 674 -523 -668 433 -348 -640 -673 -193 188 1067 -373 -169 -559 172 -63 -222 96 424 -646 -848 511 349 -75 710 261 -772 567 -227 315 -115 24 -462 -376 -306 310 -250 -299 -927 523 466 -263 94 -215 -214 -89 36 91 -478 -191 -1550 -657 -262 -336 -99 551 353 222 303 -208 -420 603 368 -643 255 336 879 1456 -133 50 -745 -183 179 699
169 456 -86 -1064 563 -6 -1124 -265 726 1289 -264 -345 -712 447 -335 -106 -682 419 -731 -198 263 1320 -348 121 619 390 -307 82 1516 952 -488 -141 169 -1135 498 965 -698 222 -1584 121 517 -1152 -228 -160 191 51 886 674 397 210 468 521 -383 81 78 -472 420 1734 316 -164 592 966 -995 -1020 32 557 702 -426 -439 1339 -794 -135 39 644 -95 410 210 87 -511 -285 102 -507 -111 978 219 -983 700 -350 101 344 -329 -2 -450 688 -965 186 397 1080 144 559 449 118 -320 529 85 -399 199 -6 203 -30 -247 319 328 -114 -7 -38 305 156 -896 139 -393 -352 -36 400 -155 300 -106 682 -543 -504 -510 -308 -480 90 -318 58 1380 -35 337 -367 590 18 -188 508 -690 -48 -570 -547 -462 -39 1131 1017 -94 -732 384 408 -548 -57 -91 -999 484 -70 -299 -79 143 -875 -200 -199 -1278 -1042 -290 -1107 -500 -624 -521 113 -266 -617 269 758 -506 -852 -314 -125 -266 391 -333 -1061 -159 -7 396 -1561 722 54 234 331 -573 -658 -438 983 -442 975 114 549 -960 61 232 -674 145 609 130 -34 187 267 -946 70 -1068 -1325 930 341 -347 -104 879 -325 -2 995 -71 -104 61 -91 -425 735 -186 -305 387 -71 307 3 982 -560 216 700 52 250 905 -200 330 103 69 55 -271 -336 -32 -205 -1485 752 543 -308 89 -588 869 683 -391 575 1090 655 -427 871 -625 -432 661 -387 -1327 -374 -226 -231 440 -966 -292 63 615 -462 88 843 -321 588 754 -199 -227 -571 -555 -253 -636 -77 -517 232 968 288 -794 298 -184 -989 -567 -958 146 -296 -788 -450 155 -196 -389 683 107 -464 678 98 -21 141 121 -123 1187 914 1289 236 665 275 508 244 41 307 -342 -334 -643 -4 -802 -439 -529 -49 1378 -1406 -304 268 335 -527 -1048 119 -1013 -279 107 -244 112 28 -797 -146 156 768 574 -206 836 -1025 -67 335 422 -851 173 -149 304 -38 31 564 835 -161 -565 -26 -71 -338 796 -191 -648 -250 -202 191 -345 1190 -364 -346 -246 -602 -1238 -354 1355 1224 -76 332 -672 -121 -157 -427 185 -214
-88 -291 -49 478 -289 -272 -746 -317 428 -383 -259 479 119 575 998 154 694 -904 -901 -625 -639 13 -307 67 -565 130 213 161 890 420 -459 356 23 196 -441 947 263 -123 613 -312 1487 89 -1289 167 276 387 -274 282 -76 -8 -874 148 -1001 659 -546 -1278 61 146 -617 -739 -227 976 -1232 62 746 -1034 -334 475 156 -460 -364 -617 -326 553 -643 -416 120 11 826 -1047 1085 1797 297 -211 66 -36 -366 -2 560 -547 -947 -190 245 -255 -50 -257 1187 259 -472 -160 9 -98 130 100 -40 -427 -574 265 370 143 -308 -1138 -890 -70 -99 380 447 904 375 83 -262 -1232 -1168 -1231 238 -248 811 880 -258 -469 1292 91 -183 -625 -887 154 271 -435 -34 -197 859 521 -262 -855 -18 1026 -306 707 517 -46 -405 -813 -996 -768 -125 -373 587 354 108 -4 566 185 -278 257 -1513 -344 247 -63 198 -1163 -1048 -1117 114 -1205 -57 220 -553 -618 -307 -309 -100 117 1254 1106 -862 -412 -199 124 150 334 -298 -249 56 -122 -471 193 -489 458 -413 670 350 408 -1207 -619 -491 56 427 831 698 -548 27 -1333 273 -939 -34 -643 -518 -1797 -436 214 -185 553 164 272 151 276 69 -158 -120 -427 917 159 178 827 602 354 812 370 -380 -172 297 -602 -181 -473 90 241 -856 308 -256 -450 -602 -733 -27 1261 220 402 318 1076 615 -1006 121 255 -48 -341 252 -598 141 49 716 -952 311 -1097 270 506 340 -331 148 156 -515 -656 -147 -197 503 89 758 523 396 164 -62 -375 547 -46 320 100 255 -228 624 104 -87 735 903 -77 324 419 550 -509 -21 -96 -38 326 59 147 -616 -364 -417 892 -720 255 -556 353 -198 -602 303 -203 990 729 610 -328 -818 939 324 136 -177 -1286 -502 -44 -292 33 278 -303 273 -133 -1023 -1246 453 -424 -502 -880 -414 -1461 1237 413 -293 -351 -2060 680 320 778 -1064 433 -402 75 309 -907 829 559 156 134 -59 172 -844 536 -250 -337 -421 -681 607 361 212 -519 -650 -496 298 -978 1057 49 -605 996 112 710 -791 133 544 -57 -214 504 413 747 -368 -269
-270 -992 -1084 406 -1110 -1046 1094 606 272 30 -869 -745 -586 -61 -506 -1595 -8 -354 -314 -579 -716 420 -670 -714 378 207 -17 -417 469 -106 632 704 545 -993 777 -277 -408 88 -422 -271 -290 122 -330 -72 6 478 -799 123 19 -314 -68 868 369 308 -256 370 452 -241 562 -342 432 -312 954 1248 -388 337 -421 -81 -476 269 -326 -636 1071 -27 -103 875 -568 183 471 -692 93 -241 -126 1201 -661 34 -1209 -7 512 168 -262 94 -7 11 -319 -184 -267 -188 321 -187 934 -594 -898 -954 -935 97 -122 -40 1249 -737 -221 -489 -473 -37 -137 -221 128 -395 -913 -275 299 -772 614 -262 -424 -1185 -590 -250 311 215 -729 88 250 255 -785 -78 -205 1376 -530 -1692 -84 -291 -522 -452 262 -941 209 -620 409 51 -99 339 -779 -570 -1220 -590 782 -570 -48 932 -856 -82 -95 -327 -1221 657 -602 801 294 258 -291 -465 -438 137 1360 338 114 -391 -188 -90 -10 394 -52 205 -13 184 -419 185 -48 -593 -266 425 -1142 -308 -42 577 -414 -1356 -180 182 -486 -468 578 -1031 -300 -971 -211 390 -163 -106 -845 378 -34 580 255 243 -203 -921 -532 325 396 -678 199 -205 -149 483 -1482 -497 583 668 -1145 -1146 385 179 1105 -981 275 -1318 276 1833 -402 633 427 -493 -109 -846 -220 -994 -320 -67 35 -264 -323 -651 -149 -300 -515 -482 -12 -104 301 -656 209 351 -462 370 161 -23 49 -437 61 388 -179 15 1019 770 -900 317 -731 208 398 487 -540 -138 -79 227 108 779 -106 1006 -65 -366 416 433 216 1007 951 322 413 778 -212 -239 1193 406 -677 637 294 -314 281 -252 -191 1032 210 -374 -177 -413 -3 -401 795 450 147 565 14 -1577 -232 745 100 -815 394 85 -818 -610 -19 -56 497 822 292 488 -595 -260 -440 127 25 -644 255 158 659 1116 526 787 -583 -115 1069 -645 -162 555 229 -594 169 -646 316 276 263 -105 338 173 85 603 173 2 -421 -277 -745 -228 1207 89 -69 -576 -735 -907 390 1284 131 1437 535 717 -124 -415 -652 -1031 906 493 602 498 -110 498 951 -363 609 568
-260 554 158 -470 927 -811 -667 -736 21 257 -48 515 24 59 -137 821 -266 671 893 -586 -448 296 448 452 -1375 1142 357 -27 346 1376 566 -312 -88 -388 361 8 48 -49 19 -414 -897 -29 2 832 -469 831 313 266 237 -82 -240 1024 148 4 567 796 -632 -1618 -516 147 -601 282 -129 215 -751 1271 1748 466 659 104 15 19 -762 813 104 -1081 -837 -129 1829 89 416 317 947 808 743 420 -31 -669 -307 1000 -120 394 -268 367 1422 354 -1547 1070 1063 -253 11 569 118 982 -871 18 -434 -292 391 404 336 -301 90 966 172 -1845 -133 -931 -548 -134 -70 191 -192 298 51 -625 -409 -89 -234 466 -118 -330 -410 274 60 -56 -1078 -141 71 848 67 464 -991 98 1150 -159 595 1173 1146 654 173 334 -794 99 291 982 246 -166 1149 -1073 109 -118 -512 -517 112 -25 1713 278 -310 -673 -374 19 1008 26 109 79 -810 912 63 -1085 -952 1303 -194 -425 69 -332 416 -873 691 -507 331 -322 -386 -1468 766 -390 794 31 1034 666 -211 399 562 356 678 986 -903 261 486 -38 729 -404 -297 1170 -1215 902 -420 298 -354 1214 -664 -899 125 -38 121 -770 -145 -538 -883 10 -532 397 -65 -1456 -698 -341 -661 -881 -391 540 647 405 674 454 1087 804 1633 -408 -37 -761 602 -753 -545 106 256 -356 131 464 491 -418 332 730 189 183 -377 -1193 128 -32 -461 865 -732 -453 -240 97 -124 596 -592 -499 583 535 -441 -78 -606 -399 615 1184 -513 670 -138 -755 -156 -538 839 -1275 -169 99 296 -1052 -1426 763 117 -1066 224 376 268 72 -292 -992 -392 128 186 576 -37 565 -1127 1186 -91 -767 -830 -213 -560 286 738 -990 -290 -76 681 -541 -637 -467 -718 445 142 -198 -1344 757 0 1094 -14 12 -55 1032 327 572 548 -645 -450 -492 660 -403 96 -520 726 259 625 337 -398 73 -113 452 641 460 113 -793 928 113 88 734 -80 -132 123 -1259 -242 -774 389 -277 937 1054 -161 75 63 -713 -230 542 -591 -288 -929 -2 -102 32 767 281 1081 -274 140 -101 -32 -262 -378 -823
386 657 989 130 -16 229 245 -658 -1010 4 215 78 261 -60 -665 774 262 -576 -169 281 318 -273 731 692 194 651 242 -641 -461 839 518 585 -970 -944 378 718 -936 -841 -797 30 -795 -159 -461 -825 811 -491 498 -294 -713 147 -275 -833 84 -41 1198 120 -332 -562 673 -56 932 732 113 215 -90 279 4 882 -856 -6 503 509 -691 177 272 53 296 42 670 -138 267 484 -395 -431 -49 1262 682 -1543 4 -397 885 -919 252 662 633 -434 384 -2 -58 439 377 -838 -128 764 -233 14 -966 305 705 308 154 581 -114 561 498 178 -556 -625 -312 645 -260 -154 -964 93 -197 -470 -888 166 -79 1063 732 116 -592 -27 -1835 609 -151 17 -1110 -941 1465 -16 26 -216 -251 295 381 683 -364 1056 508 -1270 -242 646 140 -755 81 -588 -391 -38 435 107 949 -145 -808 -32 -626 -130 -169 -844 -160 -589 45 403 -667 521 693 718 490 78 121 -222 319 176 -75 118 -295 500 -784 541 321 659 465 -41 77 -330 98 -439 24 -1329 -6 129 -1181 721 409 54 669 76 318 78 -38 -621 157 238 -41 -883 27 -474 -47 534 -20 221 540 -72 231 33 891 -807 -614 -759 -797 -316 -153 318 698 -248 380 74 -848 452 -1071 1022 184 264 330 1 -340 325 -1591 220 -88 -1493 -900 654 870 695 -736 487 396 867 -1029 82 -85 373 240 420 -174 -705 -584 702 -657 110 -158 693 -461 -600 20 176 1052 -263 529 37 -436 -256 -55 128 -22 -1349 -298 248 -709 -1135 -419 -568 -425 -736 -312 -35 522 125 -1246 -758 99 429 -510 5 -170 -764 83 307 -407 283 399 768 293 625 77 398 7 127 -421 1656 428 706 523 402 -709 258 -242 26 365 859 -249 265 -731 609 -127 -539 -126 253 91 177 -43 146 224 353 964 -789 124 237 769 -684 -502 -739 -594 -448 480 532 -315 -370 164 407 -457 38 -811 937 -123 -94 595 1217 247 -24 -361 338 806 137 1279 -61 380 -1218 -800 -754 223 202 231 119 136 -930 -60 257 -1053 390 -145 490 639 476 369 -939 390 1022
751 367 150 142 218 -432 -534 -206 -543 -319 750 -408 -237 -605 -1365 -729 -31 392 503 -661 144 13 64 -65 -215 -823 -399 -988 466 243 -214 -657 -1249 1581 -97 -12 321 -81 402 -142 353 -833 -734 373 857 605 -92 954 911 -822 -437 122 -1578 35 730 -109 639 -362 706 336 747 243 -770 80 409 -615 -65 -157 331 -54 975 404 -313 589 920 370 -1256 -506 -287 -667 416 300 389 -621 -173 447 -465 -1036 308 159 244 -764 747 357 -334 -296 -454 375 211 829 307 398 -1024 287 -400 -553 888 -17 367 198 -558 83 257 -256 775 -81 -768 192 -331 -456 89 -41 244 608 72 -1075 76 -412 -495 -939 -38 -218 -37 -291 -557 -99 934 429 483 409 533 -463 -387 -322 -357 761 -264 332 -306 -305 516 475 -376 144 81 -785 -155 478 145 375 -9 103 262 -545 267 97 -190 334 242 -357 722 -915 -19 87 837 -962 -730 -175 -66 -141 647 437 -921 379 656 125 569 -206 -120 -1208 -335 -105 -257 847 -58 -235 -120 139 -141 15 -53 468 203 82 617 -853 -196 404 385 45 -105 24 -223 -756 347 -255 -1136 210 -4 4 -610 353 -7 -22 743 -328 789 579 1566 497 773 885 -119 932 -817 86 -307 -553 717 91 385 767 -700 -1561 -1495 -96 1 270 229 -171 790 -340 161 654 -572 352 588 -1067 -7 -842 -1603 845 109 -1262 -155 805 1053 -1318 146 198 855 -1258 428 19 480 541 -561 50 -1370 -1203 829 198 735 140 737 -916 -150 275 744 410 -975 1215 -1762 159 -256 644 398 112 710 -720 219 43 -630 -888 598 358 -449 588 949 61 -424 -1534 324 -1827 -844 -115 114 279 -134 991 375 400 -444 -510 -214 810 24 -713 -726 308 547 -1312 89 -147 -659 -1042 -618 -102 -83 -257 980 -808 263 -688 -800 1325 116 -394 -236 787 -347 -353 -27 213 -190 -562 -717 -303 -451 -418 -304 1167 -217 -41 -131 -66 561 -190 51 566 -832 -741 -186 216 -321 -457 54 272 709 623 200 -567 -1 199 -371 3 -36 784 619 -169 549 -899 385 472 690 445 1375 -592 103 -601
92 589 1008 -123 -831 -129 171 -98 185 -686 -242 331 623 430 -377 -203 61 -291 -494 -366 280 628 -208 -101 251 91 -486 -234 106 -746 649 298 959 756 237 -480 -389 -592 -6 714 224 1196 225 -726 -1922 -358 -128 170 516 691 127 518 192 -594 41 -282 -149 809 983 -1049 -492 -359 -794 366 -50 494 253 747 -67 541 -393 908 -264 -1323 187 -858 313 -53 -715 325 -696 -33 95 232 -1405 584 -304 -420 227 184 404 -465 -37 -733 -288 -944 607 -400 -683 100 504 302 -527 -407 604 183 -91 115 643 -442 549 305 662 -44 1342 -99 -891 -549 -1218 1374 1000 -678 -23 -276 517 304 -547 -499 500 968 82 -1878 1040 1095 470 -369 -292 -113 -62 -1356 674 -136 556 -304 -308 -1273 320 35 -802 88 305 879 120 -130 -133 -71 418 -34 0 1419 -448 96 53 370 -183 229 622 65 835 -78 71 608 235 -532 -591 806 979 125 291 466 -436 -217 -477 567 -162 305 -12 -381 92 447 -122 148 -269 402 395 299 1001 155 -337 -933 12 664 -83 248 -186 21 -178 -930 419 442 403 609 -355 1205 -665 158 761 -382 -421 -230 521 180 -113 -154 -51 359 -349 186 -398 -616 -97 -233 -410 -40 -372 -662 1096 -562 -970 502 -553 30 695 285 497 -639 351 1358 49 -222 177 -236 197 -87 685 505 -365 -787 -49 217 245 -331 -303 -405 -366 724 -313 -528 -262 178 234 372 195 500 -29 231 -591 849 -1025 -385 551 65 -186 136 -455 -488 689 -1081 -623 282 303 306 454 635 -392 -69 -671 -705 -42 304 -47 -830 -383 -174 49 34 601 89 -1399 -441 -461 -1174 -41 94 870 -139 1579 1160 687 774 -85 664 806 1179 -340 -951 14 831 119 -183 -441 269 172 753 196 -341 -425 494 290 -213 277 203 -64 -276 -255 61 149 -448 -374 1073 271 147 -444 -1212 -208 -170 253 -1097 781 89 -381 -62 -396 147 288 -605 1019 -321 -196 -62 -318 183 328 -63 -656 -193 -1764 183 1043 102 216 -845 -49 496 304 -112 776 699 -895 331 293 286 525 582 190 -140 -275 -1041 901 -556
700 -338 122 612 -269 -586 134 540 -107 665 6 -178 925 -182 -604 -680 10 -628 202 -499 1124 1426 525 -189 -1499 -51 -107 -53 -368 41 -60 175 -29 -166 -439 -107 -1096 250 -272 271 75 -1119 -896 -643 506 -274 1265 283 -178 325 271 165 -448 -648 143 165 263 -995 1621 258 -486 -21 -1284 -133 140 185 1046 1582 -210 659 684 -29 323 288 -553 265 613 44 -516 779 -755 -858 342 313 -101 1328 224 1167 585 463 -1197 -159 -180 583 -1175 225 -578 903 50 -631 -597 1173 570 -441 -200 -448 654 -649 -1038 -84 -33 -459 195 -621 -256 875 -162 -181 -854 -114 -408 -1154 -2 613 121 -174 -592 -190 -366 -580 -627 -223 1179 -106 -1027 -53 -1154 -427 653 194 95 -238 -156 907 146 -55 846 628 -598 381 382 -1512 496 407 -160 -335 530 -776 67 213 -1117 845 96 224 179 -541 447 384 -754 -68 1088 -105 -273 -596 1139 483 669 -680 724 -491 -571 284 -648 -978 13 -22 542 385 -167 -533 -430 -148 466 -80 -1073 945 -946 247 -422 -150 3 220 93 11 -228 1200 -697 79 554 -184 416 -501 1035 486 -1557 98 -706 122 -781 190 518 -317 -1087 239 -395 40 1150 337 592 710 605 578 941 -169 82 -134 65 -121 -146 59 520 -1476 73 128 292 455 -739 450 1346 -837 1324 200 -463 366 -262 -378 -737 363 108 -323 881 164 1314 550 -496 703 -729 -13 52 -74 -1347 -446 1047 171 -428 172 337 -791 -295 -68 -367 382 139 -64 828 -272 585 -88 -55 390 -170 253 115 -364 315 78 -950 706 51 15 -68 -352 -607 -12 662 363 828 -73 347 -197 -195 -528 373 20 -78 245 -289 -89 -219 -1710 498 -44 393 -89 672 1470 -946 335 -50 -87 -780 -39 -516 -39 104 335 655 197 255 -41 444 443 79 -604 -543 -227 -167 -527 -475 -710 -42 1010 164 470 -19 -353 2 -774 -20 155 -558 138 175 64 861 -409 231 -522 -89 385 398 -319 -268 1509 -98 -1263 1044 1723 -339 54 1260 -11 -762 -308 13 769 214 340 780 -1009 682 -507 -483 213 -481 685 908 363 373 -754
79 270 -2 -576 -289 -382 -250 1402 712 -280 261 -88 885 828 -775 531 -1 11 -605 -3 -1043 -251 -281 -510 927 462 201 -984 -457 -137 99 292 -376 -97 -389 -986 -755 -1012 -667 23 -683 -1011 1071 452 329 -875 -782 240 -168 -294 846 156 -332 -228 539 12 857 440 -1 375 744 -749 1035 -295 -742 -1179 -1677 123 -1014 28 479 -50 272 -663 -304 -241 123 -162 -272 338 266 -530 1017 -314 -581 496 -807 -308 575 -30 150 133 -622 82 41 -782 172 -953 275 989 -69 -304 1203 -406 350 -381 798 -31 317 147 -431 -1098 720 -1197 798 84 -1226 -228 554 -264 881 382 1319 -307 -148 444 845 237 686 328 -266 -639 -762 -135 969 -405 -56 -1249 -836 1033 243 -610 177 -632 -216 250 -246 229 -1864 -801 -657 -561 153 186 421 -17 447 1159 -1058 -575 172 618 813 407 -665 -284 83 -623 630 -177 -249 163 -378 980 115 -961 -404 -98 -983 -135 172 -461 -1273 1108 -416 -387 459 -546 -320 338 458 -842 327 -453 -310 -10 -594 -87 284 1249 -1035 760 508 -816 -984 428 947 -866 746 35 86 -512 -324 -899 -156 420 -1101 189 -430 222 -1018 -245 -256 1786 375 1238 480 610 -429 473 1724 131 -498 -1469 -133 806 -438 428 364 -389 -89 -823 -907 69 -1105 -352 -114 -325 734 -14 52 -1111 -684 -880 -835 791 892 731 -1084 -180 411 -69 399 -762 -673 -686 504 -160 315 -125 -146 -1037 -463 155 -1036 -523 -28 -89 248 776 -730 -947 247 671 180 477 486 741 540 -896 94 1013 -1698 854 -894 -358 -900 -77 -537 411 -131 -240 407 335 -731 -905 -981 791 -6 -519 -714 31 411 131 -1717 344 911 757 683 289 -910 -68 -12 367 -53 -456 -969 262 458 -223 841 372 1227 -505 -283 -424 305 111 103 1373 243 52 26 -1492 -263 -854 -604 -740 -66 569 -326 778 383 372 80 -84 -859 -29 -417 -1049 -1627 -874 -368 911 339 313 237 -971 21 -217 -893 271 377 -249 -519 -1773 -957 -102 640 3 -1266 -403 139 -506 -515 186 91 -830 -222 105 340 -601 87 -123 284 -915 491 1103 1684 -182
1512 -250 -154 -561 -376 -164 -472 -233 544 619 795 -923 485 -585 -1615 278 -515 228 -466 363 510 -564 670 -299 542 -1001 801 -33 718 26 -505 -510 969 1077 931 -918 332 -238 -634 -107 -256 476 -185 184 48 -268 90 560 266 336 -157 127 226 154 -284 175 79 -1051 483 37 -591 118 -411 -79 -117 65 -150 1038 647 -256 -791 93 609 -12 1007 -285 368 -362 180 851 130 160 -128 -1229 31 1178 403 244 245 276 32 244 -303 -131 -253 -709 -507 124 -1546 413 -319 -411 642 -75 -945 -1467 -216 159 -670 619 513 -298 623 125 0 -177 303 -44 -255 -547 343 309 -856 127 323 244 635 -1024 498 -257 -290 -1 -592 -425 -146 63 -178 -884 341 671 -291 -32 -127 -115 845 -86 175 -98 -462 116 32 -50 -12 -246 1458 479 -726 739 242 -2196 -297 -707 -34 -788 -295 -449 -525 1586 39 -997 287 1152 529 -905 -356 -698 282 -166 201 -683 -628 255 -821 347 -331 -1311 -321 -439 -168 -429 47 -1036 -542 -253 -248 -477 534 403 811 771 675 142 -637 24 142 -438 -450 1 -199 195 178 -574 -197 590 46 -325 -96 439 -134 688 349 -209 207 -337 356 -993 -690 -212 396 17 1225 723 96 -1049 -301 678 -58 -642 -210 -681 -109 831 -1465 207 501 272 91 -95 -735 -403 -193 -745 1083 925 447 937 111 341 269 -864 -224 307 -583 260 -24 663 63 614 322 1185 251 -20 -6 -874 592 -539 -405 -544 -389 1118 335 335 -119 -103 344 143 59 -1103 24 -500 -589 433 -318 -516 677 -1409 -447 -1458 380 1275 31 33 -2089 -107 221 -937 344 812 -28 752 433 405 116 359 340 -813 -64 612 -870 566 -662 -406 1073 -810 -457 143 823 -673 -907 661 861 602 -165 -1456 320 -133 -78 -365 63 -582 1062 83 652 -497 -433 -714 -98 -148 -297 -1036 851 -1022 -178 28 102 -39 -1027 -315 264 114 71 -504 -108 -40 948 -897 561 -25 92 -378 -174 -299 402 -221 -894 -685 129 -946 1031 604 -516 -610 1043 -478 -1285 -368 -321 391 -254 1080 -83 -238 -406 982 1042 -47 59 370 -386 -927
124 543 -134 717 12 -237 144 312 1102 -360 -267 -431 -133 -160 -670 -492 434 919 94 305 479 -214 1058 -353 70 -482 983 301 513 -848 -509 530 504 -199 -198 726 -872 -30 400 11 153 283 -466 -329 -1055 -394 324 823 220 908 307 191 -543 322 -286 8 -119 -264 -203 739 -212 581 -1798 -539 168 -447 17 90 1397 -1269 -881 296 -369 812 36 383 501 -486 294 -492 -479 516 -865 -114 -198 -485 63 -39 -188 808 121 -199 -45 63 -1020 -434 44 1069 248 208 -41 123 -1039 308 437 467 -51 260 218 -287 -140 148 313 832 -326 1178 503 -44 -1290 -488 387 -805 -134 340 367 -468 -188 894 -169 572 185 -362 586 683 -1046 244 -879 928 -1079 -199 -17 351 586 -10 -92 -512 688 -12 393 711 186 1170 689 -386 239 3 -160 131 889 -495 -411 1018 172 902 597 -559 -885 -18 -565 538 83 -479 -123 -845 388 604 1136 -568 161 -87 -279 -496 811 -198 659 108 -874 664 -323 64 -589 848 632 -180 562 466 -79 220 -443 -280 645 -5 -126 300 398 -1102 265 752 -120 713 650 1027 530 -191 -920 1379 -172 242 -515 311 -193 26 340 -678 404 181 -1223 202 630 390 108 -4 -218 -121 -374 802 -116 1 -618 1144 842 -52 -436 760 167 -361 1656 755 -249 -475 255 28 511 688 445 654 -762 124 29 -312 -119 181 288 154 -605 133 -967 724 93 177 -800 722 1096 2099 -10 294 -300 998 -455 547 398 -638 -484 -502 -497 -504 -650 -180 69 -250 31 488 172 -467 -736 -138 -24 -416 -314 777 1099 147 376 -814 -381 -422 965 -122 1068 99 -69 -831 -105 936 864 -297 739 199 273 10 890 -341 -377 917 -26 5 -765 -1074 -374 -1075 -117 -480 596 989 107 250 898 325 -1169 40 -323 91 692 345 957 403 396 613 6 282 -535 95 -249 645 866 -971 -886 1138 556 1698 1207 -331 517 -147 -765 143 -382 -253 -1932 986 -134 223 -4 1249 -18 -942 1105 207 -330 514 199 -464 70 621 -520 -551 -583 -227 427 408 254 185 772 -231 886 406 -588 -962 959 -79
-517 -478 -674 -103 -52 596 -668 -1093 128 -225 287 -45 287 174 23 -213 80 -350 488 -736 -408 -482 -490 97 -171 -395 285 -277 -1363 -763 24 -421 197 -406 996 -611 563 377 -748 -994 726 11 -1005 -415 704 -298 283 -558 -782 732 327 827 -321 -282 291 -550 -587 585 -451 -146 -230 -368 -724 517 992 253 173 172 1381 120 -229 -313 -717 -503 -505 -1104 -652 -300 -1135 -469 -567 -880 230 408 366 -1098 275 202 -678 -635 -406 -526 271 351 1020 544 -915 41 1522 -4 378 -642 891 967 788 -46 -1710 356 -938 -945 532 -1018 180 353 885 563 1086 -353 561 -29 188 -106 342 241 -46 133 -858 1207 448 547 876 -246 -1010 803 729 584 -225 -585 -169 -388 981 441 -1097 400 -522 558 215 -432 719 -929 -1084 1617 -857 408 -698 166 -559 433 186 -54 344 -954 -161 11 93 -43 -382 -605 473 -151 -234 -232 -352 887 419 -1012 284 152 11 104 -352 1187 -922 724 646 -320 319 446 -434 45 -699 656 472 130 462 -230 350 -371 -594 -66 276 -862 -352 -14 -1447 188 -121 317 966 752 944 -742 -10 380 -663 -1353 212 83 746 217 99 -248 -261 -194 406 1069 468 152 -1759 -132 -49 170 -843 215 -178 -215 -85 161 -731 -306 -415 357 -140 -571 -22 -1304 -400 -1198 -780 68 -55 25 293 -249 -1116 778 791 -356 105 -362 1335 -946 68 -358 580 -186 -1069 225 -921 333 422 217 -1167 -580 779 -269 368 695 807 617 -559 -136 -916 311 -1010 658 -399 223 -370 66 1024 282 1066 54 -642 866 -246 319 -412 -159 508 -725 163 -199 -617 568 347 118 -331 -299 -67 709 182 -82 -189 -511 -1096 534 -122 129 -588 811 576 645 141 -1031 -760 -22 -360 679 1113 1388 -45 -160 -867 14 661 610 -194 89 -165 -23 310 361 709 -474 305 -855 544 -1508 -236 -135 242 -352 51 397 304 235 -257 579 1686 -292 -70 389 263 838 575 156 763 -258 144 1540 862 -212 -389 -166 97 -175 571 346 281 -445 -687 -173 871 440 55 -112 -848 279 164 -115 -580 -501 844 -171 -119 266 -328 1008
-637 -353 -376 201 766 -5 -274 582 -743 29 -1060 235 136 392 -624 111 814 241 -783 257 -436 437 -154 811 1355 135 1088 187 296 -248 118 14 -357 -252 -652 1556 -108 -203 -21 218 350 -1253 244 370 -96 -4 917 -978 205 -126 200 807 732 125 467 1162 -88 88 -597 119 -404 150 1206 -1476 657 968 272 -797 -380 289 14 -848 -157 -129 -365 -938 508 -590 -514 483 680 -417 -889 790 50 -716 -669 -104 708 306 -455 417 -699 -1342 1269 -189 1672 -905 447 355 417 647 1795 -53 1161 1521 222 1454 584 437 -71 -617 -282 291 251 -1165 -211 -156 428 364 322 799 -138 184 191 118 -470 -397 -386 841 984 -548 -560 276 1362 -65 -447 544 -331 -1058 -739 773 -305 240 -980 458 687 321 -1387 714 -393 754 136 1210 25 -306 -480 -708 -443 263 -366 -258 -133 807 -1369 -771 -696 -1991 -59 -1257 -888 -602 1258 856 -271 840 168 -195 -332 99 502 -1214 359 630 -599 -304 1019 1306 -643 155 -295 -50 -843 396 603 661 443 490 -738 -476 141 -327 95 -350 -796 547 974 -598 790 239 -51 -566 904 -818 -816 545 -267 117 -161 772 -600 -607 -27 115 -810 -559 -673 -1047 -608 -401 151 1363 -1565 533 348 -348 1322 360 -117 887 316 -101 495 599 -908 -286 -378 321 218 -351 -886 453 -261 811 1229 778 65 -338 -273 240 -636 872 -83 752 591 -637 386 -721 -72 -511 562 -302 656 91 -155 -17 102 219 84 535 529 201 175 -232 363 -390 667 -219 325 -32 239 239 338 -12 -236 -890 157 560 -852 155 -277 -168 158 585 -111 -454 223 -649 992 540 -160 -282 -878 -655 615 67 -1020 171 897 95 107 431 777 803 710 -727 -944 -423 444 -336 561 -862 1954 286 -890 888 -240 -33 213 901 388 -406 -1379 986 103 636 -521 -161 -1263 662 -279 241 -1411 -308 -151 -144 830 550 702 1279 555 -437 -502 262 317 428 991 1015 270 720 557 -29 -236 -547 -79 206 -475 721 -234 181 -829 102 -831 -477 -777 -1402 -348 93 -658 -889 -289 -158 -263 -862 -181 738 -1179 588 918 -433
-266 845 -482 -95 936 -98 -659 -316 -94 -347 -519 -405 -440 -1095 -317 -177 349 602 519 -17 947 -117 -634 -80 309 -763 31 -246 -850 555 -1053 432 734 172 214 -811 -1170 -148 -788 195 786 -1079 1180 -77 -692 -23 -862 -1 -654 -209 800 -68 -520 5 -449 888 284 1029 -1305 -805 -758 444 -253 466 -388 -315 -466 -47 -1100 833 510 689 263 -235 -186 680 564 167 630 -199 -465 157 413 28 304 -89 -325 1250 245 731 -436 262 -507 855 -186 875 825 452 -244 -196 220 376 -167 -217 -576 51 -332 -558 -4 24 1521 -590 -445 361 -499 517 142 -172 -105 -633 344 239 380 -1396 2 166 763 -198 -81 551 305 168 -83 -321 -143 -1669 149 -547 125 -265 -418 -959 254 164 382 191 -296 188 -164 -135 -243 535 -329 -531 133 502 144 -202 -360 -414 73 1291 458 641 -333 -77 -1305 833 201 484 -507 -42 -250 -582 185 -656 76 49 -169 -177 260 -686 -19 -692 145 -167 -202 -521 275 -221 -309 -239 862 319 83 -1112 -429 -327 109 665 -1571 -722 143 -222 -1095 136 -552 -100 -208 -340 221 270 148 229 -921 -78 -1013 -76 264 473 -260 -522 -133 -941 -805 -507 -362 457 -288 -525 369 -192 503 -651 -206 -33 113 551 -412 103 117 435 -165 -369 1058 325 442 -545 432 -252 -74 476 -224 -889 -413 716 149 1100 57 -273 823 -408 -768 -255 581 237 -1258 453 -512 122 -344 1176 -1166 -15 760 -1508 478 -473 155 1610 -987 -1145 -711 -558 -634 -21 -447 777 -749 -865 346 199 847 -235 -471 1481 727 47 40 358 490 105 658 -88 -634 666 -641 361 -1384 755 -288 100 -497 1217 -145 133 -1222 221 -466 -580 294 -421 -910 -54 79 -411 372 -721 -361 -273 -161 414 586 19 281 330 377 64 -690 -745 387 211 -304 -104 982 1040 -697 -29 -380 489 378 829 869 -34 192 1264 -76 -189 -356 -1112 -47 90 376 42 270 -316 176 432 -1068 -894 -1166 -827 -852 -155 -514 -687 -211 -114 -407 -433 -604 194 -623 418 -636 -114 657 718 79 -900 -18 -168 26 -1027 -786 809 205 417 720 37
-234 302 -240 511 416 -886 -171 242 406 329 -1285 1206 606 5 352 -488 664 -1188 -253 109 357 -398 -213 191 81 222 578 1169 -240 -92 389 1226 -828 1009 -807 -815 -71 467 -1113 333 -1131 -816 -300 238 -667 -291 182 -2 -79 -1158 496 -1517 -56 -366 1598 433 354 -628 577 -411 136 1042 -913 77 -229 -784 161 -157 -861 -628 303 719 17 106 -565 59 752 -687 -516 248 381 -121 1337 -265 -330 557 701 -154 730 -347 -425 327 -777 68 638 611 1387 103 190 -285 1169 -270 -249 -109 -1003 -647 -170 -520 1348 25 -810 -19 857 -474 377 280 -353 -1265 335 378 -263 -280 517 407 -30 -901 -15 -765 -720 81 467 -591 -655 -973 -1015 68 232 -390 -341 539 -367 -141 55 -162 405 -396 494 630 -29 183 23 1240 -267 549 -491 146 87 -138 -77 -1074 -601 620 -390 -276 503 40 -259 -632 -1083 -506 923 217 97 208 -348 263 -406 -340 303 620 360 -598 -53 -649 -56 257 -11 -319 -326 729 -1093 637 -734 -83 423 129 665 913 24 646 -712 400 797 -545 -746 -130 -1173 -113 308 -275 -1213 -1761 -581 -1 175 -87 -652 -21 -487 -151 -311 -1193 329 -679 -150 -658 -1105 -237 -118 286 -20 -672 267 -591 -12 -75 -71 -328 -1020 -796 653 196 -90 -376 1378 -172 464 -257 306 345 -86 901 -317 95 409 -308 832 -153 828 -655 -635 216 -248 878 182 651 406 -42 -81 -124 -630 -132 211 -856 -1018 -1125 -90 345 511 -42 6 -717 -678 -341 -263 149 -307 -1759 166 380 -1196 559 -339 35 467 -84 -713 396 1079 722 -1108 223 -128 -658 570 685 237 445 -220 125 -157 161 -849 690 -14 75 -610 168 -539 73 1149 254 459 614 228 1300 -570 -83 504 -29 1027 1342 -575 191 -415 1010 -84 722 -431 -97 742 310 -757 -232 -960 -94 154 338 341 363 -28 372 83 376 758 116 -677 913 646 -155 -142 -757 -487 -906 650 210 331 -143 -850 1005 212 -633 -392 -1036 444 550 139 314 40 -886 -654 510 212 -625 1204 -804 155 314 847 -101 -152 288 -73 447 -1313 146 131 371 559 74
865 -307 533 -611 970 1104 67 -212 886 -543 347 413 -133 -716 295 -1083 813 163 -637 -553 122 -730 347 -310 -40 -372 1309 -172 -1304 -88 73 1261 610 -151 285 -871 32 532 738 -792 949 358 328 210 386 -585 -353 -481 -315 675 444 -413 -180 989 -247 607 370 -503 -13 -470 -150 189 -795 594 1245 464 287 772 -285 93 769 754 -608 -322 -799 -478 488 943 -889 442 -521 33 -483 -865 438 -1082 -101 440 -680 -591 543 -828 -424 -130 -395 150 171 -317 -588 592 37 322 -1030 707 169 610 -486 667 -34 -352 517 1159 840 -176 339 1328 76 1021 517 406 377 323 -779 174 -760 -570 496 -438 -126 727 584 -392 447 -770 -468 584 20 119 285 12 204 -1046 94 -165 -264 -31 794 204 188 -459 21 -95 0 526 578 -782 642 -687 102 -353 -620 -595 837 313 -5 62 -300 102 135 454 -407 954 134 269 -266 -658 14 -38 1555 -828 -20 299 122 -346 1141 -380 533 132 54 276 -434 1084 408 903 895 1047 -20 -128 -1511 -541 -261 963 575 -1074 477 190 871 302 -66 627 81 1027 -860 -200 79 -1322 -136 269 504 1102 -550 204 1031 -609 506 -169 -595 615 -586 -611 1379 645 -1438 704 238 544 -832 -269 -334 1123 253 883 203 196 -11 -44 -422 -388 -339 -505 -898 -75 -450 -597 1393 395 -1169 -417 -1086 756 -325 270 -546 -260 17 550 168 749 -189 -28 13 -433 609 766 -189 -550 -39 483 -1055 527 257 109 -849 972 -183 -269 -378 245 736 696 8 -537 -235 147 471 572 11 1385 578 461 -204 -89 1671 -619 -168 -39 270 -106 -605 -384 510 -1438 333 76 154 60 536 -637 634 366 -247 -750 616 1159 275 -128 -507 1444 71 -1396 563 -571 -140 926 847 196 759 -555 669 -178 -122 770 188 -526 -76 -506 56 211 -246 -704 740 -626 186 -213 276 -90 226 462 305 -407 904 695 29 7 -390 -273 561 762 185 468 -369 370 -262 532 457 222 -16 -350 584 12 204 979 1017 1044 -1375 -304 253 -149 140 426 -843 427 542 -528 355 -482 393 671 -88 457
-396 295 140 -941 -740 197 -3 -563 -575 228 26 -324 -703 39 -28 -271 -655 1160 425 -180 -421 56 -739 60 -648 -227 70 17 294 -1212 -536 163 359 -320 60 -1588 116 -47 587 143 360 634 808 -289 412 914 -461 115 15 71 215 652 -159 1105 279 -192 1373 -338 -109 -787 817 -280 -528 424 -771 -238 -974 400 -9 774 172 -698 592 1012 -48 800 -170 548 308 369 359 854 1 37 47 739 -327 231 -74 153 443 -34 110 -699 -1084 211 -25 465 -83 210 241 514 587 1295 -1623 433 -911 -542 122 -651 -700 213 -346 -133 198 796 8 822 -928 492 283 190 688 -241 1045 -168 50 92 415 -609 -1102 132 -337 -106 -21 -891 170 -82 -194 57 -804 23 -106 903 -638 629 1184 -405 383 -83 -88 771 -37 -185 -804 -12 135 -826 1003 -183 -416 693 -1579 1580 151 869 405 -724 -154 -293 -644 365 -831 78 289 259 546 1 -71 -46 -126 -105 -183 -966 96 1853 -413 -993 271 -239 381 -799 -272 892 907 -65 248 638 597 880 -349 857 433 -342 -85 150 646 -681 -1520 -565 -149 -447 -408 850 -269 -639 878 -248 -222 95 44 -230 1341 -126 111 726 -257 -164 922 582 -20 945 -168 -213 1076 593 -82 -56 -51 191 -511 -1515 635 179 -693 134 30 -409 -278 -301 302 693 719 289 1014 -418 634 -573 494 -660 162 -459 -388 174 305 172 -98 669 -606 950 -490 -31 640 -603 -671 260 -670 -218 -876 -424 491 -58 -768 577 126 927 -344 -770 106 -239 570 -237 -525 -25 311 -108 172 270 727 -24 1213 538 -1334 -120 208 -409 -845 69 -36 -361 58 -785 -193 205 60 -492 -1500 -240 -264 762 1259 -44 757 318 271 725 943 -1095 75 -866 105 -428 -884 -886 -332 109 -346 -84 -100 51 809 -149 -726 -123 -90 572 -321 -492 524 158 -1128 -483 -282 185 1230 37 430 451 -834 -186 -976 -737 329 -908 521 219 -448 -169 -378 -61 219 -573 -672 100 -69 1174 125 1211 319 291 -808 -1034 -920 -968 -1312 -1235 -329 286 -305 310 -650 -316 -436 -82 -423 114 146 1170 257 -894
329 1002 -814 253 -514 -225 927 -323 -1039 -1727 271 -820 -237 912 -432 154 -74 504 -902 -1173 840 288 -464 733 -434 372 194 328 -672 -1230 49 97 -73 -387 525 -41 903 461 34 619 -1285 895 216 -523 -559 -358 -1377 7 537 -707 383 910 -314 338 -477 -184 -281 264 165 -9 132 431 -530 -106 -15 -965 -850 416 917 25 575 -386 898 478 133 912 -239 633 -317 -20 276 -272 831 -399 -193 255 -891 -272 -515 92 -750 787 -62 -111 641 -186 1340 -928 424 617 -715 -268 -433 -1204 -7 137 -976 -422 478 79 -86 -172 227 -297 -907 -738 -174 -90 -1301 597 650 -280 -914 426 722 -114 1238 -614 -114 222 -1206 -434 121 347 -567 1067 1569 215 1457 822 -70 396 -148 927 9 441 655 695 -408 -926 -201 55 -413 937 -413 -824 438 -119 -474 35 471 -28 109 812 1097 311 -46 1118 -851 772 240 -266 206 13 -284 162 415 228 -346 1061 705 -1229 -227 -165 -71 180 269 -69 828 484 -609 1016 -285 284 298 318 -1079 -228 656 1174 444 -801 292 -38 -863 89 971 499 -761 557 -563 -176 -379 -825 761 396 561 110 -1034 -318 -669 -205 1170 -501 -454 11 -591 343 -70 31 -444 325 205 -257 1050 771 589 1217 -386 602 780 -780 -715 897 -441 -219 416 781 72 -68 190 256 125 -135 769 -805 1405 483 556 -337 154 -282 51 -323 147 -631 1300 77 574 -292 -1225 173 -167 -363 -941 -88 975 -241 -525 281 -397 -122 -164 -7 815 -469 467 -439 436 -310 -443 -119 26 201 759 51 752 26 160 -585 -256 431 174 -29 168 114 1126 981 -61 1066 253 997 -360 366 185 -123 -941 -883 891 -551 275 -112 -302 -470 -115 187 1 -395 182 -484 -441 -142 -10 238 -290 -251 -178 90 -691 196 -410 -200 -1021 -556 -711 -90 414 321 830 730 -1144 -447 836 -1138 344 -266 -296 830 114 258 -213 626 565 2065 -762 -211 -172 -942 -137 120 -411 -292 779 -244 462 -374 413 -426 645 -372 -272 -1 856 -539 770 482 442 -142 1041 803 811 -308 29 178 -736 -374 -184 496 -306 -404
486 916 228 -154 -369 -171 -95 883 -586 -422 -51 -282 -32 -205 -573 697 -271 112 440 -406 537 202 468 -618 1031 242 433 22 -273 393 -516 -906 494 -54 -1064 -226 -1482 258 -457 -211 -284 -103 58 -143 -38 -924 154 -883 144 -488 478 -280 631 -1017 1687 -5 -292 -204 -122 735 -972 744 550 764 -1306 -300 272 -587 19 -577 -1269 461 -380 460 729 733 -1069 751 -235 -97 101 -185 -285 -436 -14 446 368 -258 258 -1064 1026 140 -224 190 743 600 -1215 57 315 -582 -186 381 315 -498 1007 221 766 -1590 -89 243 -625 -718 -57 -245 651 -732 -164 -95 -407 -552 422 -302 -99 1148 -329 71 -455 489 -198 327 247 16 -146 973 377 726 -1423 -46 871 1186 -694 -712 894 1102 -732 726 1048 358 -257 -163 829 -566 99 804 546 -828 -239 -99 -879 251 272 -189 422 -246 -180 492 617 -827 460 601 0 983 1359 -167 -1406 501 543 53 -269 60 1348 -512 118 -1443 -140 956 -297 121 172 836 -282 133 -417 -290 -326 -765 310 377 1128 -410 212 478 850 362 -745 601 -366 -86 263 -594 464 -1536 -975 -407 -58 84 386 568 -298 1414 -283 -732 1339 1675 -635 -86 -35 -271 -429 307 308 -727 432 -1209 84 -161 -365 306 -701 -190 143 -239 671 -198 93 -592 607 -147 847 1093 183 1129 -3 583 1699 -241 -215 330 159 -354 716 -288 632 884 533 -23 735 625 845 1294 37 818 492 656 -511 -1691 -84 76 -606 -255 -436 808 -617 -83 470 -181 -570 -1555 -499 255 400 -1033 341 -917 290 630 -86 1423 276 -789 -47 -239 131 -297 -360 -280 75 574 250 -100 -1081 -142 -639 -427 275 239 -105 -134 -161 400 -773 620 493 348 -1514 303 -1033 21 339 -112 -274 668 168 -264 517 41 868 -435 317 375 -353 504 43 -316 -649 234 -122 587 91 9 -558 -903 -167 374 272 -567 237 169 -237 1377 42 -641 776 -4 -150 -243 443 401 -92 -510 1026 167 -215 316 -1029 -596 21 373 270 1325 246 -112 -872 -323 -273 -228 1018 -297 886 -1387 20 -365 81 -994 -172 -62 1341 -430 228 462
-169 52 -436 -298 -1109 534 57 -1125 -440 -205 -288 -464 -712 652 -342 -166 -509 -18 -1215 242 -15 -500 54 201 145 98 823 -1348 -1404 -46 -282 -513 498 -403 111 281 1307 -232 -326 83 895 -116 -93 287 487 365 601 -271 -487 -660 342 -208 -1271 -93 628 -434 83 672 185 408 -206 -657 -431 1051 -67 -335 753 208 -799 650 -806 279 -153 -983 -1082 1099 -1061 -196 202 -71 899 -463 566 -432 823 563 -852 889 265 819 74 -442 -125 -569 -890 306 -115 -352 -827 -139 262 787 -410 -1150 231 153 215 -723 -345 1024 382 271 289 1625 -783 381 -894 -1045 -841 215 -850 335 -34 152 -1222 -172 -302 189 85 -44 -196 430 81 -257 -110 -401 -1746 509 430 -1181 -253 33 -49 -28 -857 943 -241 -143 -493 523 491 11 -532 800 -460 311 132 -84 784 -173 -185 430 -236 -384 -157 -294 298 368 94 -261 777 -179 -629 149 942 408 -1132 496 -1073 -956 -296 -846 116 -370 -588 -598 182 -733 313 -118 -231 -941 -1146 -632 -855 464 286 -448 999 -1536 -387 -322 -1994 108 -83 -876 240 206 747 1103 110 379 603 -388 -246 -531 393 432 -97 61 245 520 45 -273 -705 76 362 -375 -318 -172 -435 607 128 327 -803 311 162 3 525 -360 26 -471 125 909 81 -243 661 -315 194 -338 -140 -651 353 158 179 -352 475 -184 32 737 -451 181 147 -179 11 631 -348 -242 722 -276 -194 994 -57 -852 445 119 301 625 -306 -1377 386 -76 276 -680 206 355 1094 700 388 -298 -893 -526 -8 146 -425 1101 -904 544 39 -80 148 -904 427 689 -522 65 441 -805 302 41 489 601 -619 -286 990 -195 39 2 -723 226 -384 741 -274 -55 -1421 -643 -211 519 317 495 -739 -27 -369 255 1120 80 853 389 741 58 332 -58 389 -1101 -70 -405 -45 870 -775 400 39 260 244 -172 -81 -290 -89 -783 -629 402 -1153 371 -243 229 430 -346 -1062 96 680 388 111 -137 -360 1358 -1111 216 -715 -46 -821 255 844 494 -75 31 453 680 -411 -931 -513 395 -78 -885 920 1084 -87 453 135 542 367 506
230 1070 -798 489 -68 840 -478 384 -1960 33 -673 243 584 -177 202 -112 -1052 -338 1283 -1044 -764 326 -1054 -881 270 79 476 -257 448 -169 -292 -128 -55 -307 -1285 498 -2354 471 212 333 225 -461 -190 -295 257 141 -1330 510 88 52 550 805 370 -72 258 567 -735 265 859 728 -137 1141 553 -97 -480 873 486 -229 -675 203 -2179 -1003 703 879 -1022 -189 -672 -358 123 -447 -604 177 -1564 551 242 -316 963 -366 465 1493 -356 -116 157 263 -15 -573 -492 -514 -445 401 -908 -896 677 -192 -49 801 807 -61 -745 -190 -645 8 732 -247 -119 -140 594 -853 12 254 -380 -338 218 1506 -1133 223 -70 1042 -1537 664 189 -65 -445 1057 -66 1505 -439 150 -315 -568 1643 1074 352 1096 355 813 1057 -261 -910 -258 -417 387 1082 399 526 -432 -253 -15 277 510 -97 540 564 509 100 284 -367 -631 497 -175 -123 -1262 -482 381 346 -297 718 -897 423 950 -17 850 -209 -731 75 -327 821 38 -684 28 -1241 -54 248 -1114 -585 -495 -132 201 523 -14 203 -88 -271 -310 -732 325 217 98 138 -1 322 -1262 459 412 -569 236 -1459 12 277 -509 101 -434 -155 -368 -314 513 -429 -1790 -389 -206 -609 -59 -141 1109 -123 -707 365 89 -281 -1138 -356 -198 -498 725 617 -479 487 -71 534 -22 350 995 -1252 387 545 912 547 -258 -547 881 315 -263 391 -572 -683 -624 761 -701 726 -860 -710 -277 1225 -100 -156 -693 -479 -1123 444 -116 518 182 -158 -92 590 468 720 -512 889 -655 -354 458 659 -680 208 -979 -283 -164 -83 55 -1070 513 787 -220 -623 642 -396 249 -399 979 32 449 413 114 -843 -352 -683 -68 76 200 353 -23 -158 -730 225 -209 -43 -127 -454 -120 433 -479 -1352 797 -189 -210 -170 -510 457 55 -52 687 225 28 846 824 -89 153 -340 717 -581 -439 1374 319 98 -1293 -456 283 -320 1332 -153 355 -785 -616 380 -110 305 -627 -729 -149 592 491 556 493 809 -312 648 -29 1027 615 793 -355 -650 -885 -606 414 135 -509 518 -152 -258 -182 -575 412 600 488 1024 580 736 904
196 -1666 -375 -244 59 93 -222 -927 -434 -387 393 -20 645 643 757 -552 -1534 -115 282 -310 285 -516 -453 378 363 244 357 -366 -656 337 -395 130 182 767 -261 1570 -211 582 -912 136 63 328 232 120 48 -357 170 -25 861 495 -202 -99 1437 -722 126 -10 678 -355 1113 633 -281 144 -669 140 -1354 297 -74 374 422 300 637 -571 -720 -384 -66 -910 -720 -1160 282 -658 -631 -518 16 -991 -110 -531 516 -242 -1302 336 163 962 58 -4 595 819 -105 -5 -83 -119 844 280 1079 -785 -663 569 -677 566 -453 406 1107 -733 1071 800 -1194 -495 239 797 -67 127 366 -59 -1002 -129 221 276 1090 69 417 345 920 -33 -1179 -156 124 -656 -696 693 -439 -26 -456 445 468 567 275 159 -373 61 420 -304 1389 124 -815 -364 -61 556 -34 272 -677 -752 -31 -488 -219 -868 765 -176 767 115 -687 -1381 95 -18 -559 -306 -547 -55 510 635 -717 561 249 214 -244 629 209 -185 427 36 -234 501 159 -632 360 168 -30 283 456 629 455 -725 -125 600 -334 275 507 -1350 -1013 393 -982 87 127 199 1689 443 -356 -160 340 332 -362 -1231 -39 -410 -267 -353 -241 -125 211 174 140 30 187 -1254 536 -581 183 829 -66 -1308 -1160 -478 -115 446 331 -328 -44 237 401 575 -16 192 -680 -466 -49 1039 -191 -4 -362 -298 -514 196 676 -673 -484 669 -538 -1309 -332 122 -648 -120 171 879 834 157 261 -234 1470 -271 539 244 -39 616 213 -623 165 360 902 -133 743 -504 -13 280 760 380 396 544 -700 -596 -733 65 -703 610 -1459 -767 286 826 774 -18 -710 454 438 479 -1085 369 -119 -879 68 -199 522 -319 732 679 -95 -662 580 -217 -515 237 1275 199 182 -437 -47 81 103 259 -308 -589 324 -89 794 -618 580 190 -918 -286 -543 -414 -34 -826 451 808 -390 -181 -410 -926 39 -982 601 -150 589 -406 -1149 777 314 257 821 -967 198 330 472 -779 359 -299 1245 100 42 479 469 -104 -16 -722 16 845 818 910 51 14 -247 -151 330 -116 -237 1916 1547 39 -5 -651 -279 -214
818 773 33 594 -200 641 -687 -189 -455 750 1003 73 598 831 686 -236 -732 -958 -368 -1204 729 567 -853 -140 675 -91 -247 -569 -808 -1043 -636 -860 426 980 -290 -497 10 -1635 -499 -740 93 974 89 -37 -459 1001 -365 -476 1325 -955 -98 -177 -763 -328 -837 139 148 409 737 172 182 24 -288 -635 -1019 665 -216 285 -418 -277 507 -1050 -183 170 666 -20 1434 -726 -181 -203 -423 1 -423 833 277 -66 572 1138 -103 191 608 -888 601 51 -875 -172 248 90 285 905 -484 129 599 -534 -284 -307 -3 429 778 -482 402 1167 -471 212 173 119 65 824 -33 -70 31 -202 842 -1242 -520 -631 -525 430 8 -786 -288 799 -305 -114 59 -228 1363 88 -115 997 -828 402 1350 -499 -454 1341 -1184 -63 82 -183 -88 -507 601 137 518 2 95 977 -311 540 -253 -106 -991 117 967 235 562 103 -389 568 -1016 -530 -372 -702 -1386 1120 -426 -179 749 314 640 -1990 382 620 236 -564 361 -664 834 -629 1346 -660 -128 -341 -641 -249 -489 401 -698 992 -445 917 831 -913 230 727 404 -286 548 -720 541 -387 274 -894 588 -325 -1110 -445 666 117 -1299 -305 461 -341 -1135 357 -302 1244 755 -663 776 -866 471 202 881 315 252 461 -29 -689 -231 -204 -74 -170 -337 6 701 -1179 -655 336 -196 1495 -248 -277 600 -404 -278 -1236 1402 -1096 -232 241 -789 -1082 137 -12 -655 120 -435 360 -588 399 -500 -415 -1441 178 -81 165 -115 662 -1206 -758 -316 -170 -268 -829 -328 1079 -154 163 191 -1057 -386 1355 778 158 -648 222 661 298 766 434 -58 592 946 302 390 785 -132 533 -304 -527 51 361 87 716 372 -555 -578 1122 -176 734 185 425 -152 940 393 -256 729 -295 185 313 -23 -461 -120 -918 -551 -353 -40 770 -332 -15 -133 868 -488 650 686 -294 1121 536 1033 28 -1 235 -169 436 -560 460 -144 -704 169 -489 -327 -209 -111 -1040 -258 707 1203 194 509 118 -509 -883 724 152 -883 69 150 -298 1436 -703 -1609 -833 357 274 -123 -725 -158 310 -484 464 -1208 675 571 186 159 273 -1908 -317
494 807 -217 -63 -128 829 -802 -366 -751 -835 -126 741 -130 -699 -197 -627 -644 -121 1319 -738 -44 -1150 1333 1121 -108 172 251 -382 -60 43 -667 15 667 -42 -64 -251 210 -201 -636 -569 -332 -545 -477 257 -261 -12 -671 -184 466 -711 -557 682 -829 1237 301 269 -749 939 915 299 -494 -340 -36 -751 -198 -263 -598 -132 537 29 615 625 -69 -368 -587 -76 -368 22 -778 -46 985 254 710 620 451 -278 1137 346 -715 410 592 -62 -508 518 627 -293 394 -160 -510 -587 566 3 -20 -208 714 454 38 1233 -530 263 -87 -302 -372 -535 473 852 -143 -901 193 -23 548 61 572 581 252 226 -297 1188 496 131 776 448 81 -48 486 805 -1147 -185 -276 -772 812 -477 -300 -631 -992 6 909 844 -298 -434 -35 -98 -1126 477 159 -151 137 -162 532 311 373 -201 -283 -516 183 427 454 506 -236 -392 -215 -50 -740 -164 -958 323 352 -604 41 617 -522 333 259 144 -672 -266 854 -726 367 622 63 757 -628 -792 -236 650 506 247 -823 410 242 274 -1036 926 273 -529 -220 514 1387 -1319 -1028 -448 -178 -472 94 85 -171 -285 703 242 7 703 -102 -232 -220 -4 -872 -1139 352 -334 237 596 -479 125 435 139 -770 1328 -1716 -72 448 710 1182 192 439 244 -1255 254 -247 -169 -972 720 413 -44 -174 544 268 -641 -455 -179 837 -453 -75 49 590 -887 -366 -141 709 -446 -875 -142 -973 235 -1520 -722 -288 541 125 193 526 -13 88 318 -202 -855 663 -219 301 -686 393 178 353 -508 -580 686 -333 513 -22 329 184 94 -94 1051 370 -451 425 420 -1084 264 890 -119 635 -198 609 310 -148 595 -78 -762 342 726 18 -220 -228 807 497 -261 817 1627 -393 -30 -484 165 -736 226 1475 -497 -73 -218 13 877 -731 -797 -936 -1358 323 -765 -480 -122 68 -612 924 746 1988 381 -193 759 966 -84 229 -575 490 326 750 -240 -330 -105 -1326 530 399 918 501 -50 -801 311 -130 31 440 143 -239 -1000 -37 41 22 -1128 -103 -278 -717 193 1012 31 -86 291 -97 717 -549 -481 -26 601
-1343 -144 910 -275 -913 -830 150 -428 115 -592 1084 381 918 221 533 438 480 1390 247 126 -1889 -480 -989 -537 -773 -836 758 -265 149 89 -155 251 -1025 129 672 94 -147 -185 542 214 -241 460 9 302 644 -117 -415 81 -34 -545 -531 634 233 -936 254 -616 503 -337 126 30 -531 -219 738 -62 -196 -369 -436 -68 -267 -820 -96 -444 700 -408 5 -503 -664 -330 -228 -1146 40 -935 -345 481 296 771 30 -268 -140 207 -307 -703 -117 139 -215 295 -1020 -607 338 -748 825 -68 -1491 176 434 -138 722 -163 -1229 376 541 -911 36 171 703 -770 -174 500 -528 441 369 711 -268 -972 -646 83 -951 -186 -20 -85 1667 151 -314 547 15 508 -1577 306 1136 -534 -1049 -322 -501 -1682 -86 -303 -553 -126 30 -494 -517 -4 -1430 600 593 -360 467 -142 794 -400 -2119 39 360 -298 -743 121 -102 906 -5 21 -867 779 -741 171 -878 -214 -289 136 -602 -370 149 336 534 1184 -247 252 529 241 -616 -146 136 852 158 -381 163 -209 -137 543 577 -264 -322 -303 -715 235 684 723 205 -421 189 -265 -358 -526 117 135 -269 -176 -96 697 426 65 -631 -815 -365 771 -53 -267 -552 449 -24 179 -284 -640 -453 -391 77 1191 146 -124 911 -42 -82 2 43 758 -194 -437 -162 85 -201 414 770 -758 -359 -249 708 -723 20 -586 832 390 -149 713 447 -542 513 55 468 766 1353 156 -854 658 -302 -450 -1197 -1400 721 189 229 -180 -346 -402 560 -658 472 742 -1842 700 -337 1184 352 204 516 -450 -207 319 424 -744 -438 731 493 -659 66 2 -217 397 595 -224 -27 -102 584 220 787 -693 -696 -531 1103 -6 196 520 -348 694 40 -690 -491 -81 216 326 216 1052 -929 -683 -133 690 398 82 1268 436 -50 737 30 313 -51 -278 116 31 124 -223 -340 352 457 -366 -224 670 -372 -414 -758 442 560 221 533 -128 697 50 242 -203 -320 -592 278 -366 185 348 -76 89 729 -1124 -1164 1096 -284 -701 212 163 -484 250 -332 429 -1381 -429 118 3 -41 437 704 310 1149 -354 -241 1020 -281 -246
-227 308 15 -225 668 1029 -288 -192 34 -945 20 472 238 1508 481 844 1340 729 672 -63 -331 -424 177 -161 -311 398 1387 232 -605 -1062 -1495 -475 -37 -1051 78 267 279 -433 659 -703 24 134 -468 -74 -700 -2297 -15 -458 729 -97 216 -323 171 -505 206 -580 98 314 -850 234 254 338 757 -171 -462 -398 -1328 -629 -242 547 234 -1086 -101 -11 -364 995 192 401 285 520 -796 -379 -18 736 -588 -373 -672 291 -487 590 966 500 500 -730 123 760 -1014 -1382 374 318 129 -453 -302 -179 289 -219 409 -653 90 -416 60 -491 -95 -578 509 -687 635 -128 1305 531 1057 -776 220 -253 -248 219 -33 -348 692 279 833 561 -1111 521 400 -329 -497 219 828 1096 97 485 -81 -303 -23 680 170 17 -10 898 700 363 207 -119 -49 565 -158 -490 164 -20 -1414 -180 594 328 -86 73 -200 -296 -931 611 -827 -295 124 481 -649 480 -505 451 428 -500 1168 -319 662 443 666 134 -216 938 251 -5 -1136 -100 -1233 24 -263 338 -217 364 640 -261 -1072 -429 -847 27 280 116 -252 -92 -15 -254 422 -920 114 146 305 212 -723 323 547 371 810 -135 217 -79 -160 -364 -166 442 185 -832 -811 80 -707 -495 511 284 793 271 -573 -702 1410 1215 63 20 104 321 344 -595 191 870 914 133 -269 1285 1140 -347 90 -343 1616 -180 -266 -241 717 -298 61 -1201 -704 358 985 763 111 -203 -1029 610 -747 -57 -337 -8 -51 491 -1232 -1184 -305 654 491 -528 -729 418 -676 -211 -86 398 -343 -254 234 207 104 721 -1025 54 -407 -454 -301 -308 145 -801 26 -58 -467 -397 1151 736 -741 457 -86 9 31 -1316 577 616 157 186 -1343 -326 -671 330 -479 185 -367 -827 69 -63 992 479 -221 5 -102 1389 -203 56 982 -878 -697 580 881 78 -321 454 -644 -802 -317 -175 -150 161 933 -19 423 1581 1020 604 585 -156 -535 472 110 -1042 226 1155 339 1135 478 420 -439 702 52 -202 -873 -671 104 166 -1157 -1058 -892 -391 -266 277 -242 -282 400 -497 657 156 -230 -1126 -276 644 934 792 -184 880
-196 756 59 491 466 -1522 -627 23 -479 224 -187 -281 -137 -240 -156 -154 -777 -662 -107 -1408 -18 -276 -296 156 92 773 107 286 -544 635 -479 413 759 442 -952 488 -238 482 16 245 674 -1280 210 519 606 1036 753 -1094 -284 -898 699 -787 7 600 -627 592 -458 -701 914 414 215 423 161 -649 -374 525 410 291 -525 259 1062 -763 -372 -350 650 -255 -34 -1186 -174 -1033 398 -306 -85 -680 -870 81 61 76 742 875 -32 107 289 -405 -476 819 654 398 -82 32 459 -405 200 205 687 -335 -1881 47 206 319 -627 917 1300 223 103 -32 547 -226 374 372 241 272 -99 -278 -89 453 -224 -159 391 -911 197 -896 -542 -606 -417 -289 190 365 254 -543 -528 -205 539 -256 208 331 678 -516 -982 -728 955 972 -157 -248 -293 39 347 730 -71 -220 -203 -193 -949 -790 -1098 -574 190 -221 598 -679 207 565 420 1765 130 -73 192 -217 156 582 94 -516 -133 -73 -318 479 1209 572 1173 -941 203 -172 -1207 347 453 875 -1151 1397 150 207 -311 -755 -193 -666 -137 -494 -372 78 -197 669 -200 454 -186 -243 120 -545 -205 842 -634 -354 -212 -170 476 209 617 -143 -239 -747 -375 1337 -346 131 -105 -1028 153 598 1199 -8 393 -81 -739 1081 -678 60 549 -903 -52 -725 1254 -229 -246 -603 833 -718 631 410 -1112 -20 529 139 1089 -176 823 580 622 -218 -966 768 -914 719 288 -1257 279 -193 -631 224 407 554 -54 -503 -1140 -172 -119 -714 -211 -808 255 -226 -835 934 -1224 -312 556 -389 400 300 -421 484 495 -376 -231 206 477 -757 979 145 747 184 -55 -320 -982 -77 -167 -424 -995 -498 45 543 50 314 -417 -96 -170 -225 603 148 -612 -439 -976 -950 -254 -381 -224 595 219 -1446 458 114 1028 397 547 -823 -401 -679 411 379 326 10 -879 630 -1198 755 184 304 -1203 314 99 -646 162 -224 -5 -1011 613 363 -636 -255 -329 296 517 98 547 142 -807 488 1194 -610 -86 -480 636 -977 116 472 111 810 -153 -20 607 201 1518 -492 -120 -1157 -1443 -80 57 1147 570 553 103 -44
-409 349 -670 526 139 286 329 -599 840 228 478 -497 -64 555 409 -28 -24 -366 210 261 1521 195 259 -124 538 -315 -486 656 -65 266 614 -238 -814 206 -446 1783 96 1029 -61 111 -305 -1157 7 -537 153 826 -408 -114 1126 -318 288 -991 406 659 -523 288 -543 692 201 44 -32 -201 -16 -1038 -479 -1362 -618 -731 -316 -431 -464 1359 -135 547 -53 35 365 292 59 -639 110 -492 551 -571 275 18 -342 -86 949 28 349 -496 -165 -405 581 -74 41 170 395 -636 1264 -361 795 139 -338 -231 -141 379 -719 153 690 -729 -938 1328 860 572 217 215 280 148 -807 -684 200 -50 -910 434 -299 933 583 270 -858 476 55 -210 -484 -344 190 -538 405 116 122 546 81 477 1106 639 -291 -666 338 585 165 994 822 -294 102 1392 -367 -743 1864 -517 229 889 -614 -171 -875 -307 611 757 -41 -73 -203 -341 -841 -277 -214 -237 225 -308 859 -176 108 -1016 -702 527 -916 -1396 -288 581 -401 -19 48 445 124 -873 -128 478 520 120 -76 -11 -635 127 271 973 837 -346 -921 -443 565 -25 24 516 -323 1014 293 -409 200 -784 486 -1125 289 -290 107 -272 -167 -1430 -700 -1025 -44 233 -314 511 914 242 -604 227 936 -413 331 562 -300 695 86 -345 743 243 -41 729 -300 794 -172 -505 -935 -99 -1037 349 -841 490 0 -178 -309 721 -1072 -144 188 376 118 174 299 98 470 -32 -289 114 -127 469 -138 156 -611 -395 -85 -1530 -78 223 726 -946 797 -891 -1259 -114 -218 -1101 281 115 330 22 508 -816 115 273 1081 377 -942 76 235 104 -1144 -1198 -250 369 -91 338 -326 -27 -369 -472 -1964 -573 -111 -488 223 -1450 -521 93 768 647 -886 -107 -1157 -606 100 172 -221 -959 336 728 671 -76 -888 20 -734 415 778 -294 440 676 -972 -490 164 -354 -147 1011 -180 -511 231 169 392 -166 629 -1323 438 302 774 -1123 -29 68 -117 772 -186 -70 92 131 559 715 1208 979 120 -218 -224 -875 -391 365 305 -91 272 329 703 -4 -783 582 -504 453 501 -87 430 -1249 516 -969 363 342
466 -526 -45 187 -948 -656 -567 894 194 -481 -284 -24 -158 1716 -87 1843 -117 -410 523 112 -10 -200 229 -582 429 1048 -222 341 -547 445 70 -211 411 -615 131 130 399 -683 170 394 -1211 208 257 -263 1001 831 -92 -309 -1000 1288 54 502 -14 -950 212 -48 225 269 657 255 -555 -40 -588 1629 -365 559 -54 850 195 23 530 -395 -552 718 159 -339 -1243 -888 399 -474 233 436 720 -158 -330 623 476 -396 -146 -388 -818 -769 -1201 -633 535 -453 299 -54 -633 419 214 -896 140 78 118 -266 -215 152 163 -460 -909 841 1069 -592 -525 -488 935 -342 -435 480 -627 -28 -540 731 601 260 1029 -547 -402 853 -35 177 361 179 755 42 99 279 409 -34 -923 -71 -475 849 -704 -167 -1152 166 -663 198 927 -474 1321 548 637 -591 745 479 395 -225 434 362 -404 -317 -577 -1857 945 -430 307 -535 41 351 -199 -1204 -367 -483 -194 394 -366 191 -695 -455 661 -242 523 1360 -313 -749 758 -1047 535 -565 -102 314 -252 -338 138 -310 -316 -221 1421 1578 -136 -165 -20 365 -252 -777 -700 676 -31 -1046 -352 437 426 -260 -424 -894 -102 539 816 382 -438 -863 -521 1010 458 102 584 98 -331 -394 718 107 364 1011 -452 632 1258 -433 364 728 -466 231 -818 527 1101 -349 167 241 985 -156 1208 -651 1306 -573 472 -349 -597 969 -564 39 -432 1254 900 -426 -359 822 -1532 -297 698 139 -506 -291 -1139 -635 42 -1639 2 -772 89 -411 795 454 -297 -848 780 63 -161 -206 470 -158 -164 164 834 297 -30 -767 745 -25 -356 132 -457 488 51 265 403 341 -107 16 56 -8 -525 1053 -978 581 -56 690 80 -189 639 395 -656 -801 -364 854 205 1127 242 423 -410 -971 334 394 511 1143 -329 293 -219 -58 -189 -252 -563 -561 -969 1282 14 33 732 545 168 -510 -690 -419 -947 -68 378 -542 955 483 -34 -267 196 16 -57 -645 193 697 1120 -528 -425 767 -52 -717 -288 -485 -393 495 979 296 -629 246 -966 413 651 371 -897 1046 363 -205 253 -626 290 808 61 49 -625 -355 41 338
-339 -191 68 569 552 1112 225 -380 -414 129 228 -656 508 208 84 31 272 369 -68 118 -146 152 -599 -986 787 332 -945 -226 -199 -221 -393 -435 -65 -236 -311 868 -911 27 -907 422 -614 -418 -343 -108 222 1246 1061 786 -563 -590 800 981 18 -728 -878 -241 431 1073 -253 -119 485 -97 -391 692 -818 -82 -179 -622 -151 935 -234 329 1008 -378 183 -240 -271 279 1244 438 -358 175 1086 513 -1185 -187 937 -26 32 -841 -245 -726 -296 925 -416 849 325 711 -106 252 -513 1272 -700 -33 -1165 59 -436 -275 -747 -255 895 -915 -894 -54 -447 1219 372 438 -507 -530 -187 -157 -750 467 -274 -884 -1398 103 615 -804 -18 -318 428 341 970 -345 -434 982 744 -1006 -47 -526 -349 746 -820 -155 -719 -214 -892 94 522 117 -84 -483 159 223 183 -183 -92 -130 65 -478 -77 499 1179 -367 -334 -345 -1058 722 -842 -331 -352 114 101 -907 -456 864 517 353 519 -398 837 306 651 1058 -365 -199 -292 -1459 388 368 -111 420 -816 1322 -1179 -905 -628 -353 214 -774 -852 571 136 335 -91 -1932 -349 563 -66 15 -1010 -119 726 -346 734 -337 437 -101 -377 -276 464 -110 128 184 747 -559 788 -551 -706 -114 -503 -313 -481 -898 -107 478 481 -475 -1158 279 -511 -430 -898 575 -16 -566 -194 -700 291 -953 -696 -428 -159 -75 889 -61 368 -177 -773 125 -226 404 1872 149 -1112 444 -357 196 820 425 678 421 5 -231 -497 796 45 -258 517 906 -591 241 -1258 -33 344 402 262 970 -915 -108 31 -204 265 -683 265 -24 1119 741 -154 772 262 -403 375 -177 -521 738 558 670 398 357 -1082 911 590 614 -317 383 50 -96 891 448 118 -1034 526 7 -236 -995 305 -216 611 -215 68 -772 324 284 -731 -727 710 -289 193 -654 -918 -300 -94 504 -486 389 3 -35 -446 -469 -925 -292 241 656 270 272 -242 -325 -4 -955 -687 59 -168 543 -177 -118 432 -1509 -190 -459 286 431 -118 -483 -509 -618 158 -535 -178 402 427 44 -464 -244 169 85 558 76 512 -6 -574 -599 -147 -205 257 -732 290 941
1012 -418 -739 -109 358 67 45 -133 -1006 245 291 876 398 -702 298 -482 929 -3 481 400 -274 319 691 909 224 426 1381 203 -6 -93 149 585 267 508 -189 -493 -256 -511 176 510 -309 426 303 829 -464 6 -504 569 537 456 -246 -661 1096 93 1149 -843 912 -735 -404 -242 351 -26 382 -1199 145 -583 499 -356 807 -147 -492 631 -76 173 -533 -245 -46 -319 151 45 635 -691 -560 360 457 190 -178 -583 355 57 -926 1288 -667 648 -1050 -75 -247 -252 109 -403 -244 605 152 1396 10 -403 386 53 -457 604 -333 -419 -900 22 -781 1104 862 446 467 224 435 387 481 857 153 168 63 -413 0 93 -176 843 -68 978 61 521 402 56 181 113 231 -738 -144 -266 -211 -625 335 -961 1038 -884 -133 -789 -1000 645 -139 124 341 139 25 1126 1109 -953 258 -187 482 -862 131 603 -341 54 -230 -10 -194 -80 -929 1427 -439 -186 321 -633 -327 -16 -1728 788 -135 725 -201 -54 284 -748 -537 -700 333 1410 286 -178 673 716 -260 65 -447 -238 623 -833 -451 -832 -114 -116 -896 -250 -143 -1014 -952 108 -1161 558 561 -823 223 263 -381 -373 -174 994 115 -202 212 -11 -479 1158 859 -512 -39 582 -104 -109 316 434 769 -143 260 -320 816 -14 545 0 -1041 -416 186 1106 127 -25 170 -774 366 -756 -593 445 1343 587 318 -502 -1021 1085 -757 -293 643 121 537 155 -73 -288 296 950 735 -566 271 -24 -1141 -201 632 -302 226 345 967 648 -61 -66 773 589 341 -52 174 592 -1445 12 846 1540 213 -989 -1092 441 293 -59 -383 534 -966 506 -1210 102 1084 -287 -373 243 673 -930 841 -475 -889 -839 -638 -474 -26 -44 -540 7 -434 -653 687 1437 -890 139 -171 159 -425 106 -427 -745 -76 -914 -1104 -70 112 141 227 -464 -363 421 1390 -478 571 -444 -361 -106 967 -252 -198 -144 -80 -314 -635 -1033 -302 -454 -115 -48 188 260 972 -23 570 421 -145 302 730 494 -357 -652 -65 -477 -518 1021 -1340 297 -152 -678 1588 525 -154 398 -367 585 444 48 -275 832 749 147 -612 593
509 848 -615 554 828 -434 -765 -265 215 -192 -69 -311 1103 409 192 92 470 -235 666 780 117 -7 -686 -261 1101 -344 -1686 85 -221 -1011 3 -495 -56 697 -1084 -191 183 503 165 -7 296 -127 313 84 -987 944 458 -268 -172 -288 -423 158 -449 -1187 545 -118 486 -266 -584 469 -311 -47 711 643 1466 -432 -285 471 1010 613 -2134 -193 1097 1497 -635 338 -683 -971 166 -1436 -584 391 286 577 541 -519 476 332 -184 476 450 -1648 275 -504 -700 292 -860 114 931 -1776 215 -628 995 756 572 -613 -35 491 -145 -128 -300 -200 -460 -177 173 -438 -137 -944 -6 -521 -221 -123 -311 1693 175 -515 -634 -1004 -471 14 -743 -382 -1369 -62 970 -789 262 423 -625 -14 868 -50 184 -82 -439 -386 419 -464 428 59 -596 -506 815 539 -330 814 -921 -260 170 -42 666 31 -338 -287 -866 -129 -625 -144 14 419 -725 324 -254 90 412 -101 -439 41 -518 -526 -451 -1510 432 -1090 -422 -149 -449 185 -329 -483 706 333 -994 -758 109 -36 -31 137 -421 547 -57 253 -821 816 -937 -133 430 -796 821 611 -927 -653 632 933 302 379 -56 -658 439 869 160 60 -761 -547 -1586 703 464 -290 -378 -678 -695 -722 -252 -611 225 40 1000 74 812 -137 622 -538 349 668 -331 -822 181 769 116 -826 595 -82 309 -678 130 -75 -130 580 145 80 -393 -338 -668 711 -185 562 -954 406 -360 -255 318 -91 644 1263 21 -332 52 23 552 53 207 116 260 574 123 277 -24 685 -609 -835 412 402 -1149 709 -112 -72 101 -1154 502 153 -873 -823 562 295 -114 836 73 906 997 91 -351 1234 -96 -602 17 717 294 -249 -914 -72 -282 297 -800 414 -592 640 -12 -420 182 67 356 288 450 -559 104 1433 781 -252 -1303 607 -430 -972 -636 1773 1224 207 512 1455 -1587 -372 734 8 471 310 -252 56 936 402 -68 270 -1714 -374 -1073 260 386 -322 -88 -145 457 -461 -305 -633 72 -734 522 -96 1134 274 127 565 -149 1254 -1570 561 282 -1073 1095 -61 -152 354 -120 214 -281 797 143 -11 -746 477 -122 192
-153 605 -79 -318 -43 -32 -721 410 839 -252 -1323 626 -976 731 -684 -96 -245 674 357 -186 861 186 -162 -245 553 377 317 -154 -568 193 1721 -474 -600 -577 1058 -1408 329 341 -198 509 628 -921 -202 -1251 -17 -553 -1612 653 245 -264 1182 177 -666 -28 12 1213 534 -267 1194 324 1576 734 32 414 64 372 -902 -3 -546 427 917 -412 173 -188 -288 -207 -545 273 91 326 -937 -232 -1241 227 -883 -164 83 189 -328 298 886 -144 -187 650 -207 -653 324 207 1540 856 154 457 -672 -465 362 -724 -514 945 515 -579 -528 306 -294 -163 150 -343 385 -461 881 189 46 438 138 162 703 -194 -145 -378 406 1052 113 -564 257 -307 80 654 -76 176 780 162 -178 108 -577 -410 1237 -434 466 -349 2 895 635 482 128 75 -386 -536 -204 -518 -899 -427 -433 442 327 350 27 -305 365 62 -408 -450 -86 -256 303 800 61 -157 149 -601 120 -492 -192 371 -655 -837 94 -991 -410 -1037 -3 112 -9 122 1389 -22 637 -55 99 -1354 -1177 -895 -1281 -880 67 930 921 288 -127 776 176 -665 70 758 905 -1 -104 -712 234 687 1512 11 87 -527 -62 -685 -187 2 -272 94 -129 -574 -1102 143 -679 -705 99 -101 556 -1046 -350 24 -50 958 -262 -141 267 1213 -150 -670 -1065 82 -125 -717 -1001 -179 -693 -61 -458 -655 1029 650 -435 183 413 -501 443 -283 6 274 762 606 -104 377 928 1126 -291 -171 392 -368 -863 -577 -282 488 204 48 1021 -358 -117 237 536 287 -877 -45 -420 482 -383 435 718 800 -269 297 336 -609 -329 -519 -195 -416 -538 466 -1017 -453 -755 -128 795 270 -1 144 -3 9 750 262 -369 432 298 -551 295 3 977 -297 -305 -817 95 284 -132 764 -657 -688 1201 476 -379 -128 -207 1117 604 913 406 1062 -344 592 241 398 -1396 940 -268 -303 515 982 -605 67 -1353 -684 271 743 517 -260 1090 -161 363 -163 -359 418 -1094 -1255 -484 -62 300 443 -442 -148 1167 466 -409 934 239 932 -832 57 -66 -295 561 -140 293 387 436 157 -300 -43 -621 -411 -238 309
12 644 448 -1015 667 369 -6 -801 352 -147 -1025 522 42 -877 22 -710 857 338 145 301 -1441 268 -211 907 621 -52 500 -946 -66 900 314 1309 284 -805 -332 717 1400 17 -478 -434 682 -878 -1047 244 552 -183 633 1307 -653 -361 309 -452 -335 793 -705 -698 598 -211 68 -938 1415 -476 260 939 899 -946 -942 864 -7 -345 800 99 964 -863 -441 650 -433 721 -96 513 -922 381 -91 -1051 315 853 -124 1742 612 1037 311 -595 -55 1980 -350 465 211 -619 -436 929 234 -717 -600 -375 -703 22 -310 120 571 469 373 151 153 292 -240 487 -171 -37 399 29 643 -188 122 -496 -127 -55 132 -689 565 -93 399 -697 550 -998 467 -983 -416 41 -684 241 -574 -313 -981 -471 1309 393 935 -145 -1127 -217 -47 302 -944 -78 -70 -616 348 -232 1183 -209 -1481 -911 399 -543 -1187 -29 -1912 -263 -916 -494 -680 778 876 9 208 -120 -287 -126 -654 -3 -144 -115 -568 -193 -1010 -717 -876 793 -47 -962 520 -504 -139 128 1245 -319 -88 904 -585 808 914 31 94 1041 336 860 1809 -44 -552 -282 -87 394 -181 -542 -560 -303 278 -138 -343 464 -180 -304 301 -477 319 0 219 1344 -102 533 -244 -36 -830 -361 -269 44 -588 -556 -107 -245 -1277 -716 364 467 -241 -452 -901 -298 415 -180 -173 -1835 498 -96 -845 -579 -325 840 18 -394 -78 -322 -835 1056 221 264 351 705 -514 357 304 -459 -645 519 -331 41 40 579 12 654 -884 1425 -181 122 -73 -687 -1092 632 -132 279 762 -14 375 -382 227 515 -201 1213 -788 -366 -213 415 306 -561 -439 -49 -774 719 -245 -138 -1036 -904 250 -647 501 432 -1016 176 88 595 -638 -22 617 -360 482 -702 522 418 76 -653 -8 823 768 -171 -8 644 1480 -365 650 951 100 408 -412 265 -897 -644 -577 -43 -1331 478 1269 2065 811 -713 -975 789 -1139 -926 6 -1599 -237 376 -771 -497 222 575 -389 420 -25 -564 -824 662 522 369 130 -1014 -786 1046 -462 -540 433 478 706 1216 839 -133 -1172 -549 88 -468 -816 420 335 -587 -1086 -532 -1096 -230 304 263
-447 -442 18 19 4 800 212 93 84 1248 -138 692 723 -723 91 -1038 -183 1376 123 699 411 677 -518 -121 -289 -846 -327 438 801 106 -818 459 1131 -253 110 607 1015 933 -313 204 -451 509 13 -192 434 1260 -739 733 -427 -18 45 69 619 23 162 -816 27 -702 435 239 -82 746 233 -424 355 -156 287 181 -582 -346 536 723 -510 -269 -611 -1063 7 -415 412 -417 -523 819 181 -894 -419 275 656 160 -93 135 -518 297 1025 40 -439 -75 338 -626 19 -341 -267 712 -286 579 -56 643 -708 121 -595 327 872 565 -79 -361 -928 -101 -261 -558 -62 579 -274 135 -469 462 526 -312 -1017 505 72 -593 -454 220 1543 -851 -786 132 -213 968 274 -825 -567 484 -90 544 -245 1314 368 -681 557 -480 540 515 -63 -108 253 246 -275 -72 -422 -10 -210 -203 -835 579 -319 -439 -402 -122 -1465 -880 155 -290 396 172 8 397 8 -88 -221 138 -260 851 -783 -1546 949 -358 135 -359 -644 -182 422 38 178 -19 -144 477 490 -228 -860 578 -115 662 -1090 171 1091 -1401 124 313 558 -544 -978 758 1018 -136 -201 -621 -854 -166 248 118 -445 1149 -493 -1179 -161 137 283 -175 545 199 493 533 -298 81 292 598 -71 -268 228 -575 -286 -180 -219 247 79 468 -610 351 -752 299 0 -350 -230 -724 -969 560 -547 265 8 -154 -293 -814 -1144 313 922 587 593 -338 -286 -602 -1294 -891 -325 -492 -460 -348 29 -140 11 -865 1272 -398 165 13 -284 -819 1157 -715 470 334 -268 176 -371 -540 -317 -1007 -779 -426 2096 221 386 -835 -532 -444 904 687 440 611 -82 -475 690 395 381 510 -212 358 -83 780 -1038 125 98 -951 726 -81 574 -37 -117 1005 807 -80 143 -428 -399 -666 -173 384 276 -744 -411 -162 894 -280 731 -410 331 297 127 524 -334 66 -80 -17 -8 -229 -339 797 152 -679 485 400 -81 235 -943 -947 -565 413 549 1016 1054 -312 360 669 -370 -233 -1283 138 1045 -630 602 462 437 468 718 -428 -576 362 -621 11 229 -642 -365 -659 7 321 -513 -1060 173 194 -714 -685
-653 362 -1049 820 -38 -752 -284 -535 -708 -342 -6 -293 -490 -449 644 -193 -102 62 -198 -712 969 177 -422 906 -167 -478 378 -396 -506 -598 -343 1361 -679 -93 741 -492 -43 -103 535 988 251 168 987 327 -784 -592 815 247 576 6 -197 929 -1312 -726 600 225 814 -214 324 -357 1604 -131 -486 -684 -1434 519 173 -333 44 754 645 83 335 340 647 -169 21 950 679 1332 -154 -217 -1558 -455 -951 -277 19 -794 141 287 691 15 597 223 854 1251 -264 -190 1470 1464 -438 192 -213 295 8 639 -488 -380 101 143 -653 -439 -564 111 -81 -957 -414 -355 553 -319 130 -592 582 -960 -155 65 590 -146 1331 654 -508 484 287 -574 -1226 799 960 -736 792 866 712 507 -957 -259 1021 -36 410 -931 -199 248 673 -571 -766 484 -761 809 692 -480 -403 625 153 635 483 -92 664 526 -839 1260 454 129 207 327 -145 -35 -150 -358 -1095 1041 -335 804 694 -171 -813 -60 378 700 -686 -168 -346 -543 -349 -229 -109 1268 431 -324 -1347 -599 -316 68 -816 -202 -11 220 996 638 -860 75 316 134 -251 392 -282 -783 -934 397 -527 -465 -1221 -434 -781 -508 -814 -138 -593 609 -1018 -105 -312 -701 1156 -432 278 101 154 -858 -406 328 -780 -497 183 -400 15 -902 -1066 457 -178 -345 -793 257 -403 481 -1063 -371 79 393 -413 -673 862 -722 -929 815 -495 -955 -507 -492 -181 -221 549 605 -104 474 -901 715 -593 770 1240 -89 -934 851 -166 -334 -1052 -419 135 655 -449 833 349 81 452 247 -69 -555 773 -1233 -359 669 -684 255 -246 75 -25 47 -40 20 -331 -412 -396 133 -53 878 -410 -480 -323 175 -328 -1258 629 -390 -400 474 -642 -204 192 196 192 -718 -77 101 638 1000 -268 -364 -327 -289 -474 191 -410 -489 -212 90 -437 742 -155 560 -144 620 -278 -423 972 236 -212 -813 13 1370 353 115 -110 -359 749 -179 333 186 -633 1105 497 740 182 300 -543 418 -133 -36 435 128 -630 -861 415 -264 1436 -354 -157 1143 153 665 1029 -926 -26 321 518 862 222 -261 -830 411 -46 -345 -829 -228
195 -366 -20 358 -2 606 391 -187 15 142 -788 -1609 733 -293 -408 -400 -878 -90 -960 313 -7 87 969 -189 406 1159 -98 417 -220 -203 -700 -968 -410 -585 -768 687 -1668 -32 410 250 -43 -301 1019 -73 240 144 -983 1129 30 251 882 573 49 520 -904 -828 243 -374 -773 312 -967 -520 173 227 -257 -544 238 657 -49 -243 788 -665 355 4 219 -180 850 333 364 1113 352 -659 -84 603 -420 824 -247 -827 -972 367 -169 698 5 -345 -600 -69 -215 -87 -387 695 -256 723 401 -1120 268 339 814 -23 -913 -232 -2 -397 -39 -1653 223 -84 790 265 -544 -848 -677 -592 596 1103 -1072 -168 -186 -464 -154 397 -129 -127 198 897 572 -435 157 -670 -27 -761 176 -1136 138 348 214 448 -450 -766 -37 800 -616 -877 414 -313 785 1014 -139 -709 -1257 -209 416 1 143 456 145 -6 1790 -343 -1459 867 -817 875 -666 -341 -175 960 785 -670 227 -200 -570 360 -90 -1491 -151 281 -301 -255 771 -244 1163 -119 289 -234 -413 449 99 -306 442 -418 -4 -648 419 81 318 856 -144 -435 -315 -182 1420 78 178 -651 -162 -373 -128 398 -196 148 224 345 -1248 61 421 117 134 -846 519 403 467 -1102 -134 -503 -434 1315 836 1006 946 -699 -330 628 -4 -486 410 -91 -277 -84 -418 361 -195 -365 568 338 219 437 -476 158 336 401 37 -832 269 -343 9 -120 -206 -147 410 584 -409 67 -524 459 -1524 -217 -724 -531 -340 13 469 -303 -320 322 -653 138 -916 -930 303 -270 -153 -1112 371 117 618 -354 125 390 -414 508 722 229 -460 311 -226 -236 1050 -650 -881 -813 -102 -888 149 -288 -394 -424 -182 -707 -4 -600 -312 -69 -450 357 184 -245 126 -399 -280 -814 -946 449 -287 991 348 155 363 -610 952 315 -779 1005 1142 134 -518 -156 -697 715 398 -15 -1335 -224 157 1299 287 783 39 -1379 606 -1108 644 634 1573 972 -1072 -1712 -77 250 5 -633 167 -78 -45 812 -142 738 241 -678 -862 430 166 -458 352 -244 225 -387 -206 -395 -194 -25 -241 654 186 40 -226 461 672 691 -682 375
965 -196 311 -35 359 852 -68 46 70 1508 416 -530 -281 540 -191 495 -457 -141 982 -68 128 -767 -227 48 553 535 294 -395 -521 -19 -609 -42 138 183 -69 -70 75 651 -1488 -4 6 457 94 73 1053 643 1479 96 -279 -524 -1268 116 -567 735 -4 584 143 -61 -1083 -387 -1199 -1021 480 777 992 276 -15 -593 637 337 -75 -704 677 311 -240 313 -690 -910 -345 -318 -647 738 705 -286 559 537 191 208 -683 515 -338 -256 -236 713 350 -962 -193 -568 70 -174 -23 99 318 448 -414 -280 221 597 -145 534 73 -232 -51 888 -211 -186 684 -255 223 1234 914 102 -356 376 830 425 -864 562 -715 -465 554 -952 474 185 639 713 -289 1404 -286 -847 -298 -1040 -78 -271 -1268 1220 569 -246 -168 -514 827 405 -60 570 264 -245 63 160 -549 -740 -962 -556 -1109 -267 -775 466 -105 161 -242 -1155 -386 -66 24 -184 -61 -1067 695 932 273 845 879 1022 -391 -22 -91 732 -145 426 547 -384 388 -832 -1243 967 220 459 12 633 499 -94 1015 1543 293 -234 -568 -714 -43 341 -416 326 1572 -402 -61 754 -902 -667 541 809 163 259 1083 -135 338 202 -327 -485 -1123 -946 292 676 695 1275 119 -274 4 575 444 -1058 855 487 -294 -186 138 -149 1086 -423 862 193 -692 -155 282 -1173 241 -495 1338 98 -801 -110 400 771 -655 -121 97 508 -176 -106 -87 193 907 -226 -677 -896 783 -94 997 46 -773 1976 552 -105 472 637 -933 510 415 1000 -332 200 -99 -824 -100 -421 -143 -295 -747 -908 107 -1137 29 126 565 -567 -125 191 338 239 -206 740 -478 -337 113 450 -192 1034 71 782 -7 681 27 235 -612 945 21 -259 -757 -62 -1151 130 61 -90 279 -686 730 -428 278 -107 -622 792 748 -219 628 10 -69 183 -1384 79 -250 -244 -256 -379 707 -881 -22 -306 -220 -1228 1 247 309 -226 -262 -75 570 -415 463 46 -897 295 -19 -411 -516 963 -1297 196 -924 154 1697 -168 62 -253 -522 55 426 213 -133 -519 -1007 -420 -525 438 -349 757 58 19 533 433 587 343 -475 168
150 173 400 -476 -417 -291 -501 1847 -161 -585 204 416 -573 -109 46 -36 1205 -103 583 571 -214 -873 246 88 331 -155 -475 264 412 -921 -345 447 281 880 -157 -998 209 184 -735 469 -202 21 322 -566 1304 -372 -92 -18 -516 -60 8 179 313 194 -1092 -219 -56 355 134 -223 -408 919 -158 994 -834 -294 -518 494 -617 -161 -603 348 -28 1274 -657 761 -179 844 571 -37 423 -67 314 778 -682 -181 350 322 -442 -940 381 -392 617 -385 902 283 -427 705 569 187 106 -119 -164 1111 -40 208 -982 -547 963 276 437 -723 -504 68 607 327 898 -850 63 -379 474 523 -560 -113 259 333 977 435 29 -469 -722 364 554 -61 -978 -872 -760 734 87 -10 -1203 229 36 401 -102 -497 -143 -1667 -750 -139 578 473 1168 196 100 22 1034 -155 -74 -327 778 482 -475 -796 -1098 117 100 -101 -551 -253 465 -1546 -331 -949 -567 -884 1251 -62 686 -114 -990 -1173 -448 544 8 604 109 1835 -473 4 865 644 229 -1599 470 939 -1178 588 729 -545 -1279 699 -186 133 -78 306 -802 71 -685 -852 -292 -410 579 -713 630 -151 -747 -65 -469 -98 -460 -41 -456 -484 91 1512 -105 -164 -312 -833 -928 -565 -106 332 959 1015 -117 1237 13 562 -42 954 -167 133 667 -375 -589 -80 -507 -65 720 -248 -724 -1325 -661 261 -424 -190 -1434 -529 904 -499 45 644 1084 -127 -211 651 -172 191 -55 820 -474 266 15 57 414 -215 -1425 -495 -123 389 462 29 -363 -359 1471 272 -482 -792 -335 -18 562 -857 57 343 -147 -98 -584 609 1176 -509 -151 798 -276 63 -27 1061 -792 -121 866 538 -703 1171 297 1144 -1964 -32 67 -545 508 -1104 -864 18 46 1143 -635 -759 -5 325 633 384 -1178 -688 521 639 988 -580 1268 366 146 -164 1069 -28 -578 296 -855 -635 -26 -801 -240 231 18 -738 569 -808 -524 79 1433 -669 878 -217 516 -408 -49 -98 -136 283 276 1015 -212 -183 462 -660 549 -280 -249 -624 -576 -270 457 -1287 -918 566 -60 381 -34 -873 -72 -163 -89 -495 287 -832 -1281 -1692 675 -880 729 1158
262 572 -775 -830 -1395 -214 87 -296 -305 371 216 677 -1363 533 -52 -149 402 332 -1222 200 -828 -167 -1310 -225 -706 419 813 934 -693 495 520 -476 -606 413 -1278 -59 41 -480 -1103 583 531 425 1082 542 834 147 672 -459 -251 -285 -186 108 9 -1401 -87 281 360 -177 -720 -555 -734 65 1065 1535 26 -25 -521 262 -85 -387 -670 -393 -990 -747 -376 133 450 -294 142 -168 570 598 -237 113 179 1199 -743 308 -802 -516 -331 -439 -357 -1063 437 -113 -784 -295 -1335 131 602 -321 690 -817 -169 416 -681 1370 553 736 440 315 354 -786 -485 -746 -101 258 132 187 339 29 -1348 -206 97 -217 853 648 637 -77 568 7 -205 520 -577 -195 -475 259 -447 1365 -1237 -8 -323 -82 201 -1162 874 -136 62 -1360 434 1012 405 1017 53 -869 142 -314 225 -146 -574 676 285 593 77 -640 147 487 -284 213 53 284 -348 274 -214 -242 -48 -640 26 -284 -760 -3 701 685 630 141 -1417 -644 -356 305 516 548 407 170 719 1055 -279 -473 -60 47 439 592 -895 258 -799 -1 -709 53 -1392 584 -554 -347 575 395 -748 -342 -113 182 -173 232 295 -589 -288 -742 23 502 -44 346 -4 981 234 623 289 1216 465 -1008 655 712 -450 528 54 78 -209 190 1002 -408 222 413 657 -907 -1223 -683 930 854 324 -10 -362 616 428 916 291 87 964 -48 600 802 -845 65 -1014 -48 -784 415 102 337 -606 -686 -654 298 1289 -504 333 -745 160 527 605 54 -1095 1205 1142 -76 465 867 -1769 -152 300 794 -1059 -171 -449 -189 -353 -166 82 36 649 222 -167 363 377 -527 666 105 -515 781 -637 -475 218 -203 -1069 1243 302 264 -523 -207 343 58 -13 181 -587 -499 -192 -1012 868 906 -1385 -374 1096 1000 -110 84 1483 45 -22 284 321 443 -716 125 -356 191 -495 -3 -731 31 -864 235 826 -279 -615 1023 -396 12 -153 409 -57 -49 -1295 -62 578 1324 1097 -457 -548 -531 696 -261 15 1073 -70 -394 -90 -352 -1149 -627 560 -246 -1026 1183 632 657 943 167 -105 239 47 366 -129 -1334 -37 976
-757 -420 119 -129 137 378 212 -959 533 241 1035 -259 219 -724 62 -496 198 -135 264 -1094 689 -417 -498 -305 193 76 606 -1096 -54 138 1096 513 -130 -163 -571 186 445 -143 -501 1472 621 -433 87 398 -351 257 272 1090 907 -557 87 116 -222 705 -1176 1632 302 226 -294 -363 258 156 -1179 454 -11 -114 321 -266 715 -735 289 -121 -752 -1453 1024 335 -462 1416 334 810 285 -185 65 657 -216 -253 374 -896 10 -294 580 720 860 335 464 -413 -442 915 103 367 778 53 585 -813 -313 363 -97 970 800 -407 -450 -200 422 493 57 170 -1233 527 -507 -535 350 -162 -43 -470 -210 279 322 174 -425 -351 -1030 85 436 -603 -313 7 -807 -605 460 420 -580 614 156 -507 -105 491 451 500 400 398 112 -976 -578 -132 -411 253 -369 -405 -237 302 549 -808 89 459 428 -882 125 -623 931 -233 761 -406 -201 443 596 -721 1039 -305 351 -1040 309 -136 -998 1006 105 677 335 537 -1012 426 -1042 -667 -77 1449 -482 -212 455 -97 -160 224 -848 -877 555 301 276 480 1168 432 -539 -678 737 -32 -72 280 -380 570 372 -88 471 -191 939 -272 326 -347 584 -991 207 244 -844 -40 -109 216 893 -20 -704 -345 224 175 -710 290 236 -387 163 429 489 616 830 229 -328 95 -124 550 -683 799 -752 -743 212 -1102 -886 -346 262 943 487 138 -230 -534 309 -440 371 475 89 651 646 645 -587 499 366 363 -543 338 -248 243 -130 -590 118 27 -926 -658 428 -964 -687 498 254 -359 -635 904 -346 171 713 107 -3 139 -207 -404 -758 218 377 817 -377 -830 1016 -56 -278 817 462 542 -401 -765 455 304 -477 16 679 -18 163 -327 -15 97 -365 -335 299 340 -1151 737 1026 259 104 246 118 354 627 125 459 -124 -488 -1623 149 -440 753 -841 97 223 629 -247 521 543 -543 405 260 560 66 69 -187 -606 380 -73 -57 -165 122 491 716 -496 852 234 -451 -169 -283 365 -347 -1054 163 -219 994 -97 -176 509 204 99 -403 -442 328 -244 -270 -624 108 84 -328 -280 132 -319
-6 -111 264 84 -292 -333 363 638 -49 407 -598 -81 -1291 797 562 -267 139 986 -552 625 35 -152 -932 -68 287 1095 -271 476 -452 -32 369 946 435 -133 625 -696 482 540 -685 175 683 273 658 -340 920 -426 1973 -778 -352 -400 -783 185 271 -157 187 955 -398 -190 224 -59 291 120 206 73 -239 278 -202 26 740 -268 278 675 324 -968 -628 -413 -1112 -621 -1198 -320 -615 344 293 1 579 99 437 -494 -26 706 -1044 2 -622 992 -66 -813 396 -11 -427 -628 979 -875 -1017 696 56 405 800 -487 -749 -247 2 -170 166 -609 -331 202 830 -762 571 -481 218 -741 738 699 325 -1420 306 -590 -95 476 711 -290 583 -422 151 1243 -881 200 -742 462 -450 334 -882 973 1737 -11 1018 -800 -189 -704 1437 -33 484 1117 -309 188 489 -38 -423 -477 -520 2206 56 -52 337 41 29 -235 -374 -1003 -420 182 33 825 -453 -239 153 1067 -1055 1267 222 583 322 945 525 1102 -24 -427 -147 -48 -315 -539 -660 -533 -218 652 -402 -598 765 -16 -124 767 -1127 1171 -1058 -393 240 -728 214 240 485 -151 -484 -708 792 -129 875 770 -374 -611 566 -127 -1337 -476 -172 -142 -155 -721 -570 -399 -706 143 -824 129 101 -4 64 -383 -356 256 259 -1573 -653 -392 501 -500 -586 -202 377 945 -102 -227 814 -475 563 -131 1399 61 183 18 -787 912 -672 -478 512 -181 -295 -430 720 -335 -344 120 600 -33 -796 -618 -465 280 -93 520 190 -452 40 -910 993 621 -377 1193 27 288 -427 478 394 376 876 236 -25 285 -16 -864 -176 -534 265 442 -491 182 329 620 395 603 -926 -1228 62 365 549 -1180 -152 439 350 212 839 -571 -863 -1097 -482 430 -116 73 250 1788 -613 -201 -464 993 -519 93 440 1292 327 841 -418 -645 -290 732 473 -589 584 919 -958 -673 -37 -713 -199 312 -937 305 49 947 -518 -334 208 -617 -226 411 419 817 -503 477 720 336 79 43 -319 422 629 -87 -355 -331 738 -41 66 215 -727 452 953 253 -228 -469 1745 324 649 327 480 1122 324 340 -100 -1246 805 225
-138 -404 393 170 -710 499 -934 882 519 -659 107 1687 649 -802 118 228 1287 -1003 1110 -981 1659 -1177 -264 304 536 961 -126 -594 -116 -953 -918 48 358 507 -397 -750 618 -667 637 -190 179 702 337 -1448 51 603 245 -330 674 -382 -197 -487 368 430 -37 -311 491 43 -442 1202 -315 -1306 -38 -1053 -699 -910 659 -575 36 -487 -336 475 298 236 115 -439 684 -111 333 711 -117 125 462 -509 269 -201 4 -199 560 22 1034 520 -759 -713 -234 384 -554 -148 244 -652 911 434 1045 1312 -349 225 71 262 -333 -112 189 -613 -2298 757 106 -26 856 798 -1129 -291 157 778 -421 441 241 -700 306 -171 1136 -74 370 -528 -538 -946 -66 166 417 -472 -744 599 13 -479 -481 -209 424 1175 5 874 975 -1162 394 -385 -902 132 902 195 335 740 327 -358 234 297 -875 596 642 -903 -552 -1036 189 10 -327 -735 -122 -295 677 -278 -846 -387 -505 966 -310 376 502 818 -100 473 -876 -575 742 454 -29 -670 -870 914 -917 -585 -936 -75 48 -743 1257 96 1475 -667 881 -822 113 814 -569 -709 594 -1722 -1168 -167 -743 199 558 -239 407 -726 1145 -398 462 1070 419 -805 -746 418 834 211 -181 309 -191 -23 -88 161 -127 8 44 -665 -216 288 448 -127 457 -397 680 -677 -322 730 -1335 1016 92 1381 176 -558 100 -288 295 -1092 765 -921 574 52 513 -223 -315 316 469 690 15 953 -350 622 691 20 -372 409 -449 68 163 -487 29 -1140 -292 -325 480 -916 520 -769 115 13 655 -124 -473 -379 -207 981 -141 40 -286 -549 709 415 377 60 -17 -543 418 555 457 1025 -232 141 -556 102 -218 403 -909 154 441 -523 -329 -318 -679 414 387 -304 -569 -647 1091 -520 -62 -934 536 -216 -133 -415 -595 -640 554 -128 -629 257 -644 22 -46 -648 873 163 -965 1335 244 607 67 1165 -748 -508 529 -424 1344 -332 407 -429 -519 950 -7 361 -48 -289 456 64 -41 -550 -406 -580 273 -1405 -141 937 941 263 -626 -410 -287 -212 -237 -74 88 -994 -1557 736 -525 -705 536 -48 -192 -14 -350 943
-1137 116 -604 64 -462 -395 927 -901 -969 -314 127 -1098 690 196 -719 -236 253 -260 -527 33 -715 399 208 -821 -310 -545 -836 -1002 1051 192 -1151 -186 -1031 222 1294 752 824 -1015 1255 -380 456 -323 -719 370 -872 938 1023 -73 9 212 -106 761 -298 876 436 -324 850 -292 -532 -522 358 -9 290 52 1051 -881 693 -111 -557 -875 348 -1118 -109 628 730 439 275 555 -386 -545 -257 1017 13 580 -223 537 97 -153 -520 1031 -241 -1156 19 -970 686 723 395 -690 -199 601 -223 776 1278 -292 -1534 -844 -130 126 169 -551 226 1087 52 206 874 225 119 1632 56 785 432 -761 -925 -869 -422 709 411 9 -603 -482 790 458 269 -384 25 537 -431 -1417 -42 505 -332 656 52 355 421 -64 362 566 -566 541 -523 -255 206 -9 -285 373 223 452 -48 -494 -1227 394 -1065 989 781 -151 361 1072 -305 439 -106 566 299 -202 -900 -1144 -575 435 -200 -407 -76 -157 234 1175 100 207 677 306 -114 -81 -939 -1364 -401 -436 324 737 884 545 1607 92 1023 -677 -934 -316 1522 1065 1558 -4 -847 865 64 -513 394 -426 416 329 152 -75 460 41 435 -430 -7 1626 -111 404 782 -13 197 650 -1276 -390 -767 -55 -233 915 -1187 -1144 937 -662 508 -3 349 -362 -478 -440 1148 1096 -16 -1313 1032 -245 -296 921 644 262 1212 425 -1474 -1443 -870 693 -135 144 177 910 1228 -424 377 -825 723 387 -80 -178 797 -159 232 246 11 -623 469 1205 265 104 -208 -551 -934 -217 -406 -55 -773 -1183 414 293 -250 -1375 474 108 -944 -214 652 496 68 -430 870 -381 989 -573 680 -627 948 -773 -536 -60 946 -1004 -280 -428 -363 25 679 544 743 152 663 -646 -554 1237 -384 -1004 -402 1821 -211 -808 19 277 164 837 207 996 -100 474 -710 567 -287 -128 -588 -811 -575 109 -337 421 43 -403 560 -348 -1390 588 828 358 291 -92 -195 465 -748 651 -73 369 -641 -117 970 -844 -798 105 -1718 -375 46 1388 -146 -290 53 75 -479 -451 -402 -790 -1138 557 -795 725 1003 -588 368 752 -27 -1030 6 166 -724 -273
671 1403 -31 328 478 -91 -618 -70 236 -179 -132 581 204 -534 -710 -847 124 937 472 784 -705 -373 274 214 -840 1024 -470 -226 -145 237 291 -927 457 595 287 -10 1278 -319 -548 697 151 -56 342 -124 1190 -627 -834 -266 -1016 -237 -449 270 1287 -778 -785 1213 -328 -441 257 827 -60 -1226 -640 188 869 780 183 858 -330 -157 -285 -792 89 -160 -793 -1177 -134 -640 -179 1056 17 54 -404 51 185 -500 -284 425 -338 58 -328 194 17 547 -743 -178 574 -734 -394 -683 559 -352 158 356 -342 167 -483 1186 -814 282 -295 66 -700 506 1033 -100 501 -15 662 -164 -993 94 -1172 -308 -668 365 -170 -559 -130 398 432 323 549 665 -339 -846 -1183 -563 706 -102 -378 146 563 -512 -796 -173 416 -1270 1381 -140 -907 293 -223 -160 535 774 -382 -570 51 525 -111 524 19 -928 -1139 623 -133 -588 167 -337 -265 809 -153 -386 93 556 589 -233 -583 744 -163 1133 259 432 -106 624 -530 -530 -75 -481 667 -294 -680 86 -293 97 900 234 420 -1871 281 -902 -857 1094 -421 1127 751 -703 -556 -401 -206 166 681 751 -616 -980 1172 -8 357 303 1427 281 -445 71 -707 -711 781 -31 166 -155 -136 102 1419 -121 1335 148 357 498 407 -239 433 113 -1179 715 -625 -591 -774 800 -780 -1063 402 -374 169 1 658 -1157 -104 -124 -544 -43 -839 130 737 -33 -283 -423 -75 -1226 568 498 247 136 358 164 171 1317 1227 435 1016 -71 118 -221 143 -1073 612 -791 377 508 -533 -32 585 -13 381 -625 -86 -31 345 -517 -526 -692 -148 40 -652 -331 240 -471 889 588 -1489 111 -709 -253 -15 -962 628 0 631 111 -319 812 -212 539 105 379 773 673 575 -343 -162 -376 -56 721 -113 667 -619 231 828 -380 -241 912 409 541 398 718 435 -53 -490 -72 459 -326 -98 514 -251 54 -415 -625 257 -269 -294 -794 -830 317 -1077 -144 402 837 205 623 142 -614 89 -254 -210 526 -554 679 340 -181 -600 -11 -598 -770 -56 356 -45 133 -660 -87 -216 -532 -881 115 -754 -100 46 452 -362 -371 -925 -434
350 -230 -426 28 -1735 -319 1017 12 282 -880 -241 -179 1148 -32 630 385 -622 -437 153 526 -500 393 1318 -127 -388 -621 -438 -471 32 1102 32 -663 811 -372 96 168 -134 -970 214 -1034 333 268 -34 -347 -642 771 589 211 -252 124 -661 -609 244 318 380 -1630 551 376 -141 -5 -775 -35 185 -144 938 405 49 -470 339 -262 -10 -47 519 -1167 -913 107 158 547 13 -680 -599 -48 -874 906 207 740 -301 -765 223 -457 737 -19 -85 -830 -16 959 -1038 -204 381 -93 222 -691 -1038 718 1329 1248 252 607 127 569 1070 852 94 -401 721 29 52 1283 -151 -24 -552 251 666 393 752 27 54 1047 -126 -608 1186 -207 831 1206 94 371 191 886 -1268 -188 1100 861 451 406 757 264 -265 533 1038 377 -298 -604 -482 335 -203 782 163 -364 610 311 -127 563 377 -834 -452 -215 830 83 -157 305 393 596 -31 799 1012 414 -286 602 836 92 -27 812 -193 -2157 1404 953 -1018 1113 724 233 259 -25 361 10 -905 1183 667 -859 338 -425 -195 324 -357 -65 -1203 200 -1050 286 713 -303 637 -311 -411 -824 -462 584 -478 -54 -770 -643 598 984 -422 683 585 -838 481 -124 535 723 322 -608 -1245 -142 91 699 309 302 -290 -487 -193 -439 1146 120 62 -194 -741 1252 202 -628 159 -471 2 -70 -769 -180 -445 133 -612 1086 -1667 -860 1137 734 673 754 767 1957 -685 53 -751 434 219 1221 -223 -168 -702 18 546 -370 618 -976 43 -815 111 -417 -504 -118 -1012 -3 608 -903 -51 -735 625 -348 357 429 -619 -474 472 -771 -269 892 251 199 -231 -355 -600 804 -141 -404 341 196 -384 463 -68 331 729 -707 125 -255 793 980 127 394 -207 9 399 8 1067 127 -942 79 315 139 404 -288 283 694 -782 -602 1130 408 113 -597 604 -107 26 -480 350 -375 772 -442 -60 -685 504 -561 33 78 430 -475 520 1414 -1331 -1399 371 349 721 -215 -207 -255 -9 390 65 241 255 73 293 -465 -237 165 -905 278 447 -149 524 -119 109 -1 -305 479 -114 -142 554 297 720 483 -757 495
434 41 438 -380 113 366 -1293 -321 1200 524 315 306 14 677 -1513 1427 -132 -493 -537 617 799 -407 245 -89 342 754 -748 173 942 111 1256 132 -474 -558 -340 281 -314 10 -941 -193 842 -430 -736 845 -694 953 205 -902 -197 590 -258 -393 -1310 -399 -423 -17 223 -305 584 232 340 850 495 1075 -1037 214 434 660 -165 26 382 -19 -528 -311 1027 802 185 873 265 365 -298 209 -262 -336 -325 104 49 254 -145 -681 652 -41 229 -301 -801 -176 -441 616 -13 240 0 466 19 -595 -9 655 -41 69 66 -785 -271 -248 476 68 -1639 -550 416 180 17 180 202 -244 -803 -15 277 -599 293 119 470 944 790 397 61 591 -357 620 -31 431 -934 918 -750 61 93 469 791 303 302 47 -718 -523 97 -1079 -16 80 60 -1157 -35 454 -190 762 -1332 -1041 1235 223 284 504 418 197 -108 195 -1093 -960 132 48 699 45 94 740 710 185 770 -1046 338 -294 1893 308 -189 1097 -388 1359 695 62 108 64 253 312 -491 36 -17 356 366 -88 -266 -1506 1377 -234 -328 345 704 -678 1457 -1 -84 -16 -247 341 -317 -363 -799 302 978 660 -392 296 584 36 1362 147 108 -205 406 -66 -524 964 -150 323 -341 -508 515 -888 126 226 141 -888 -304 -52 489 249 -6 400 237 -672 1628 501 436 -111 -1130 21 -260 431 748 12 279 -71 -919 -393 -82 -947 -441 1160 -16 333 1681 111 672 147 -845 -451 294 -636 858 648 -159 138 -864 933 289 131 683 9 -588 -127 -255 291 685 -324 -313 144 -377 -51 702 539 -795 -323 -96 50 -268 -379 -492 583 -213 -577 83 -65 237 775 -66 165 291 673 -60 1431 129 -877 -233 -143 -334 214 112 663 804 -407 -129 -471 183 299 533 46 -71 201 504 -112 328 -444 -384 -550 84 413 62 329 -540 738 -975 -466 554 117 735 281 -995 332 682 675 1090 -796 116 66 526 535 277 52 -86 -688 -518 -532 -11 587 995 -1309 -636 -169 110 -687 276 155 -338 679 -954 725 943 -295 279 523 -834 -308 -166 295 240 -888 -514 -121
59 -265 84 -512 -741 809 339 -260 -844 671 329 -352 -440 -261 317 485 -331 497 380 394 218 -113 -258 184 -311 124 483 1737 175 48 -213 -15 645 -91 360 62 -361 429 -233 1000 938 -480 288 -560 1408 180 1354 467 -542 -274 -268 365 -863 467 -882 270 -144 -631 785 1056 -318 266 62 11 1149 -44 -576 424 754 156 275 -179 -158 -622 -254 -511 -804 -139 188 143 468 135 -634 57 366 170 157 534 -255 -887 -1023 -330 1009 674 -962 7 236 360 38 989 -802 1378 -1399 240 -466 130 -146 -127 -1152 -670 201 242 108 -169 96 115 -157 848 268 -456 170 -309 639 -225 -905 171 332 -94 284 -891 -142 -113 335 -960 -600 149 850 526 275 -690 -152 636 580 -17 -33 74 102 1352 129 531 108 -208 223 -161 -724 -912 -291 425 190 -86 -1089 -313 160 791 -52 19 -1033 356 -131 -569 -377 225 -117 -479 1361 503 230 580 -382 -1054 1480 31 340 -301 660 -1389 -516 -838 -557 -332 174 -724 237 -755 -859 -432 -627 -536 -126 -486 -339 80 -262 -50 422 -790 -382 341 -564 -311 95 1200 287 -206 349 -457 572 -401 -801 -549 -160 392 139 253 405 -87 -6 715 -105 -37 605 -49 -655 255 -629 -222 -620 -219 438 260 -1318 507 166 264 300 146 605 31 -90 -387 -199 -1239 -798 -428 -651 -285 -1291 -922 467 1007 287 -528 -98 159 323 244 -500 494 -509 -54 328 -339 -58 -514 650 1162 206 431 -373 -959 374 83 219 356 -216 40 96 846 276 676 -412 116 -537 723 -736 656 177 909 10 472 44 -278 -3 993 -375 -57 -178 325 434 -284 266 340 177 990 337 -11 1235 50 606 -431 991 -212 -543 671 458 253 -781 343 -290 -396 -318 175 -1070 200 1048 -424 114 805 -585 343 351 -327 1591 566 225 896 574 -370 -85 -512 1162 -886 -357 -1350 86 676 -70 -968 392 -321 -335 -402 55 357 654 -299 -176 -656 155 -402 -151 -13 -602 957 216 5 370 307 96 -541 424 -613 325 123 604 866 -450 -223 764 699 393 128 -613 234 -56 464 305 -528 -766 -1097
932 216 -120 86 417 -26 401 447 463 -625 565 416 772 648 752 -47 379 -164 -38 -282 36 143 -757 654 -148 1300 135 -126 147 -143 -7 557 -214 1041 582 12 320 -100 227 88 569 707 540 594 -439 750 622 34 -292 134 -141 -404 1093 49 -461 6 444 94 424 554 -192 284 -436 -24 -553 346 703 329 389 875 -611 -34 1251 305 -161 -647 842 577 -17 -711 703 -188 373 -350 11 -532 375 16 720 -155 78 668 -363 310 295 -1295 -381 -297 -231 -217 463 -457 -1238 -678 -953 329 814 476 719 432 -611 -681 670 -502 -1343 560 426 -442 997 653 1536 220 1159 -47 -58 -284 -165 82 -401 619 -242 78 -140 15 1027 -252 519 132 443 -531 -193 143 -172 -1033 93 -874 -161 -530 -321 -965 -469 694 276 -659 -1636 326 1057 -447 -276 376 774 -1205 -30 -632 -8 687 22 316 136 -89 552 156 -75 -507 230 53 602 258 220 514 -527 394 -1203 853 64 578 668 253 -669 375 -1101 23 -264 1141 985 -112 393 -67 56 -828 -1064 199 -383 520 -430 505 -647 -978 410 100 325 687 -1564 -213 -676 -307 221 127 664 -798 -589 194 320 -75 -1001 520 838 641 918 -508 -13 271 -46 522 -642 59 -304 227 -318 1387 1533 -636 583 -8 -107 -426 423 486 247 70 -588 -39 441 137 -302 675 53 -498 366 146 1125 698 -88 526 181 637 1151 -658 406 -1000 450 205 -268 -860 -1276 1180 548 -590 -244 -951 593 689 -253 145 1822 -694 199 -1152 -25 834 1021 -7 410 -1019 190 507 469 -236 -678 -264 40 44 -16 -1050 829 83 206 1083 -403 -314 -538 -564 45 -193 -291 147 168 -1008 228 -953 -326 590 252 -1117 -483 -159 -291 -1427 -153 431 -187 331 333 520 76 -764 634 546 861 -1765 -166 585 -1189 308 -530 471 -534 731 -49 -424 1063 414 775 -691 406 -825 267 387 -196 -493 508 420 113 32 -310 1001 564 -420 -652 27 -792 751 45 -953 455 -140 -1315 -122 381 747 -774 -109 -397 407 -1026 80 113 -186 -263 301 940 -182 370 -40 166 524 -322 -1439 -337 577
633 -172 -310 -493 604 -368 -876 -783 633 1147 -1759 -627 632 -172 150 -409 -568 106 246 99 190 606 151 73 41 -174 187 -270 1668 -181 -95 -428 -233 281 819 698 376 -270 105 932 325 -599 -1081 319 24 924 522 1619 958 -535 399 -192 -707 -278 318 388 -429 -224 1171 -761 79 636 -730 -298 -85 -764 -87 -620 1401 -615 765 1227 701 821 613 -526 -358 -467 794 732 235 -947 385 -963 346 -63 852 -940 -230 633 1073 128 300 194 345 -238 -370 -173 -593 -434 -929 131 -665 -1696 -1201 -450 -195 38 180 155 399 -82 1070 -668 -676 144 -1951 -2 689 -578 -698 351 1209 -83 33 309 337 -297 -1762 459 -222 -16 -611 -1382 -658 872 813 272 30 -478 399 -106 -226 -724 808 1241 123 787 -936 -132 -420 -1610 -1157 8 -979 1301 -370 406 -249 -163 -476 435 594 -203 -146 202 -875 -584 -629 272 -341 582 1609 -1717 -441 -419 -387 610 -1216 978 141 -30 949 -90 -1247 -156 -439 -405 -538 1106 548 578 491 -455 223 -1073 242 774 -98 670 799 -113 332 -118 1097 580 -426 -168 605 -350 -131 -273 982 194 215 -524 -811 158 56 -274 1122 -573 -65 -922 300 149 -1083 -474 85 -436 486 -772 227 -337 427 -260 260 -269 348 -38 -359 667 -61 -524 571 810 -436 829 62 566 82 53 -269 -510 -948 -31 -550 425 -219 -347 49 -239 62 -45 228 -595 234 -429 -59 -598 69 792 -13 955 -244 -843 -79 -319 269 -736 672 613 -120 205 1085 1894 -368 -118 190 208 750 710 267 321 189 -415 -305 -776 -94 11 -1752 -138 -185 -745 869 -285 688 257 771 743 -167 79 -20 286 581 -482 373 185 -603 479 463 -25 117 -219 0 -969 -737 -439 580 277 -344 421 -1310 -175 702 494 170 157 -281 -1264 -78 552 712 -582 136 -781 -523 368 -1834 1243 1163 -276 -66 -375 -267 285 -719 -515 580 508 -83 1284 -271 -316 -1373 9 975 -1147 -544 -329 -1269 -129 695 -14 596 494 -494 -444 1112 1515 340 -682 845 -460 237 -577 142 -535 -22 -33 -360 -400 -612 965 233 -678 -461 -361 69 -864
-1245 167 792 -29 -296 -264 84 409 533 -115 -658 242 1048 -952 399 -135 -13 -662 523 116 -58 208 -575 -242 180 -344 252 -669 847 -23 -284 -600 585 -59 375 132 1068 -252 834 684 116 -519 -904 -347 193 -337 167 14 -370 -585 198 646 -110 857 -1486 -95 131 -483 -101 67 181 -1357 -28 -260 406 893 361 960 754 -141 -993 -860 453 -1033 -407 25 570 -29 -40 -760 158 316 -533 173 1118 -158 593 -358 580 440 23 -212 -282 601 -489 -533 -603 267 261 -457 79 404 829 556 491 239 329 129 60 -746 504 465 -719 -42 340 413 1196 644 -183 -639 -485 941 1109 -274 354 15 -873 1326 -69 -337 -194 -1514 -680 -497 187 -290 -49 547 -697 -257 488 -320 -614 -427 -637 822 -1227 792 91 848 -166 -596 400 -37 -318 584 -503 492 296 378 -181 -534 -95 -929 87 -621 -396 180 846 -780 -169 94 452 98 356 187 118 -230 -248 287 -1291 35 644 -39 -297 185 -145 272 380 220 510 -526 -1143 -229 -581 707 -383 -57 -278 67 180 682 -509 -571 -152 -497 266 163 379 -543 501 631 1001 -549 1431 713 416 -931 581 1302 -528 1336 -952 -72 -590 499 1533 -278 1012 36 673 -1158 -128 -246 901 -1905 977 1142 -78 -155 574 399 -34 -506 660 627 -562 668 186 -1313 216 67 -829 -688 237 -196 -59 -411 312 -624 561 -642 -83 -238 50 -217 97 -561 -992 -51 -180 -188 -386 747 626 494 -178 -211 952 -808 -763 -462 504 1487 -338 -284 178 -603 22 -468 514 608 303 458 -676 -30 -583 1395 -237 -477 -303 1177 210 180 -448 -239 546 -413 668 26 828 314 -86 -71 56 -781 688 1236 809 469 -386 -294 192 -397 -729 86 -478 200 -124 -530 -222 561 229 242 401 -133 480 -376 -807 688 -551 -539 335 49 -268 -881 600 27 -21 313 258 467 209 -113 -260 -910 -353 145 -405 1260 1058 285 132 278 102 591 938 196 611 -335 532 242 242 950 -403 -390 1187 963 -536 -572 -550 -391 19 544 731 -312 256 1481 -1064 1075 -1306 -149 172 -177 -38 90 -1040 229 -824 -334
-124 591 -423 -430 -409 -1344 -367 344 -538 -723 -217 -29 -651 -804 108 -191 -495 -358 -112 531 -326 -231 -682 784 339 251 439 444 16 370 -39 -121 -64 894 -806 346 704 815 161 -104 512 946 -250 269 -356 -903 783 689 632 -126 -718 -175 455 56 -43 1615 78 -1245 -29 1078 710 565 -479 1215 -39 -223 899 29 -456 -876 497 -166 -281 692 767 -199 266 -457 -664 -299 -73 480 -117 -747 639 -216 -87 -12 865 272 -111 -374 646 601 467 329 -102 -132 -420 -828 407 -971 -194 -640 357 -574 -70 270 -461 -485 13 -274 -759 570 423 -162 1064 -1377 937 -392 -196 -571 369 1148 -156 -180 736 -818 -303 -120 -34 135 -33 -492 -1027 1464 272 -243 98 -83 -348 223 1140 -467 259 -1252 -763 535 -470 793 -439 -794 -421 -470 -803 664 399 206 400 1526 -43 301 -26 -784 -970 -254 -1133 -587 215 -683 845 35 883 -683 778 -838 796 945 -724 -123 815 242 186 197 -110 534 76 330 613 180 -737 312 -309 244 1094 109 109 -719 -627 -235 -269 -230 -454 -480 356 931 -48 300 5 692 -93 -215 427 -604 687 -541 457 298 241 -61 62 -294 37 147 -267 701 284 544 1279 -544 298 -856 770 707 -310 -761 131 -1024 1 1013 -280 89 -756 650 -818 223 364 686 -341 159 674 138 -745 -415 604 -225 -473 -331 469 786 -717 416 -601 518 238 666 76 -357 16 481 401 206 330 594 -64 329 -246 646 -433 901 -408 910 495 -707 -361 -443 188 -46 -60 539 -791 818 -1389 -1327 110 680 95 907 631 -173 347 20 1280 448 -216 -55 -132 -14 458 -528 -327 159 -273 -538 681 1243 989 -656 888 965 -439 -657 -470 379 676 431 559 273 229 669 487 -667 -432 -980 20 439 -149 460 -694 -653 99 1143 -481 -808 -86 367 -1149 323 690 281 -498 264 280 -211 -883 -833 237 -877 740 -623 244 12 596 -208 688 -313 -617 1141 495 612 664 -553 708 192 -350 414 -314 -472 -1293 222 2082 1038 1148 -399 826 -204 475 656 397 -553 -752 -497 353 179 1101 850 565 819 359 -75
-194 -305 760 -453 1274 85 544 291 -560 613 -232 -719 817 1137 36 804 -293 -707 484 676 -125 -917 -77 145 -187 -82 146 14 323 1386 419 -344 -601 9 -368 1013 314 729 574 19 -197 149 -1222 467 434 1214 686 -359 665 -489 -114 -528 405 -1097 112 1129 64 -391 1261 997 201 695 46 -878 -491 586 146 -621 -226 -160 -247 360 404 258 -300 -1141 141 937 783 -224 -643 466 345 -309 732 182 18 -60 282 -32 -173 -580 339 679 832 214 -406 -517 720 592 54 404 352 -465 -90 -341 -189 421 -370 -1275 -432 -286 597 1462 461 -965 293 -597 321 -427 307 396 -144 -66 -919 182 274 495 -506 1041 1155 955 -325 -513 139 934 -639 -1024 -496 561 -293 241 -656 266 537 -134 489 733 -264 893 1121 -250 -1001 -158 142 434 14 639 -490 -110 -16 -199 -127 -844 539 -402 -362 591 897 -270 -210 -259 432 -525 -899 -620 204 118 218 604 472 -759 -556 639 -123 -344 -170 -353 315 406 -495 -1069 115 -944 2 -185 525 1 1019 551 315 -1170 -232 -689 -437 -893 -994 106 -119 -1 -598 397 -116 -1027 502 226 -232 -298 -260 -512 -274 -561 1167 275 -615 137 357 -502 -223 -415 -93 -432 -366 416 337 66 -401 499 -691 -362 274 327 610 -288 1140 660 1481 -76 462 53 -197 111 -577 527 1168 -111 37 98 168 -678 765 408 -788 570 165 595 259 -101 -74 13 578 202 -344 -73 -598 494 102 918 281 42 -516 1247 -1083 -616 -131 188 -378 254 455 -269 105 -109 411 -258 811 -132 -1394 649 -519 -857 -758 243 -11 -424 1050 327 -731 -1318 -1689 -334 280 791 -424 936 -623 118 604 -93 1112 906 168 295 -343 -657 -9 -865 -349 64 238 175 140 6 -327 -476 -629 -703 -639 -100 -786 681 185 1036 504 172 -848 180 508 -973 -135 496 300 755 -230 -619 -566 -352 -182 -739 172 1278 469 427 910 -144 412 390 79 -281 -467 -444 -50 55 365 -23 -422 -138 -418 130 1190 -1 881 -54 235 -620 -351 -50 -1679 -78 394 190 245 -11 -1148 -412 976 -528 -211 -271 -244 127
-414 -1201 394 -194 230 798 -753 603 28 238 -156 -1103 191 -59 -758 314 305 -721 239 47 543 -629 855 220 402 -776 -794 -268 -123 29 1412 61 -472 326 -147 454 275 297 -239 -44 -109 -818 410 174 -334 -1204 -275 28 344 -325 1366 -331 -496 638 845 -995 9 -732 606 -1685 61 -291 -461 59 100 551 608 220 118 1061 -894 -243 7 340 -95 229 -32 -228 -272 -1595 390 -511 85 573 -87 323 100 -643 134 -168 -45 -965 -897 -236 -116 -598 199 940 602 485 -130 -11 -439 -270 -675 68 691 117 -257 -374 228 1271 -704 -279 168 -358 568 -184 -2250 -337 -538 1052 -486 181 1035 17 -327 -473 -564 -934 -767 36 154 -1157 136 414 639 835 789 685 -667 -638 -760 55 -1289 145 -373 -258 -256 -708 414 -848 -174 351 271 -1283 456 -703 -259 -426 861 -173 -488 -631 894 -35 -33 175 710 -767 65 -45 -53 170 -241 1016 816 123 141 733 -112 54 569 1450 156 610 -50 -945 622 835 14 -107 -447 700 470 -539 602 -315 -542 -159 207 -389 -17 -391 378 -788 394 -507 704 -671 -434 803 -353 -687 -120 1658 -114 -115 -343 -139 -691 907 -1021 176 -1327 161 375 -312 -327 -843 402 -557 -781 -1314 -681 42 -936 95 -652 409 334 178 158 -1145 146 -162 -541 524 6 -94 531 425 799 -1118 418 509 -233 669 -158 883 -272 -318 12 -1200 -671 1349 41 218 -105 772 820 413 262 168 -81 -107 184 -335 119 -299 168 -423 -79 54 -238 -774 355 242 929 -407 -391 -668 -590 265 -627 113 -155 -67 -195 -299 913 592 947 -499 280 -549 -23 200 -468 -202 -33 -346 788 679 -352 637 -1003 692 -465 -159 893 352 619 388 344 -927 53 -966 324 -291 -127 351 -72 274 600 87 -626 358 1245 61 56 -971 79 3 247 253 -135 -188 123 1027 -654 -4 193 -114 -82 -400 84 -522 804 296 205 -976 811 555 757 560 1754 -401 145 182 -392 30 268 -286 943 -527 822 932 168 -1221 900 -114 -94 970 -749 -515 234 -764 -769 259 1498 -72 277 301 648 996 101 -32 61 45
470 590 1276 245 6 -223 807 -776 -505 668 -849 -561 -94 -3 -289 1029 193 -21 750 626 1027 -294 -807 -441 -385 -701 235 1122 22 830 129 -712 -549 -530 -770 -1109 -561 453 -1109 -21 -269 -629 -460 -959 459 -929 -513 767 -107 -1112 322 -172 475 -258 465 333 -115 -628 623 -164 -342 701 -337 184 -1233 217 -326 156 419 -101 278 676 -416 -398 -723 -115 -1689 -70 -105 411 -1727 178 -54 -1625 -63 -127 -78 -343 123 537 497 663 -889 404 795 -285 -126 164 -29 -781 -469 -608 -114 985 -309 -848 -176 806 135 -47 579 749 758 -816 603 -676 873 -28 279 8 290 80 205 330 320 199 1142 782 -586 -361 434 -1185 -402 -161 -4 572 -597 -118 -1464 -1106 1 -236 -1020 326 -340 -34 -365 -1181 -600 -665 429 -388 39 -275 -158 -543 -617 523 -1297 -479 623 -1300 -25 -347 785 611 1633 -236 98 -764 659 785 745 412 -275 -352 826 37 840 526 559 1118 -48 -119 -381 323 438 -8 -133 -22 -193 -556 -195 -731 -61 -942 -294 525 -733 790 856 194 175 -159 -1330 -699 -122 361 50 231 711 29 259 788 -70 256 -224 -705 -2185 -437 839 196 147 980 -210 -24 -165 353 -449 -999 -147 -850 261 -765 -169 625 -1004 -1144 291 -425 -276 -177 449 575 247 -831 -421 478 136 393 2 46 -56 491 -641 486 613 657 -1047 -1287 -70 25 519 55 410 1503 223 537 -384 1112 337 759 1062 -245 -163 449 466 726 253 -2 -352 -347 -1104 -186 499 546 -429 275 343 -48 -642 82 -552 145 522 1083 -3 166 1040 575 -383 -159 -207 347 146 -165 -349 27 37 20 -46 473 -408 1217 -855 331 736 1468 -782 1222 -109 -1373 600 -615 -428 -842 288 926 374 901 -15 122 -143 29 153 3 375 -593 19 805 493 -439 336 715 -605 945 115 -494 260 117 -208 369 -1015 -1030 -2243 -643 1007 -672 -504 -1214 492 132 185 -389 1125 476 -79 384 -171 -729 390 261 -925 -363 -300 64 606 -253 262 242 834 805 867 690 -325 -251 482 369 450 -215 -250 238 267 1401 1585 -781 -81 -149 624 -649
535 492 258 830 -177 401 -231 406 1056 -427 -195 -701 -121 -1103 -182 93 292 1022 -28 449 -275 -486 227 -1250 -354 -290 2 -251 699 273 956 -378 -109 818 142 -5 407 372 -372 -844 -227 437 -225 580 -128 -763 23 133 -453 647 100 502 -266 -480 -542 25 896 202 -699 71 69 492 -60 -535 -127 201 184 79 -5 780 -553 -36 -75 905 -79 -783 798 -540 -664 664 -599 214 -852 -278 -845 488 -126 991 838 586 999 -646 33 -112 -731 623 -798 -40 212 -1107 -310 -636 467 226 -500 1031 797 -16 -99 -342 865 -520 36 -48 279 103 -378 1314 -410 451 -456 -408 -528 -41 509 676 707 312 -75 356 -524 15 310 778 230 -260 -406 1037 -88 916 -537 443 166 -240 338 -974 1045 -134 -656 -470 -62 481 1123 527 -113 -45 -16 126 858 -799 -192 -450 154 889 -350 960 -6 -626 523 -524 -108 1368 736 -197 373 -553 889 246 121 -55 -187 443 -616 919 994 1356 -241 388 846 -866 458 741 749 -47 167 416 597 515 -453 -406 -690 859 486 -1254 -1120 92 -420 -1099 -727 56 590 88 -417 1153 704 -26 -217 -56 -601 169 -45 907 -549 383 -347 933 328 839 427 467 -428 834 -937 270 53 18 937 -316 -107 155 105 1574 494 188 -628 694 -589 -120 104 -4 -1458 -92 196 463 -99 778 792 538 50 591 -76 -133 143 292 -369 321 -922 916 -682 480 312 -268 1435 844 -371 91 204 268 -1020 -765 -216 130 -307 755 69 652 -141 -1042 -232 -379 28 344 -732 -100 -430 -402 -1156 -701 874 334 189 672 1151 123 -541 -504 473 117 -27 54 580 -289 633 -95 -679 -201 11 -193 -69 -650 1236 -579 367 582 -248 -87 -320 642 497 -1363 1018 -818 -60 217 -736 214 -689 84 671 243 542 -178 1144 -824 -165 -271 856 1016 313 1251 706 57 79 545 762 -287 -90 -506 1133 366 -267 198 -136 136 423 362 -617 134 -282 -301 -250 -167 -10 -286 -214 312 512 -1295 -322 230 -287 302 626 800 -484 -416 -439 554 -3 351 -210 33 124 -461 -562 -216 -361 -540 500 -586
1013 36 -209 517 221 -211 -343 -36 -824 266 -589 -950 477 876 -456 1269 137 -547 -576 380 -172 340 150 -430 -881 876 -502 -409 338 110 -121 148 -273 959 -110 906 -125 -119 -1149 -367 464 -464 170 -429 -808 120 -334 -205 -62 -908 480 -1207 58 801 -139 37 459 -24 45 647 -744 -507 561 888 561 -387 544 -581 -367 294 -592 228 802 643 -124 232 981 -315 334 566 -383 -1860 -458 -1069 -172 836 1094 -49 -566 548 -157 608 -1082 -1048 -544 256 -277 -502 -87 -266 -448 -253 -471 -434 -659 -34 800 599 -496 -403 732 709 -348 326 -1200 1291 117 288 222 149 -113 -1298 215 1191 455 1238 671 -676 -886 -540 -270 39 613 -837 -223 289 -1094 -379 -306 -1030 547 815 510 -1800 -465 -1349 -80 492 -368 -72 41 577 -879 -161 -824 466 -91 841 -170 283 -237 -587 236 -585 -751 -568 173 -37 85 -455 -347 -241 -453 -581 -186 563 -629 -36 -8 -131 513 -469 313 -218 -851 -260 -274 678 41 1005 742 1118 -79 -903 359 243 276 926 -360 -714 263 -380 740 271 -1066 -32 -626 607 399 149 -456 -444 77 -223 -367 724 -462 1230 882 -357 346 -443 385 655 -1113 -703 -377 988 -213 -495 -259 -581 -470 54 -303 -61 -577 169 -107 -224 730 -926 323 1006 -426 -678 35 1066 471 457 85 1290 -989 190 -612 -411 -212 960 551 172 1329 919 195 933 1114 1111 402 844 52 -136 119 262 -31 -389 -1547 108 572 -185 1549 605 746 1022 86 -190 484 -1220 1184 274 1185 756 442 536 312 438 847 1573 -507 875 608 346 -436 507 -632 -967 312 1181 519 -599 -705 483 -243 1534 604 -444 110 -159 -330 241 -467 -692 -12 738 -50 92 1059 -973 -1473 -1115 729 687 576 551 628 1211 -409 604 1704 587 -842 -2053 536 66 485 407 542 387 447 -343 -349 1194 1592 -1076 52 -968 275 322 259 -1180 589 337 300 444 633 951 -501 409 220 -1160 -566 -768 -888 -53 -1024 -856 -341 179 -381 547 747 -210 1078 -528 710 -985 355 -600 298 -344 1146 -632 -566 -11 -801 1008 191 -92 94 -183 584 -193
560 -737 1300 494 264 314 -330 168 1515 -662 1135 -210 -76 -361 -151 -857 431 -532 1225 -118 199 -363 802 -177 1225 -66 503 -572 -626 408 -130 1053 9 -253 -217 740 -515 -76 204 -468 -199 313 83 124 -1158 323 584 -1002 -431 -21 -17 -1071 242 -392 30 -643 47 675 167 409 377 862 197 -70 -729 658 -944 -602 -194 423 -379 -408 748 -1535 -227 720 -747 -469 -34 -924 -681 -1231 97 -313 -111 -34 980 213 570 166 866 423 -125 -600 -555 196 491 -579 -426 -195 602 -932 -91 -1448 1115 -496 360 138 -252 817 935 554 -198 -477 -69 -284 672 -183 -899 623 -328 -8 -1120 953 156 221 -199 -322 -181 -112 934 -68 -1524 -475 -688 -177 208 -150 611 396 461 -662 52 127 -419 941 -1224 -359 305 312 587 -1130 375 753 498 -627 127 210 -118 337 561 487 161 -180 -509 -74 -240 -2 -55 -153 -484 414 873 280 -225 896 289 -551 428 -427 316 -566 1189 1302 1154 -239 -540 97 378 485 262 888 464 -629 -913 126 76 -884 -924 704 674 699 516 615 290 744 380 572 -277 337 -1276 165 -185 -122 -272 -347 -336 341 -330 -738 937 -221 323 -690 258 218 -695 1846 215 -178 -548 231 -284 -31 -334 379 685 -721 -1270 -126 -841 656 340 726 402 -318 937 807 -518 382 -1021 869 378 592 237 544 -631 205 53 234 852 289 -478 -353 695 -883 -509 182 -1426 -217 -586 -124 631 1185 200 38 535 -661 838 399 167 -862 -70 -326 -672 -1350 1018 -296 496 -399 1004 -725 163 587 498 -71 1422 82 889 -111 -1232 -88 -924 -731 -124 151 -399 730 -303 -977 774 460 811 -980 159 454 -1124 -1223 -109 -161 360 -443 296 165 998 -252 -511 781 82 191 641 -1142 590 216 1232 1169 798 254 -225 -321 -938 -1313 -471 -277 1014 41 -181 208 -705 -124 -524 1120 37 -264 662 -60 185 479 955 -80 1162 -145 961 432 231 -263 -186 569 891 -592 132 16 -125 -366 533 -149 -832 -575 529 -62 -263 570 932 697 -956 -91 233 -526 932 -1045 585 395 0 451 544 7 -667 -512 213 1041
-353 -62 -61 634 678 -226 -388 665 -588 -141 -361 -96 -485 590 648 211 -22 -786 -509 946 -662 1537 -180 -543 482 -485 -57 -143 -569 -463 -669 395 1213 1015 271 291 -545 -721 526 -228 -474 1309 -327 -329 698 -1135 -981 -983 21 -687 -501 220 703 471 -1138 -1068 464 80 -392 88 -686 1011 -626 996 -131 -693 778 668 -204 -376 -1331 -34 248 608 27 -511 1143 -388 48 332 66 -154 740 -405 -338 130 -181 853 -218 -158 438 -444 -513 400 -729 -403 656 375 483 -459 -677 526 285 17 -80 -88 -245 -289 -267 -166 605 -312 77 259 -151 1339 730 -492 -125 532 -1482 -455 -421 -208 1132 -705 -620 776 696 -269 -326 -780 -433 1339 654 -1052 87 -147 -1376 314 -609 -629 148 86 -885 453 535 -1351 308 358 -381 222 456 -274 -143 -960 -922 -108 983 16 110 -152 -953 755 -1313 317 1226 -865 409 430 -909 -289 -919 -315 218 340 -67 -377 -748 -627 -566 448 -213 -338 328 653 -663 -106 987 230 102 332 -794 -541 -81 -587 -1018 1089 319 607 312 377 -655 316 -1281 928 447 -390 -410 1781 510 -1167 442 713 -607 168 -842 242 -506 706 -869 -268 825 557 -883 431 841 796 226 -578 257 46 -466 144 -106 267 -51 -451 -59 94 725 -719 -65 -790 227 -887 -178 120 -790 306 -305 820 79 -1601 116 -96 1332 458 -525 -1 -104 562 -804 213 209 -1588 -946 -178 155 -922 269 277 355 -388 656 -375 1173 -470 -493 1153 -706 858 -332 -1137 -155 179 -281 234 -312 -79 825 -955 -1058 117 -598 -1118 350 -476 -342 878 566 -156 475 -936 568 377 -15 -351 332 -338 -889 374 -550 -693 47 1449 217 602 -1063 544 38 -910 254 116 -274 -897 167 488 56 -1162 149 -322 -22 -359 99 658 -187 -783 994 251 114 -180 -276 177 999 547 954 523 1046 -201 626 464 -510 812 -800 -737 1096 -265 -480 -267 70 -723 978 -512 -102 -627 65 734 732 871 -305 1005 -180 58 -50 -499 431 -221 -743 -376 -909 112 267 -636 -676 990 -55 -441 354 301 -178 1120 124 551 -137 -434 -318 -593 -16 625
-600 -5 -431 -136 -65 -31 -33 159 -1006 90 399 -1021 -286 579 -398 -282 17 -500 -823 12 -699 171 40 -270 1179 -390 -13 460 -629 -212 -564 257 -847 -369 96 -1184 254 -857 93 -991 364 997 -274 -360 -46 652 1309 193 346 213 -193 -174 -338 1150 -448 127 519 492 -547 170 -719 -1165 -302 495 -1 466 668 -237 378 -249 975 383 468 -20 950 795 890 -204 -599 -642 27 -256 556 263 505 -794 890 43 31 132 -772 -483 14 18 -790 -701 1 222 1012 111 -727 -615 635 -624 -961 407 -367 -335 -382 -817 651 -70 171 -152 -331 276 240 28 60 209 1218 -1216 1634 -727 747 570 -307 16 -697 1029 96 1016 -1278 -254 514 566 470 225 47 -339 -443 1000 -19 -337 -19 511 554 -636 -135 295 -570 -23 8 -189 -94 881 710 -598 1597 188 23 -391 -204 654 100 -1045 -737 -1108 -1407 -409 -1019 436 -78 -1330 150 274 -14 152 -1164 532 641 -881 -318 259 -64 408 -908 -465 221 -164 802 344 713 -514 487 -404 1354 1062 88 -78 -311 -639 40 -140 311 -25 522 -1538 -291 -188 2269 -32 365 -25 -52 -216 1065 74 -137 83 137 -739 -436 528 -106 488 -226 -197 13 107 -18 -1070 -697 360 25 -135 89 -1015 299 566 -428 -95 1041 1602 -649 -654 326 676 313 403 -254 425 532 -746 -28 178 802 -57 95 -46 -173 -656 120 856 251 -610 -481 1369 153 -691 -50 -815 260 214 -747 164 750 -453 -292 -848 947 358 -1006 -1165 758 97 -155 -670 448 -695 1071 793 -738 -260 -423 -28 755 390 -471 598 642 -299 832 -403 -650 -237 831 -176 650 569 -363 94 -311 -291 958 29 -353 -14 20 -928 1478 -701 30 1249 -733 -589 -1137 -482 951 -849 -356 595 -84 16 -535 -648 -12 -262 -834 1870 -673 -445 175 547 1180 261 898 -18 369 228 946 516 847 685 747 427 -434 200 363 886 652 -333 522 576 505 27 -300 -267 82 79 -60 1185 462 -171 340 -517 -495 -60 -830 193 -292 -112 -145 -45 496 -1299 272 220 -1263 357 -436 406 -999 736 -591 973 -168 1100 248 -75
339 -190 257 -274 251 -1074 563 1404 -293 -258 374 301 -1326 -516 -666 -29 369 374 -82 422 1057 68 -40 169 -360 -990 471 -92 -186 277 -817 541 -700 -618 1238 -816 406 106 -886 966 523 -285 531 267 11 -1173 1228 9 33 -808 -649 -1062 831 -132 814 -598 575 -408 99 -1163 439 710 778 369 848 -233 349 -171 -1142 -1136 -534 -1340 -536 453 480 788 25 126 -565 -162 -658 921 -406 242 -348 285 -66 790 -191 199 -270 -872 437 767 850 349 -90 314 -508 974 759 -504 798 -70 361 537 927 -621 34 271 498 -91 -318 1332 -912 -686 -822 -98 -524 -980 11 268 -1066 748 -485 -497 -246 228 207 -101 102 -563 -24 -533 -810 190 -267 1351 -6 1273 -590 700 453 -832 399 -412 -1021 41 -350 748 897 413 934 -438 279 -679 406 -195 -700 -1097 2 800 540 1069 1422 500 -997 451 -1478 -809 1270 234 1116 -519 281 -174 -103 1448 311 -584 -744 374 -115 667 1295 675 -295 -389 -380 730 412 -691 669 -1041 486 -536 599 -579 -264 96 828 -749 -378 1094 -321 340 409 90 -459 698 488 16 1131 -336 -3 -81 290 -48 -377 -124 -832 -796 -468 -520 -381 -720 155 -107 590 -562 -134 -864 32 196 -121 528 216 -631 400 93 308 -199 -485 142 76 -604 234 66 224 -289 -533 -521 627 33 -685 387 141 -586 117 305 438 -939 32 122 -979 313 251 615 -175 187 -719 1528 -989 44 -737 352 -254 -457 -555 -732 862 1018 -223 -191 -19 1630 788 -275 -660 -106 -252 -658 -1214 -938 -641 583 1018 667 -379 252 237 -259 -256 -441 277 -180 -341 280 -251 84 -310 -672 -1206 -137 -201 562 409 249 352 -205 -3 1042 101 984 1 322 -554 40 1166 -187 -241 300 331 -422 476 602 252 342 -433 1088 182 967 25 392 -353 840 167 332 -634 321 -541 259 -107 -14 -411 -140 -603 628 334 502 -177 252 -297 541 971 1535 -308 660 702 322 -995 243 -109 340 532 -217 367 544 297 -244 831 823 1098 1767 -381 544 -524 -407 -826 684 790 107 798 -1046 -227 1051 -722 -566 337 1634
-537 451 -758 1 528 209 260 10 390 373 -338 528 -1282 -813 -390 9 -252 -621 -804 -49 646 329 -76 459 197 613 28 434 677 1064 -226 -359 -381 1290 1431 1214 -193 -251 -328 615 78 423 605 -267 167 -584 1224 -398 -576 1182 -323 767 495 -760 -211 -83 172 -566 266 581 225 500 696 381 -413 102 680 424 -545 3 -858 52 -880 -300 1641 888 -185 1206 -442 85 425 -508 934 -982 -1055 -809 -627 481 281 429 -408 -638 986 114 220 -462 -806 690 -583 771 714 621 206 -585 -589 -849 -1157 188 977 -1030 -10 -880 420 183 -674 -188 -1288 -1057 -1072 -358 -421 550 -693 -253 -506 944 -991 -498 549 423 243 -294 436 418 -76 231 -424 -19 153 1061 -428 -125 404 344 1063 -513 843 -383 736 950 928 -363 771 -898 909 282 -583 33 -134 -343 10 -389 1270 548 58 -108 9 -418 -1154 -34 -359 800 -103 -661 -425 -134 -258 50 206 -156 -466 -967 -287 -527 53 -11 -1493 -41 -1144 87 408 184 460 677 159 -413 -316 -1246 -247 -1502 -647 289 270 189 1146 -187 -326 -255 -458 765 584 -306 248 1073 -859 -1006 236 777 -687 -420 104 -413 275 1141 71 -4 -463 -963 -218 1371 180 185 132 -577 370 269 854 359 74 139 -870 899 -296 -258 26 882 344 -348 299 1491 627 211 707 988 -177 -708 -297 49 -226 493 269 483 -164 -393 -419 264 -738 -297 69 1155 -381 9 1238 342 652 -632 -455 -128 -61 140 -473 621 173 604 668 370 1196 -1300 -160 458 -41 372 669 -205 1846 553 583 183 605 -680 321 720 -274 -234 -39 -144 -443 -1012 36 170 -557 272 199 -310 30 -128 -140 -647 -802 506 -25 690 -1002 -340 -171 -655 1104 338 67 -699 -479 785 -384 428 -1038 258 -454 209 -121 -69 442 401 -417 8 181 -255 21 1186 661 700 -323 -7 -300 -350 -692 498 -1093 -281 -625 -637 20 618 -191 -713 651 -560 -167 34 888 -231 -976 -689 -35 89 -413 487 -167 137 -913 211 -112 639 1290 90 112 353 389 -774 -941 497 -378 -827 -304 -115 403 -299 -125 -469 310 -788
647 -55 0 -421 -322 -964 761 33 -997 -487 347 -82 187 -248 -445 -131 -118 -538 940 -121 -81 882 -734 -148 -44 -826 499 -824 -73 -949 -249 574 -307 -385 -1304 -432 -740 1108 -345 -1077 -400 -227 -524 -357 -505 -127 -487 -298 -705 -54 53 -898 609 -90 56 -836 -210 -529 -611 285 332 307 -567 -699 -1309 -422 707 -310 -105 589 -94 1010 217 -1051 -698 -309 508 -508 699 1009 309 -1106 -422 1197 -725 -563 147 -160 123 -941 274 467 432 292 -699 -56 -560 -725 1017 609 409 -5 -474 930 -376 -771 -1333 -1422 -503 -378 -620 -799 -824 526 626 264 434 195 -1 -56 -444 -765 49 1207 -500 -203 -846 -379 1168 -205 85 11 -301 350 -719 -1344 438 -284 -1063 -690 275 640 31 -330 843 -355 -1055 -73 1142 961 -483 596 -88 475 188 -92 -983 -1283 -375 -162 915 555 -207 -108 977 487 1228 -886 350 -555 -54 147 -939 693 609 880 -72 146 -493 560 -465 711 606 -31 -276 -150 689 -718 -66 -264 -529 499 96 262 -729 -97 262 -33 194 659 -13 -1217 -226 -190 1348 1308 314 -300 -508 -814 -1211 -656 1181 403 -354 502 632 423 73 -972 -121 -1341 -389 109 -81 797 719 809 -430 -132 -533 -625 46 92 -501 -544 -1182 -1813 203 561 -231 -512 -682 -324 681 -634 -1274 -424 206 -86 472 -155 325 410 -802 -280 -979 325 406 -729 -333 414 507 -189 -662 -593 251 -103 76 482 661 -96 -23 -563 -10 336 -440 532 -484 -509 820 31 -337 -297 559 742 -1709 -1003 -39 1123 -565 3 -141 1038 713 305 -115 -1323 -1075 945 -933 -1158 -43 -3 204 475 -306 20 -588 242 674 -325 -263 -194 -453 187 1109 -531 358 -326 64 348 964 1401 -455 929 541 -59 414 -567 91 89 -23 -1108 -1469 -232 -893 -284 244 4 -952 -1277 -387 464 330 607 -463 301 648 -1806 104 -88 -388 -92 313 282 -326 -520 281 -336 -73 -1059 -1154 -249 404 -637 397 510 1175 193 581 -605 -202 761 1801 -738 506 663 -679 527 -372 146 -85 982 -759 1068 167 98 35 -649 124 640 505 1373 -87 -428 721 -773 459 230
1341 -38 -886 -101 -211 1110 -1009 90 277 418 -217 -235 854 -145 -742 -1091 -360 -207 621 270 -352 80 686 -584 -353 -244 -713 -800 -306 119 777 446 -64 -1273 -1060 -47 -24 592 -377 -451 408 -482 224 448 -987 -161 631 -749 95 104 -627 720 -507 616 645 156 463 -34 -191 -122 175 -412 943 134 25 472 390 411 -36 128 -1088 -557 -681 -525 -228 1130 -104 25 -246 -913 643 -240 166 -33 714 239 -299 -476 848 -469 -138 446 296 -681 635 302 -639 1098 1342 293 -226 -778 -94 249 -297 769 -427 -202 -606 -244 -806 209 -414 4 -439 435 -429 -172 -409 166 -154 188 -247 465 694 -329 -458 89 -1362 -847 -113 -215 -186 -86 -150 894 -154 508 -173 784 275 -261 149 747 -1165 -476 -336 410 902 1218 872 -422 683 -648 928 -551 259 -647 492 478 -204 51 -157 -612 879 -57 -307 -16 826 68 938 -1232 1 70 -491 -294 -331 61 -292 204 -1154 -179 289 -412 609 15 186 333 296 245 106 544 85 492 -318 77 -384 -189 99 -138 -611 54 923 -178 504 478 -108 -100 1392 432 93 -1269 -371 1287 -167 517 -644 1192 518 -701 -123 -443 85 726 652 258 582 -618 -480 -426 619 1298 -447 -163 -393 -201 -256 843 -1130 -130 116 -1400 528 -627 -187 -210 543 -728 899 -40 1100 960 90 -564 554 -40 65 1060 12 99 -363 -335 10 -847 -678 103 843 1204 148 -366 -1063 -15 561 302 176 -286 -1090 278 -42 319 -218 624 -346 178 -658 -199 -33 -784 -760 139 -811 -15 164 -869 467 4 -547 352 737 -670 483 243 746 -179 -146 433 -4 1166 -350 -1 228 615 356 134 -156 284 -283 -82 -510 -122 597 568 -157 -123 111 -171 -262 -363 838 1304 779 -178 -1544 -149 320 -672 -1767 446 -427 1348 -369 348 738 315 886 -266 591 -586 282 -224 -677 -323 1396 -65 833 -836 -773 -619 100 -292 -145 -688 -521 527 1647 -1 82 38 839 501 861 22 52 -352 323 -1495 113 -465 312 -580 -140 -748 155 743 -1060 907 861 77 1167 254 524 -440 -34 -791 250 -114 1291 299 133 225
454 -95 -1061 460 -410 685 587 876 138 -515 -333 -114 191 247 -635 614 -747 -84 433 -31 -1371 658 -154 -618 -675 -58 -334 327 280 17 -227 -244 382 -1628 461 1030 106 235 179 128 570 606 -1253 -72 -334 199 316 -456 666 73 539 -192 648 45 646 -508 -783 873 9 -457 484 -264 1004 -279 -242 -1238 1003 163 -847 -84 -508 8 387 -209 -1 -782 -73 -272 92 558 647 -1034 -889 -854 -96 -234 508 109 -370 59 469 -695 312 273 -57 -671 -864 137 397 -736 -1415 170 -271 71 -339 13 143 -123 -101 759 793 700 -1293 -544 461 -21 -140 405 -220 -94 951 -246 656 1149 -520 309 -307 335 -227 1425 -343 -391 -153 563 1168 -75 -1254 390 327 -413 670 -964 -1843 -335 660 -581 -288 -77 29 829 77 -1184 115 -492 -701 -225 -450 554 506 176 485 19 -28 -339 -922 -419 -133 -987 687 1587 1031 1124 398 -745 -715 -731 153 445 -644 274 758 805 -513 631 -113 642 -296 -791 -450 215 -209 37 450 207 -758 537 -826 789 345 1109 -340 607 -4 112 1241 1365 113 -291 37 -140 152 917 459 -655 -263 555 -177 -219 196 -26 155 -466 -354 636 -244 1551 -200 -469 208 841 -740 741 -100 -67 -840 366 -327 -112 -19 518 -392 365 651 292 -493 -184 276 1027 345 -520 -183 1116 -69 -58 1336 -1180 -670 289 267 531 633 -1655 -491 486 618 629 37 -799 1109 540 12 -260 595 189 -161 -145 -1068 12 -909 849 -675 -272 953 662 -152 -875 -439 479 -263 239 29 -394 910 -623 -399 423 404 6 -857 284 411 -192 711 136 705 524 -450 386 215 -280 670 446 -375 64 533 492 280 -191 264 -547 -851 -668 440 -69 -983 172 -1910 -378 183 118 -223 -160 574 794 873 -151 -360 148 -373 -214 -785 488 356 664 -659 40 349 1038 -606 1316 251 789 284 -96 -417 -118 -181 134 -609 336 -355 396 773 -193 51 -350 -416 -820 -222 219 -638 971 269 1151 104 -397 305 -875 -505 94 -128 -1231 -204 1146 98 323 898 -4 -308 -346 457 400 84 -689 -495 -1095 667 1663 451 -374
230 -470 -218 -588 -402 -175 153 -352 -510 -198 987 -787 -269 494 -511 1220 -236 -406 766 54 194 -887 568 77 -299 480 -36 -1021 815 -836 1077 -715 201 783 -341 -573 -612 509 -225 770 162 -907 -301 -607 -637 -605 -356 276 763 -279 433 -301 -623 -487 -141 534 136 -742 124 878 819 -476 -1047 241 -699 62 -30 -1474 238 4 268 893 -16 1944 897 1036 -504 -564 1499 189 605 43 -169 -737 -22 -1070 141 -98 -202 297 941 655 -831 -1284 -216 397 295 -18 243 731 1139 -432 -422 1336 -850 -102 68 -209 -403 -740 -983 -236 -294 535 89 16 464 -1531 505 394 -659 966 521 369 9 362 832 -477 -213 462 -608 -300 582 -355 82 871 61 -107 325 -330 248 1071 -47 275 -61 -331 -613 45 386 1054 -563 316 407 -670 454 405 -297 -239 -278 606 -229 720 -743 -427 406 -414 -14 -489 193 64 -36 -350 -943 1050 -3 -843 807 450 460 511 470 -1038 -406 570 -904 762 -125 -693 521 -275 -511 -474 -919 -814 727 -284 -602 -634 733 586 40 966 639 533 169 -425 -398 -179 476 -440 -532 -110 459 -1106 -24 -1177 1149 -533 -171 559 72 197 -729 146 435 225 -302 -1232 101 881 142 674 1170 150 178 -22 454 -421 822 788 1046 438 379 202 1541 -18 389 -207 154 30 -752 -418 -533 215 264 270 105 -91 188 434 -15 -181 20 886 982 711 -409 11 438 -174 1374 -143 644 298 265 634 -1419 -631 14 -70 524 874 -608 -60 115 -913 -120 -837 535 -565 130 -16 -487 389 -721 -832 -293 -466 578 -245 -139 -267 711 543 -369 -5 -904 301 -153 328 -158 214 1079 343 331 270 -1062 -799 557 1313 -308 220 -176 405 927 223 198 -1392 -1455 122 352 -292 229 -292 -5 -63 6 52 30 -1302 40 -453 -419 443 336 -201 -5 32 207 450 479 527 -239 557 1259 -616 477 -627 103 1136 220 -428 772 109 -105 1229 -1037 98 18 8 1098 -302 -163 408 1991 147 -921 169 927 334 -689 455 65 449 -563 -529 266 46 -148 -166 -479 -132 304 27 -15 1062 244 148 229 301
-1099 -745 324 218 -82 493 335 419 798 570 -783 -240 353 210 723 -344 1004 821 32 552 -456 881 -1017 -107 613 114 -219 480 472 -100 1030 -773 669 -664 49 647 -412 -1237 -1242 -298 -275 203 -187 22 54 -574 388 951 -588 244 814 -206 69 -64 -159 54 41 561 428 -160 557 -62 258 638 -385 -550 37 -454 -21 -535 68 -258 263 -145 -734 -784 -350 -190 392 276 -796 18 610 1449 -254 342 1125 -512 -9 -285 113 -86 -494 -667 283 621 86 740 -246 -420 36 -31 -44 694 1016 617 109 -169 1235 160 -603 29 23 175 469 147 -403 -338 275 -74 -329 -964 78 -768 -514 -761 603 312 -100 -186 392 27 493 97 -644 977 -1398 262 -159 -161 368 188 -474 176 1089 -244 1364 -1499 314 -259 329 505 -850 -24 583 -514 57 1444 769 20 -173 156 -1006 -459 -715 -952 590 -941 -1150 -305 967 -480 601 -243 516 -490 142 -930 -196 341 7 -680 363 597 538 1865 901 190 -55 -979 -256 -41 -23 -143 159 -414 799 450 -519 62 397 -76 436 -452 -47 724 222 798 184 -14 136 -305 45 517 -536 790 706 353 -773 -138 1194 273 1063 -343 -44 -316 4 -642 -890 135 -1233 89 -216 -351 -187 80 56 -549 -489 -252 -601 1225 90 1017 51 361 -763 1210 -582 -154 1360 -679 63 -523 -545 307 -284 -329 -281 -825 -520 43 -552 -1201 581 -967 42 239 382 788 407 -279 12 -284 829 -710 -676 1026 501 -631 449 -871 987 787 124 268 -1447 291 429 309 -209 255 -879 1029 -1684 -57 -582 633 -167 -144 -856 -1036 7 526 -460 -417 -967 -789 57 -641 654 -344 1378 -377 594 870 593 795 911 556 -182 -69 -819 330 -411 -415 -422 1012 -1174 170 -1099 -588 -31 -392 -253 339 206 -44 312 322 -607 94 625 14 646 -236 -92 -434 -467 548 -1172 921 -14 726 164 -458 44 -71 602 134 305 129 517 161 3 100 336 -323 1130 409 560 313 -645 1027 38 398 110 -478 97 -72 1049 1506 -363 72 -524 514 -298 927 160 -640 428 681 400 -104 99 158 -398 839 -352 -627
723 -743 170 -1194 -1158 1189 -286 -719 -435 545 734 354 -32 -364 1333 1133 555 -300 -635 98 147 -247 -344 1221 -252 86 81 -145 -322 1129 615 1 -804 25 184 179 -502 60 2 -333 265 166 -930 514 -221 590 1031 -499 152 -540 -133 -1030 1015 478 -270 -27 145 -252 7 461 411 -271 703 -1086 -589 876 159 409 -593 211 -981 -33 -397 -504 -731 -269 427 -1030 120 961 -785 -479 338 -1015 325 5 -330 148 -549 888 70 981 -756 228 -4 -821 368 -608 205 260 1015 -603 471 -273 -300 -387 759 17 -921 -57 608 731 -218 832 331 -1190 789 -823 72 619 -921 -59 -622 -210 157 -356 -418 -424 -1160 402 859 115 -719 -686 777 -349 -130 170 -236 -99 -55 -427 976 1144 304 691 -616 -482 984 -626 599 1645 -213 585 978 -428 -351 33 -151 -1152 -335 460 396 -91 -298 -66 807 541 -761 -972 -1086 246 -1056 433 189 842 -1297 -858 1061 1326 846 -256 -257 -84 -390 -613 -608 -141 174 -336 -618 446 -1120 -443 582 -552 286 608 633 -231 -215 -49 -176 721 989 353 540 944 1062 -27 -221 -472 -377 -107 183 -321 678 -67 1159 -515 -18 -229 -262 949 -448 -554 -67 -961 -672 -1228 -204 -1071 -1147 -1081 565 583 -756 -953 -172 -41 -191 -31 490 380 -1101 -166 -172 694 1286 155 -59 -298 -280 -462 1081 -1233 -529 -4 -79 79 -932 787 -416 -878 -390 -41 -482 -545 824 842 761 -156 1225 242 -217 -208 -222 843 991 206 195 807 133 -567 851 1069 -818 464 -175 -250 376 -436 -134 847 -170 211 -261 183 642 259 -85 -316 -375 -276 -125 -267 294 -402 345 -294 589 531 -405 346 -130 -771 602 -1479 -128 367 282 740 648 852 -465 170 -205 938 -544 -1158 138 935 -1035 386 -602 -461 514 -201 -103 1119 54 644 156 1288 -515 133 -652 -580 -212 10 619 706 -933 -451 -143 1120 513 -1091 30 -422 -458 -349 -707 1047 624 -1021 1058 817 -728 295 -825 -994 -956 -7 -1019 424 -86 -955 69 -251 97 142 187 533 475 -138 -653 -492 -523 228 572 932 -1372 530 693 -734 -912 936 -122 1027
115 831 -177 601 779 -753 -73 231 -279 -381 391 -1019 1037 -1194 69 -13 -34 -379 72 21 1662 126 -312 679 160 -616 -1427 -587 -309 -410 598 -389 -1036 618 439 -418 -326 782 165 104 275 1034 -942 155 -991 -300 -206 -181 772 -640 -72 -457 60 304 488 -537 -367 -1626 -954 -67 972 631 -366 212 -144 -1270 275 -207 655 -408 -261 194 434 73 979 822 1042 129 409 343 492 250 407 -119 -120 192 1046 799 817 213 -531 352 859 -525 647 367 -1304 -877 80 120 -850 -966 373 521 -329 -167 -1079 806 -65 -154 -873 -163 -419 103 63 -819 2152 -497 388 -347 766 1169 648 386 431 -1495 -738 -147 175 -190 397 -1994 620 -681 245 -498 -447 269 195 14 -111 -16 353 -1327 -633 190 -267 -407 478 -116 -127 1068 -190 478 -970 -62 -734 455 -809 891 -113 364 -163 -405 360 -620 -549 266 474 -158 -579 -422 237 -227 -160 383 128 -393 -288 -32 884 1800 -88 214 -272 -247 104 226 466 345 -514 843 195 91 -280 -151 679 -69 589 394 -557 -795 386 -310 111 25 851 418 -615 -773 192 -836 -51 -286 1210 511 713 -24 -796 -189 355 218 840 509 6 -78 -148 -1373 -860 -25 610 -313 1166 -372 31 -100 605 -406 -423 -86 -97 -157 -1057 -1294 123 1060 -295 109 -773 -730 449 -344 -1007 285 546 822 -819 -506 245 -379 236 -122 80 -1002 -1213 380 341 -142 897 -131 -268 669 79 220 319 747 137 -74 -279 220 797 1498 -651 -1041 627 -262 201 -549 -22 -86 479 81 280 -1295 -251 530 819 -1080 -586 336 -166 307 384 1502 -1394 980 -289 -1 -568 402 -528 921 -92 837 941 978 -1095 -214 -242 791 -250 -645 -1120 -1071 196 388 -445 -1082 -624 287 728 116 -626 -220 -1024 1101 -780 -745 -131 -712 -800 -832 379 271 -512 -602 104 -436 -625 -838 33 -660 -439 484 345 -654 -172 -109 -162 96 135 211 -77 -310 673 859 6 -458 496 -463 531 229 622 -970 -468 -1 738 -528 800 -445 -79 190 604 -52 406 -640 22 -99 -523 1268 -440 600 -354 -39 -289 -693 415 298 -178 -760
-498 -133 697 644 -316 -692 -26 213 -206 96 -535 337 -713 312 -1014 555 225 216 -282 940 -1133 392 -60 615 651 655 -170 351 -183 318 -397 -69 145 -222 184 -144 -421 -1031 -60 -924 -186 -625 541 265 -392 252 -194 1105 825 239 -978 156 -936 -579 360 643 -342 -70 218 -545 266 -366 93 -255 -200 282 275 857 -873 -294 204 238 -259 -540 -784 276 299 -374 -337 451 503 852 -1434 150 -368 350 626 690 629 248 182 -290 956 -689 16 -952 -553 -474 -871 89 1196 283 431 66 -219 -239 -838 177 -591 256 670 895 -222 -897 504 -298 -109 -255 169 -198 696 -569 88 459 235 -336 -231 5 177 -140 -124 -155 -836 799 -543 368 266 84 -1480 -506 -384 218 237 -581 -504 -719 721 535 -972 259 -316 258 410 100 -589 -65 -94 1051 -253 -96 -898 -1445 1038 -897 -40 -43 -486 681 92 -5 231 -166 184 1117 178 750 -403 -215 31 -467 -578 -73 957 687 456 146 1105 -12 483 125 493 -55 -544 604 517 1104 -495 -80 -196 -750 -256 -416 -315 -271 -57 -1213 -560 719 -292 -75 -167 -1003 398 -440 747 -797 1107 660 -1012 -154 -303 -43 96 201 546 -705 529 209 570 347 168 -1011 -111 -504 -436 271 -176 -254 1705 496 -364 -752 -318 52 422 70 -720 -285 657 -892 -781 -907 1019 4 -61 -131 598 -1191 1051 96 651 758 210 -10 -484 554 -277 448 -1183 -781 229 -439 -475 39 -195 -519 964 -193 505 -913 405 297 127 -644 672 -237 -50 1234 544 -379 181 468 -61 -14 31 -284 216 -450 -222 -713 330 -626 -322 93 -743 -460 619 897 1013 -204 -503 -141 -2 484 -43 838 -118 -351 -97 1080 -1001 282 -574 -477 -761 -86 -187 48 452 594 22 -1334 11 586 -297 124 716 -164 728 321 -155 -116 447 919 645 -1291 -40 458 -15 -567 -293 -357 742 1493 -40 505 -132 1285 830 640 -262 258 306 -97 -192 -843 133 -502 209 597 546 137 9 -1437 359 -461 762 -477 2083 -616 -694 162 -809 -384 491 -500 -813 -111 -392 -99 -211 206 -314 425 186 -194 -1594 -678 646 431
830 1147 179 401 101 -308 -828 -497 316 163 -318 -131 -703 451 836 -380 -694 600 -700 748 -136 759 -792 1089 809 711 -601 219 242 844 -495 -287 212 754 -416 595 -281 -270 -191 -993 -135 926 47 -504 -795 672 549 -150 116 49 -286 -400 217 72 -927 444 703 45 765 63 -538 -482 -139 609 -1316 637 1172 126 -580 161 484 854 -374 545 169 1010 595 83 589 67 -276 -1365 814 -578 -337 887 -1125 32 -677 116 -875 -419 -816 92 428 -27 146 269 -788 -1168 451 971 505 -1024 408 -554 -85 -217 362 413 299 -285 414 417 640 -249 -404 1300 -120 22 306 678 -392 524 781 -219 614 -492 191 554 -234 1048 -939 -641 1167 44 445 -1638 -288 396 25 -748 382 -427 384 143 -643 536 618 -1215 874 1536 70 318 605 -90 857 -1421 -188 1406 386 761 53 338 -316 168 -267 374 -140 -577 -29 1027 405 -117 -33 888 79 754 -1081 -124 233 -26 39 -603 -430 99 -1619 -220 -94 246 798 -206 566 35 416 -375 -932 -247 1768 -88 153 157 950 272 463 -694 175 -198 354 1208 -286 -1170 -415 304 -466 -28 -727 1679 -138 494 -223 -254 1406 1012 -553 -973 1711 525 -507 -479 608 -598 735 18 188 695 -619 152 101 -376 -319 254 -277 -777 -530 1392 919 757 578 -160 595 386 -296 266 372 -787 588 785 264 733 -486 -344 -188 -251 24 376 -438 372 -203 975 123 102 415 518 -741 -294 105 -790 1030 185 -1100 28 -745 3 718 450 521 -697 -1204 177 1436 844 -742 -452 611 1408 167 114 -22 -325 -592 -554 -348 628 517 -491 -225 -862 939 677 -879 813 -864 -120 -1091 -1047 875 -343 -521 553 -277 -434 206 -390 334 120 1032 224 251 260 -139 196 227 -1281 -730 -281 153 -582 -102 -376 -729 -885 -246 -72 542 -467 122 571 -184 -139 -429 -457 -670 -725 43 465 851 -856 -1078 -1218 -391 74 304 4 -195 -889 290 138 20 684 674 -851 322 -348 -420 632 -337 -934 389 412 -268 24 -654 544 -216 -305 188 -359 24 175 -226 908 236 193 -191 1488 -449 -95 450 -134
-749 173 -749 737 465 -463 -400 -1058 267 -524 3 -133 -221 -162 875 -335 -897 -367 -424 134 129 289 309 -387 343 -151 -608 -313 91 -651 -118 184 844 1323 158 812 312 -751 -3 1589 491 125 186 248 -1228 -1347 -618 1037 433 1080 -714 1003 -713 -684 -624 282 808 1063 171 -281 334 643 -234 202 -171 10 739 -116 892 -34 -53 642 111 668 14 -271 264 671 752 -1062 -152 689 -370 589 118 106 311 114 301 784 -918 -677 -523 56 548 723 797 -774 -1328 -163 -18 -85 44 -194 -581 730 -269 799 1206 886 -209 -472 -126 -567 558 171 -452 -90 655 670 636 -100 828 813 -190 -423 893 1166 -407 -785 599 -1323 -380 333 -176 -399 484 -609 -14 -1795 -1080 800 336 -537 421 -464 213 351 564 1144 -453 -217 -898 -224 -662 -680 886 313 553 -561 -1042 -879 -567 256 1330 -644 148 74 -50 -4 241 -564 45 -537 -756 -412 675 228 -1166 615 573 -429 276 1222 -510 35 1223 968 1215 -195 247 -1071 65 713 -196 535 -512 409 -264 -621 275 -566 -290 782 -551 -220 863 -613 42 976 603 -340 -306 -434 -1123 -746 501 -1048 -863 431 481 -354 563 1107 226 417 -94 543 -956 561 -489 -25 -806 166 -911 213 474 -409 246 217 84 -567 277 581 723 -384 298 -52 628 -261 225 324 -108 830 793 954 318 659 414 -668 801 375 -1282 -127 -400 -613 -422 -139 213 327 524 -761 -732 146 -359 331 0 -201 -744 356 -201 36 -245 455 305 53 140 -466 547 650 336 -392 1099 762 -1186 -931 6 -288 -152 -512 658 487 39 -1760 -698 510 231 451 400 -173 -185 -878 -56 -454 847 50 935 -522 -259 1763 -762 -217 760 866 417 -1061 -570 -16 290 -1241 -883 -183 -266 -532 -708 -991 -615 621 257 -376 -439 -157 402 341 -289 163 -190 296 -303 927 -319 928 210 693 -737 -567 -256 -181 -842 740 -378 -944 -854 -147 380 235 319 -1314 392 -1076 353 -278 -288 3 -486 130 -331 70 -458 677 -372 -368 -946 295 202 -303 135 798 512 -370 14 -194 -40 108 -469 -42 -211 1033 472 -978
549 553 -4 320 229 847 142 127 -431 -319 652 -220 688 5 -368 -784 -593 -957 -1150 -496 455 -334 -881 -22 318 421 -988 142 -78 -716 1067 1190 -442 143 461 116 800 183 -236 -1079 -426 -3 -7 -548 -1262 178 306 -44 509 908 207 -454 -1207 409 -37 -529 -412 1259 920 285 -1110 206 -315 -1322 325 -422 268 833 -696 84 -394 -404 645 551 -253 -1067 917 -489 -954 -708 -376 47 439 -868 -1546 -64 -664 48 -287 291 -914 -172 -459 738 -922 -104 449 -947 -428 82 -385 -398 -22 278 -24 -231 310 -537 -530 471 -359 -477 805 -958 -325 1403 -331 -482 642 1044 -375 -913 1063 363 231 1230 491 -334 -469 155 -1574 297 420 420 209 34 1216 55 36 -856 677 1186 634 220 -718 32 332 -51 -1068 -442 -41 468 229 93 322 209 920 276 14 180 568 171 -117 340 -2277 -140 456 424 331 -602 565 86 879 -267 -1600 -180 -854 672 269 714 898 -166 718 24 -913 -1786 739 228 -143 593 -266 643 406 -121 -503 1330 -318 -246 -381 668 -237 -134 -849 -501 -52 1285 -134 -792 1012 -399 583 599 -205 -53 299 -280 441 -1630 -909 -644 -1323 1041 219 -213 -516 149 -419 296 987 764 580 693 -180 -493 110 515 632 -273 -41 -33 399 345 -782 518 168 -439 -606 -466 781 178 -862 140 -268 -123 660 795 324 112 74 464 698 60 -350 -221 31 380 725 -1247 1025 -332 194 -1239 -804 197 -185 28 1704 -1797 -1267 -117 848 -61 389 -275 -90 187 456 -323 -786 -10 -173 -97 -403 1445 331 -264 -1040 -587 -83 -214 -295 331 38 -28 689 731 -134 121 -161 618 358 292 1191 -477 23 -1084 -306 -446 -72 -654 0 230 -583 399 -633 342 1026 138 -1123 -744 61 503 -348 -294 277 -730 -346 1048 -159 -1368 -520 -797 59 -1367 131 -155 -1084 -131 -201 -132 548 -1197 -311 -670 200 6 -86 -287 507 722 -1048 4 -347 18 -436 566 -381 -972 11 -1080 -539 38 -394 -256 1019 1141 -483 871 -272 110 32 632 1187 412 -416 -193 1622 -409 -263 234 -214 -644 -411 830 101 180 235 84 736 151
-1 285 901 -534 562 111 115 346 -71 -58 87 336 -1102 1124 201 -81 1158 -170 128 -177 -401 -57 -510 125 803 545 -486 -812 199 -134 -67 -1381 818 969 -1115 -391 -701 -270 235 -412 -906 419 -375 -256 822 -1060 -71 -283 -372 57 -25 -372 203 -513 -551 -558 -238 -302 -200 587 39 711 -837 231 505 884 436 552 -541 -385 81 1846 0 217 -183 -616 -594 -472 -584 809 -221 -1 27 -273 -143 -39 877 41 245 -739 684 -634 -877 -185 -1566 411 -455 333 -548 -462 512 -1255 156 1106 314 -482 183 259 338 343 76 -664 -129 1346 -284 450 -16 285 707 -239 423 170 -925 -474 197 334 445 -89 453 291 546 -141 -371 -421 -434 205 -513 -667 -51 -180 172 377 -850 126 -352 -111 -744 -338 875 -857 546 4 163 232 58 377 -1423 -220 1034 415 651 -76 -504 378 -737 740 794 399 -620 452 -543 -237 -1046 257 69 532 -220 -24 642 -1151 242 -49 1136 -171 -340 -11 383 -220 404 69 299 46 -1125 -114 -480 -304 363 -306 -159 963 -618 366 -389 -651 -382 -668 -1612 287 1040 -54 -572 -1079 -370 -267 762 108 517 -194 309 363 365 357 623 120 623 -443 113 -387 -107 -1175 -15 441 902 -531 339 602 70 -407 -443 -4 -25 797 -584 -136 -188 -482 -1055 225 -432 313 506 1030 404 -183 856 19 697 -313 -379 -519 451 -337 -734 -7 31 851 1227 -322 -306 796 1461 -13 -718 -764 278 -152 -1631 -59 445 -384 74 -728 627 139 -345 -619 836 -1230 -979 59 816 -50 -338 515 506 377 -958 772 1446 -71 -180 262 -1123 -47 669 5 -117 -135 862 822 -349 251 -257 739 -552 -646 -727 1016 -984 -73 -497 -161 -327 -369 250 938 496 327 -394 1110 -136 -825 -536 -354 442 -877 938 -1334 -262 34 54 -793 -646 -82 -792 -73 890 -641 144 162 -660 -63 -918 -35 623 -694 353 -382 -628 619 -121 3 -48 -969 -443 -19 -77 728 494 540 1176 -676 -567 -319 996 470 208 -853 385 -422 -76 -75 -531 -527 -885 -1070 354 961 -296 -217 -656 265 336 1338 153 74 -266 -185 268 883
-262 438 -704 1069 -1153 899 776 -1691 1106 -698 830 -473 -1179 -574 -86 4 449 -422 637 -813 1006 -556 -310 690 51 1263 735 -178 -679 976 -119 -246 517 -494 1187 -948 -82 130 -995 118 574 -1278 77 -11 -337 -317 263 -135 558 -131 95 -722 -166 290 514 375 -121 875 -1334 -171 706 -1124 -328 -990 186 -95 -1217 -566 507 198 -197 1110 195 -654 -1001 215 -6 -425 -1430 -955 -263 -376 -72 -937 -4 400 -1182 190 -220 453 -285 -243 -1143 -545 -265 -545 955 502 59 -800 652 863 -331 -33 -221 135 226 191 -166 14 -126 -1321 512 658 113 349 330 158 -91 -579 409 874 688 -361 25 13 192 -55 -92 259 -137 110 -348 -343 1306 -366 822 -365 -199 -594 1015 97 -640 170 -206 -398 -64 862 237 -292 -973 -82 -661 -14 -208 1460 129 -184 256 -257 330 376 -63 132 -115 321 291 -925 715 661 -196 -803 -481 648 -618 695 343 226 161 -334 1370 1497 -467 217 1156 -56 231 1188 689 176 -166 -412 544 718 21 -837 444 -218 398 1250 841 -855 608 751 387 -685 421 -651 452 -68 -523 310 -832 7 -88 1096 -243 -345 550 -256 21 176 -24 670 244 -437 -286 -399 -183 648 -778 -1100 -86 -132 1002 -733 449 -863 -986 430 600 -550 13 -204 -445 -7 -298 -477 -1087 954 921 -134 221 1 -1416 -31 434 -135 467 478 648 -141 251 -392 687 -132 -144 -436 919 -240 -35 -10 286 457 228 170 -787 152 257 941 73 446 -585 173 163 1015 128 -487 189 -1021 85 158 390 154 -935 783 193 -214 -90 834 104 -1422 223 -248 -272 -246 -297 -170 -272 -704 238 112 -333 1044 -340 -84 24 -146 237 418 -105 108 407 -527 -369 -293 371 695 181 -314 1351 127 -411 -1013 470 -459 -376 1 -180 718 71 -773 22 103 -329 -229 302 -1421 525 1168 -134 -82 308 -51 54 -49 -466 859 -203 188 -371 -504 203 -214 -322 664 -455 -458 -266 -44 543 525 697 435 -207 -550 -378 40 -826 608 160 -256 -998 -849 -367 -281 370 -37 -36 -688 -387 152 330 -37 -858 -26 -1 1304 336 -303
-90 -586 -312 199 -918 -302 952 1207 -419 150 342 -470 -85 -13 -1392 -141 -3 -236 -222 -431 -234 653 405 -48 -512 -216 -621 -323 450 -320 450 98 426 -207 -838 49 -1403 109 -302 -485 1488 8 -178 -307 -717 514 826 -276 440 -7 911 -9 -101 -761 -681 -542 610 -1445 1323 -521 -676 250 370 365 541 817 332 -242 -217 765 -499 -467 -1027 -496 -385 -219 -647 -304 -820 -1266 -251 -668 69 1413 -369 125 932 -187 973 -207 670 -771 91 -208 -469 130 -176 -361 -1695 729 131 -233 -182 -179 -422 -318 -318 695 -890 780 -275 -648 -569 -831 -336 515 168 -703 -36 366 -477 -336 680 -41 260 89 -894 319 -105 517 5 -504 721 715 122 373 -335 -726 -265 337 342 -360 -130 -1222 333 -201 741 159 -1232 840 433 -226 209 233 -611 -330 1245 183 53 718 465 -165 540 -108 -67 787 463 -1418 -11 -931 264 159 -207 386 157 350 1255 -787 473 -329 -253 -618 259 101 -451 -333 -365 614 -224 -512 -53 -802 798 588 -187 656 -178 256 -209 69 1017 679 -771 -735 278 -159 -107 -519 693 -56 653 551 204 248 -707 77 861 476 -639 -811 699 1356 -387 -216 41 -513 48 -434 -183 613 -143 -551 -336 -65 -1060 -207 895 1217 -742 -141 -1569 -613 420 -677 452 756 -547 -63 634 549 482 -433 104 443 74 1043 -1092 128 -855 -546 226 630 -416 90 397 411 375 4 -355 706 -435 -1058 1936 -587 571 358 -601 405 -1665 -1189 -262 -159 572 354 -547 34 265 119 -768 407 134 777 52 74 -359 -326 -663 1236 -375 -104 -464 -307 -437 -31 976 431 457 -851 338 -1058 -456 -631 -74 -236 -176 -504 787 105 -1494 -219 359 -681 -564 41 206 147 491 -320 -507 189 -25 -573 824 -978 -201 14 150 141 -57 -291 -105 -789 -514 -508 85 -672 -386 967 -625 186 -249 -26 -162 -550 955 80 -60 65 -625 137 -140 -674 725 -250 714 555 -97 -486 444 -141 -254 -382 1171 -633 723 -295 -569 -201 385 -8 687 -409 -930 -466 -802 -57 69 876 930 328 -542 -746 -181 -871 -701 141 1319 -399 24 225
-236 -34 943 -49 -50 -504 52 -31 310 305 -417 525 15 644 -435 173 548 368 220 -467 887 -177 -207 782 772 533 496 616 -617 -437 17 -311 928 92 -117 90 259 721 390 1013 -1042 752 549 413 565 -1136 315 1223 549 423 408 -51 456 -1143 -537 321 121 -751 -367 -590 -270 -646 -12 -898 -30 -128 -601 -163 574 -47 903 198 -612 394 279 -816 438 -1093 679 -31 146 711 237 636 614 37 315 135 557 113 427 -693 280 982 219 -4 -135 -82 -321 -69 122 -702 -616 -305 346 -557 254 -636 487 -330 -927 -1128 -240 643 -866 -590 -699 -301 -1093 -1019 219 -901 -205 1137 211 604 139 -473 699 -590 -716 -496 1114 668 -602 416 583 382 -227 -312 879 -700 -284 -16 -263 -710 621 -220 -1069 -1160 296 -629 842 -425 -718 -190 -8 568 -756 934 800 -281 -424 1075 1359 -1093 311 -552 356 412 451 286 26 224 480 1198 178 -693 -71 -376 -482 -485 -84 467 -263 -449 1161 -14 1029 -632 440 -126 401 455 -537 -439 -195 385 -49 196 176 -614 685 -921 -650 -797 300 -151 -1107 -330 -922 10 -1047 -180 -486 8 612 549 -1125 -1248 1238 -107 836 -584 488 -571 334 1378 289 -880 289 -1540 -302 274 -298 -274 890 860 90 1593 297 63 -342 1235 388 1000 -579 -774 545 53 822 -842 757 313 -934 695 156 57 521 -976 969 -523 358 -30 47 -516 440 -1075 -559 677 -182 -639 -798 611 -594 -184 -528 427 -1287 675 103 -418 1703 -53 -34 -316 840 98 -186 1005 429 648 -704 -442 -232 -135 700 1039 655 -526 -1166 -209 -418 1595 -720 563 -742 294 273 219 -114 -584 -182 623 115 996 629 -510 830 -1167 -311 -263 521 161 -624 917 -179 -1110 -257 -43 -381 -240 508 441 210 -489 -511 -228 -457 -390 -78 416 235 -527 -808 -543 -125 480 48 83 -876 669 -173 -244 -594 -160 -674 221 -240 -318 1135 313 -838 -611 -525 -217 -53 208 762 95 505 213 886 -167 -693 -751 549 364 -337 -135 647 -240 -466 -579 87 408 428 357 553 -215 1335 359 404 -116 -400 548 196 -1513 1347 823
503 -375 -1063 -372 115 -866 577 896 8 -528 450 -717 663 -580 -85 471 1246 -302 77 -319 -211 -73 -542 235 -434 912 652 -340 -168 1105 587 -712 -566 -29 383 947 -50 -472 -476 121 -539 -799 118 -822 -240 -657 155 -798 -242 -1412 871 -446 -318 66 -269 905 -22 -432 -153 303 802 147 104 -28 434 -15 -1220 -72 -651 -183 105 706 -222 491 151 838 -634 -285 111 -252 -72 42 -267 1176 -575 -751 1371 -9 -49 454 840 480 28 29 961 351 -431 -973 -1302 483 1842 -857 -696 -605 -185 480 -157 -421 857 -744 218 439 78 -390 868 -1118 363 -471 93 62 60 225 284 -445 330 -196 875 -1067 370 632 176 -235 931 -446 -254 187 -653 717 -601 -721 -599 1115 294 -383 1416 -650 210 -49 438 54 520 469 -318 712 -601 -843 150 1232 -1080 -500 -318 511 236 -941 344 190 556 971 -263 -1921 -171 88 -61 994 305 -243 775 1039 524 760 -400 -489 -282 185 334 -411 632 -20 -497 -396 -98 510 -1102 -608 665 -13 -560 -392 -819 -790 122 86 0 931 -59 -396 -851 298 15 563 -573 -176 -30 146 725 -1192 1233 898 -95 -802 -210 106 -383 253 -373 -739 -458 -149 130 -347 266 20 -143 -1450 -1259 -32 -360 -484 264 322 -167 1038 -961 -90 721 554 3 1233 748 -714 -179 232 -463 -660 696 4 -211 -229 303 1130 -724 116 -24 -260 1059 -1357 977 -182 -136 567 -213 1094 -251 692 -368 -98 124 -1182 -423 -90 -1141 -12 222 -5 1214 -117 425 -259 3 396 319 321 -368 -411 330 50 668 -292 65 327 70 348 117 -247 423 -206 -351 247 -138 290 -172 -762 118 -153 -179 819 807 -291 -541 -1266 -1123 645 143 556 166 536 -1037 -587 -730 300 142 -936 -927 4 458 212 803 -397 -370 -675 59 -694 -259 407 70 -891 -335 214 248 543 372 -114 -1 -164 137 225 -626 -459 1112 -50 -383 -92 511 916 -163 -701 374 263 -26 -708 331 841 123 787 1385 360 231 333 -29 -284 -607 187 54 774 -22 -998 -255 -9 188 174 -375 -300 -96 717 390 227 -464 -445 -375 -352
543 -70 -386 -470 -29 -498 -563 465 827 761 -5 67 60 -913 -319 -378 -90 1 655 -465 119 -768 -490 835 917 1054 889 837 -441 -231 -297 56 1125 1011 -485 360 -269 698 -693 -268 -223 -480 245 52 524 9 -1669 -180 -1014 88 -93 482 290 -403 -28 79 -1 646 551 -889 168 -703 560 -841 1076 -62 663 20 2 -157 439 -1175 93 -518 837 27 595 -363 -351 533 -1021 92 -645 1323 976 -589 533 -454 365 508 891 -49 -852 356 384 -100 -961 -398 914 -1155 267 -865 244 150 747 890 -306 463 364 536 -645 -756 -25 222 230 -483 565 493 773 -531 -82 44 -235 233 279 297 742 242 11 5 -1100 -92 527 -1406 -1570 549 45 537 -1021 -1077 -491 -79 461 -507 633 -428 -596 409 134 -592 -14 -1692 -701 1053 -169 -213 1246 962 -326 1077 -52 -1075 -126 404 -1108 319 -1242 1125 -178 244 -56 170 109 -1073 -292 -672 881 959 1208 615 -671 189 -280 1355 839 -285 813 -281 827 262 -87 132 313 -272 -116 166 -780 -362 -724 50 553 1329 926 -1672 215 -469 104 897 -1019 729 -132 136 1193 -751 938 -872 816 -432 529 528 242 -306 28 -9 49 520 265 741 377 230 -1244 -257 553 360 -59 -568 -391 488 -297 30 -501 799 -222 397 413 -166 -867 79 252 75 445 144 538 -90 -38 1138 766 906 -906 22 275 -522 -986 199 -134 -918 -682 314 -940 579 -857 -458 -685 -29 961 -1078 -736 -117 544 -218 -504 -927 991 199 -669 1482 -25 524 -122 -167 477 1203 17 -164 -93 566 914 924 -40 -327 594 892 -509 -3 346 -9 267 119 -82 147 717 -833 -320 -145 732 -405 687 382 -132 -438 -855 268 412 723 -389 274 -1025 -76 957 864 541 -392 1263 470 74 -226 -121 -372 420 -524 600 -610 -760 -782 -10 -302 671 -150 -31 466 -151 778 78 -739 -680 378 273 588 -473 124 142 80 -565 -163 131 77 -451 198 -797 -547 858 257 201 -792 -177 573 568 -1103 -1081 141 -634 -1368 -619 -137 268 528 -384 -177 -50 -75 -565 -250 -691 53 790 223 -814 136 -111 384
-4 360 -134 43 255 -213 -557 -1300 -244 337 -976 807 101 -221 -143 -1266 -343 704 306 1155 1146 -263 617 -430 -1081 302 1245 687 403 -543 746 168 575 -746 565 670 2281 -22 -308 -4 -1069 1214 93 -73 302 115 -374 1201 -545 -252 7 549 171 -1137 1040 652 -928 405 1200 925 233 -814 -345 -302 198 -169 130 -408 690 -626 60 -81 588 -625 1120 -35 -1017 -29 -461 1023 -473 -599 507 244 307 -528 -329 1104 254 178 -84 -669 -328 705 -167 683 194 943 1227 635 293 -587 -1149 -790 -402 562 -4 283 290 -1204 -194 -180 204 -158 -189 294 -198 -515 -673 -131 -159 77 257 697 -122 -229 758 490 8 -821 713 -213 -987 294 305 184 43 499 26 -211 -1555 168 -611 -245 669 434 829 -403 -112 158 -478 351 891 -446 -584 -272 -610 -161 861 -373 282 -459 322 -575 431 269 -1082 -865 -302 632 177 634 -691 -390 -202 731 -797 -724 -477 160 248 -396 860 71 743 -3 -109 -384 -63 776 967 10 39 84 -706 400 1254 -656 -618 906 987 -897 -252 -640 -1405 37 627 152 52 406 -665 393 -445 678 395 836 -134 1003 -121 717 -194 190 -527 -863 -43 -203 -514 577 1402 -834 -105 306 679 -334 -818 -120 -471 -717 87 278 163 -310 -665 -119 339 -363 -313 -418 -517 603 344 291 655 -454 -539 67 -302 348 -765 -344 -665 -415 -265 -1096 -964 122 33 620 160 -264 -374 -873 -426 -997 -115 978 -756 -53 -939 -776 621 622 273 738 -1482 -1241 335 -178 -751 630 -1603 -735 667 319 1141 -512 -245 208 -976 -120 -839 256 -411 -701 -188 -665 -768 274 63 153 264 -118 876 -315 144 -634 -229 682 -206 614 -311 234 272 -892 57 -852 1030 -397 1018 212 -651 -1089 -356 1420 440 -8 55 -137 9 276 101 -651 -158 -600 16 1114 305 805 83 543 -675 801 637 1465 -122 -939 32 -1775 -746 63 443 964 -204 296 -91 419 536 347 -282 211 -607 1433 23 1051 1 129 261 295 -1157 280 -471 335 -62 1047 148 436 -49 237 158 -680 1277 762 1225 -39 -386 -568 -617 -950 776 728
103 -1054 65 1167 -245 -989 511 -368 207 135 -10 537 -192 -174 449 202 -172 -452 -221 -455 141 -536 -444 -211 1256 -1230 156 27 280 87 484 69 794 147 -69 -721 132 -255 -95 274 -405 570 269 136 746 -566 67 -608 -1081 -183 185 -1023 336 563 -499 375 -9 -374 327 21 -296 384 -352 143 1445 1390 -258 482 -398 -373 703 -26 -836 -284 -831 -394 1 152 868 -450 -38 -66 -451 -115 141 1201 663 -1361 492 -653 484 -364 -1093 -65 -60 -551 -273 -319 -725 381 167 230 584 -157 -155 268 245 205 -467 493 -192 1213 -867 -535 60 57 -728 265 1091 -1224 -935 46 632 1188 47 -467 452 -26 393 -788 170 20 486 -238 -491 282 -646 -308 -327 548 406 -286 823 -345 695 166 -300 685 -513 32 1014 -17 -14 47 -447 -532 724 -776 -558 -452 1015 107 -1191 854 -42 389 223 1300 -200 62 65 37 -273 -42 1605 -700 -20 1051 340 -238 -479 440 1407 -198 -314 -595 568 564 -359 689 -935 905 -1148 -1171 124 188 78 -307 -1215 73 -324 -236 -187 105 -307 539 -1220 227 -650 79 476 -292 39 -518 924 -1301 393 -110 584 -2049 -974 753 -358 -1264 -946 282 -1185 -349 333 -92 161 -814 -813 -586 -196 7 -218 -715 -20 161 91 -112 -999 547 -396 -875 723 -371 -502 -18 120 513 85 -955 -11 275 -614 -143 88 -32 -56 252 480 18 833 781 -731 279 -1054 -66 379 1426 585 190 -894 -356 -769 18 -835 481 -254 192 128 -463 -400 -737 285 -53 594 -206 28 -990 -157 1308 -112 298 -83 107 1182 258 -210 -898 1150 -868 -635 505 812 390 -229 -259 56 546 -777 904 -558 599 -307 169 19 -408 -61 -996 356 275 535 667 -906 471 867 -177 727 565 -164 455 1606 -784 826 -103 -1053 36 -815 752 277 369 367 -5 140 -418 -464 -406 111 -80 -304 -801 361 311 -146 485 -77 -327 527 -744 662 1709 -43 125 783 616 873 -228 -132 -1797 752 -412 -65 382 505 -263 1047 -662 607 228 694 -12 -520 516 691 -413 302 99 -417 -556 -512 783 -43 589 125 130 414 113
-114 259 -938 -712 261 259 273 454 480 -761 688 340 -43 159 -1318 554 -84 503 783 71 -811 -315 58 -810 -505 364 -365 -453 1069 117 -303 42 434 -2 1176 -966 273 -493 -434 35 570 -926 607 545 -1082 82 -810 652 645 -218 692 633 329 -79 122 169 -493 -405 126 278 943 548 875 -570 333 137 -141 310 815 -432 326 169 370 -684 -980 -142 -453 -865 -80 62 333 -329 -1139 328 134 -209 468 -514 -619 -370 28 205 339 461 -969 -401 -197 -73 -392 -241 870 -117 313 601 51 -28 -25 772 -129 436 -112 529 -82 -309 223 130 850 -174 576 341 -278 1814 -1197 -602 -905 -614 -628 246 269 1249 501 -1160 -975 7 346 -742 -645 -587 957 -273 -168 -607 -990 314 -344 379 856 -58 -65 5 -1018 -55 75 -395 277 195 -1044 -188 749 -1650 317 814 619 -708 -1073 79 323 161 1201 377 1013 145 -136 830 670 -1006 359 -635 147 -745 285 1127 351 478 88 285 -420 895 613 -459 -359 1160 92 10 819 972 612 -49 -866 -331 -915 188 29 317 -491 -667 -444 132 -131 -208 378 372 -1339 1554 243 -486 280 -1033 1190 -401 -422 -145 67 -776 92 -303 322 -883 155 125 10 995 -765 106 -215 1037 278 578 -43 449 -445 -47 -1020 -1134 -68 -79 -333 -1141 -641 405 -627 -431 655 -1311 23 -1227 245 111 638 196 -61 -152 -753 -837 -346 -143 1641 -830 -75 406 -178 834 178 86 -301 617 -426 413 1130 583 -224 18 -252 -1025 -455 496 366 -84 117 599 -455 -109 625 -1056 712 17 -174 140 -51 715 -651 -324 -74 20 117 -93 820 -11 69 -277 33 84 262 57 -447 -194 -12 -418 -118 337 -53 671 1544 499 391 -79 -175 -83 254 148 -117 190 242 1018 -679 -448 -201 213 -668 272 349 262 1901 -132 -327 -172 -125 74 532 -426 145 48 251 -106 0 198 -334 780 -310 -183 -302 321 -1095 -102 -96 -170 -436 -238 4 -271 -543 -297 17 -1318 -99 -824 -976 -736 446 -1545 -1638 239 -243 -1372 -48 70 -219 1261 726 -25 -336 943 330 212 973 -706 -210 -228 -270 -400
413 -126 -139 111 -845 -89 200 -213 -282 779 561 -533 93 -1113 -127 727 -488 -216 -353 -992 -50 847 37 -901 717 -132 -763 786 -226 306 -193 984 -749 -458 -774 -210 60 370 -689 250 145 226 250 394 -541 686 294 521 310 -20 467 -569 -825 459 -253 1145 -402 -104 -665 -393 -284 -149 1060 -414 97 -610 1273 -437 116 -635 -1313 799 206 1161 243 -182 611 -698 -1133 390 -724 97 -810 741 -624 872 263 -415 164 347 -270 -792 123 -423 -203 973 -161 -218 10 -316 879 517 -107 678 327 -572 -993 -59 -556 -656 277 1382 479 386 1769 -30 260 66 -112 -507 -624 -414 1174 -1234 904 -281 514 365 649 -935 -821 -619 -757 -372 -90 -555 -205 -253 -61 130 -18 18 -36 390 487 -1135 645 1521 -368 278 -390 1253 -524 669 -1156 -930 -462 33 -832 -490 206 -734 159 -500 -265 -1076 612 526 971 -272 1080 -2 68 -322 592 71 89 -24 -569 851 179 -211 -1563 107 914 -1009 235 162 -458 424 -117 693 272 430 1356 -202 328 -233 -89 9 635 -107 223 -210 -121 -905 427 -88 17 539 871 258 1065 220 820 765 -519 1043 -814 423 -140 -6 -436 479 986 380 232 306 -602 316 71 -24 -398 -223 -863 -606 498 139 -373 196 -956 -607 -1052 -493 -410 523 -833 287 -141 -247 -267 459 -636 112 -670 754 -973 206 -500 577 -861 577 494 -587 -75 351 1479 700 2 -579 -531 -852 232 575 73 358 584 -203 -460 -124 364 -352 207 -391 -231 -205 -407 338 890 -324 -255 1064 165 -293 -780 -423 -701 -862 -516 164 141 239 835 -140 233 1048 -395 -221 527 1214 157 -146 1141 -1320 599 71 -795 175 492 222 -603 -670 391 153 -480 -109 -133 -678 431 -743 821 -914 303 960 -227 -49 -636 581 469 -858 -1153 -112 -39 -291 -317 429 323 1357 128 -926 -508 -79 1270 -236 -175 155 1389 -720 -520 394 430 -904 266 307 433 273 275 -61 -1569 -310 1437 -1016 1107 425 680 263 -222 -487 749 212 866 934 -751 853 -1390 -588 737 9 -102 119 453 -154 21 -200 -248 -411 -608 -65 858 -1061
-356 -368 776 142 924 708 715 -368 -765 -233 260 76 -628 -300 -1 -404 108 659 -16 -255 -1047 515 236 698 285 -624 478 -49 -441 -91 -23 81 -877 64 73 -220 553 55 -525 -989 -604 -69 535 -29 424 140 -845 -376 281 653 -82 -459 224 460 -265 69 402 648 -803 123 -156 -561 36 -322 1429 1255 961 -157 -63 1664 -400 -690 -647 -140 -384 -78 -206 -213 -785 320 -401 -253 -1076 618 122 -79 351 -1691 -243 -514 437 -515 -320 283 -344 585 -403 -762 661 777 413 848 -457 697 409 807 -110 281 -136 853 278 403 -399 -138 -381 77 -779 557 -127 -213 170 -83 -274 279 1153 1044 660 206 191 55 -162 534 -53 508 474 75 -772 -845 -41 435 -982 95 106 335 329 -331 655 24 -67 -857 -164 849 161 450 -250 -292 886 -964 -926 80 -255 -1359 -164 -563 -1417 743 558 -625 878 -516 -1527 -37 -14 797 -212 -306 -767 483 -222 -1214 1533 430 -1301 -472 -1203 502 -362 -546 -599 655 380 267 -169 452 -1617 387 -954 486 4 109 -902 -577 -787 -556 -378 -970 -714 373 -483 7 844 244 481 -582 364 -739 689 185 -310 -194 485 483 65 401 -821 -700 462 334 -138 -792 818 -497 161 -430 250 1078 364 597 111 -212 1363 139 487 60 -142 -99 -795 -286 -113 370 -182 -790 352 576 -645 932 -669 -90 20 -505 -347 454 -289 11 -1293 515 487 952 -506 -776 -671 143 -270 720 726 364 481 -951 -1029 -6 -780 -654 -628 -244 -528 90 -238 -577 -732 169 -227 -386 -720 -572 288 168 -1248 19 1087 758 -57 50 411 529 210 506 1441 -834 -112 -115 412 363 -75 -500 -444 -882 -704 -149 -1220 754 35 -672 -809 242 -122 -311 491 178 1346 469 1360 -131 -1274 183 412 -410 20 -133 443 154 72 -671 114 94 80 -1245 453 222 -38 -839 185 -458 350 -399 560 159 856 -219 861 -169 -46 -11 678 -63 -72 -103 907 -340 330 518 175 319 641 -1066 -1106 502 414 -278 88 -649 104 37 1066 132 -400 800 191 628 104 153 -454 966 -106 33 -171 515 136 -1043 -70 454
92 -863 1099 327 -285 -597 488 37 -103 -1256 692 -717 -121 -1057 -57 39 111 266 439 -9 -167 463 63 964 343 -475 315 -159 -432 727 60 -749 906 -561 422 -156 41 771 417 -146 -138 344 104 308 -31 -88 697 -463 -39 -263 519 -490 1148 174 508 -606 -1111 -834 -848 -257 -76 202 -378 -375 683 884 -282 1168 -592 -1056 821 -232 -1087 -129 573 -423 250 732 -680 -955 826 381 281 -376 231 -819 495 -1380 -915 -550 -544 788 1256 -505 180 -423 -309 212 -47 240 -168 791 -633 -810 38 486 354 -594 132 478 -751 730 -421 105 116 209 255 -1604 195 -107 566 -71 478 11 216 112 -15 -864 -304 -886 -579 -1121 400 -175 -395 10 -926 618 -361 290 409 -484 694 890 -552 661 250 -281 639 -260 552 363 -282 427 672 254 -269 -976 -277 -267 181 -5 -914 -325 738 936 -7 41 -1645 76 -496 144 363 363 -193 241 389 -814 631 -128 156 959 -373 -7 -165 1855 -52 2135 -52 -526 -940 201 -243 -195 1292 1033 128 -177 497 308 -570 -991 205 566 -283 -423 -35 -79 866 -473 302 239 -1046 -503 575 467 -1590 484 110 -184 338 721 451 -434 720 -22 -78 -143 -593 848 410 163 272 -514 779 -81 708 441 -76 -315 793 -61 -322 554 -495 161 77 480 116 12 730 -219 -341 -1396 -201 -486 138 969 937 103 280 576 -45 382 819 -66 -386 388 148 -12 47 -497 646 -119 379 -366 -331 -79 997 -570 123 -412 346 -198 352 -829 79 489 152 -476 -808 853 330 -225 230 -868 -506 173 659 436 146 -472 341 134 -1278 -60 424 870 686 329 -609 -124 409 -411 326 241 323 -75 788 -289 570 -1468 266 -207 342 376 -54 519 -694 -19 -8 396 920 1491 -115 -139 413 -624 707 265 -287 80 -149 -156 -130 -641 280 674 360 -567 151 367 -559 216 149 -33 -637 42 450 -305 -155 -1883 306 900 -1342 1109 52 329 -10 190 -553 63 992 -420 82 -7 197 -594 -803 -338 1383 35 1102 -694 721 -1018 523 171 1385 614 -684 -1266 112 815 -223 -324 257 601 -356 -728
72 -59 903 377 406 720 -53 453 679 -347 -152 -1216 -778 202 475 -36 -375 308 41 -970 -911 473 468 -132 -70 343 -1074 414 -755 150 652 355 -482 -95 -103 141 -650 722 -353 -347 773 181 -442 -1649 441 788 -4 -616 643 113 207 88 254 86 -474 137 -789 216 -826 -464 -438 459 107 -268 -245 -234 -222 197 -352 695 -518 -71 -821 857 -424 625 14 -479 -762 23 -178 -412 20 -521 -436 388 -941 1572 -469 -599 -51 648 -519 -727 -516 -317 -840 467 455 49 -568 -450 1208 419 -259 -214 -585 -877 572 -621 342 -889 497 170 -808 -407 8 -426 -722 453 448 1321 -1254 77 169 430 824 1284 -84 -341 -443 592 -221 -241 -1417 196 62 -4 -311 -218 404 29 121 461 308 74 -459 -205 543 -760 -1543 -134 42 -88 446 531 208 1171 312 -963 375 297 594 701 -805 256 404 -21 170 -912 58 -58 30 340 144 -13 38 -1350 233 626 -777 468 392 705 -1550 -1256 377 -691 -358 1142 -1008 -381 19 -146 998 -1017 466 208 -198 -194 -444 635 -793 -138 -54 -265 -832 333 12 -628 -166 233 -371 93 -575 -1247 -703 469 -817 -1339 77 334 -151 203 676 -356 21 220 -158 481 -785 1354 -557 118 -255 10 -206 -495 -948 437 -493 496 1162 -8 1121 -697 -536 -404 345 258 -1341 754 208 445 344 -96 -760 -570 148 -92 1329 -439 129 -532 -254 -98 -750 -794 550 341 890 575 135 104 314 -1018 -688 372 -566 -399 486 -376 612 358 -569 240 536 41 -212 -242 -33 -360 916 1465 -629 310 309 -461 -275 -829 -99 -633 145 1061 26 933 -593 120 -385 -862 20 204 -812 503 -403 -414 -966 -389 -602 554 155 1154 -701 459 877 -493 848 373 -300 324 -371 874 -1260 -552 295 -654 330 -1357 147 6 -731 -169 1234 -69 1382 446 -466 854 -172 424 -1923 425 311 127 29 -927 -353 -71 -645 -869 -119 1277 422 -471 196 220 -1124 -1350 574 -70 -130 -273 404 542 52 743 147 57 -683 15 263 175 -181 -18 -554 -40 831 296 -953 252 26 436 170 486 -61 -208 1601 -1051 168 623
313 124 -721 870 137 59 -79 991 -379 414 -1835 1076 -61 -592 74 480 -401 -144 -674 -151 -662 267 -127 427 509 9 -620 -290 384 -142 -194 1163 428 -530 153 5 13 -1423 89 -265 -1081 -67 -523 293 196 -408 403 -28 -1325 411 -283 -507 825 1339 227 -125 -700 605 383 -383 -472 88 -538 932 576 -58 -383 725 -265 -225 815 -752 107 -194 303 -276 776 250 -963 441 189 -643 5 143 92 523 -345 260 59 1178 -675 8 -489 533 330 -403 -242 226 56 642 -1115 -32 -441 267 137 -721 -468 -1244 -522 478 -29 564 -62 -680 181 706 898 -114 35 614 234 -587 445 -318 -497 343 326 -1085 733 -796 639 869 -74 -110 -69 -202 304 1022 106 272 276 -595 -56 99 127 -197 -134 -919 107 709 -243 110 -634 -324 -888 -775 96 91 809 101 -452 654 899 -1002 -1485 -186 118 -354 1120 408 -200 394 -409 -389 -1579 -37 -142 -410 -1041 -458 534 -520 302 -579 -623 -873 -986 345 338 -291 -115 445 95 -274 -338 19 -309 294 -336 245 402 445 546 -123 534 799 -24 -759 -667 -3 581 231 217 214 1028 94 -39 -276 1205 1406 -1138 -114 -207 -34 940 958 315 690 -564 609 -577 731 -457 -590 -818 -1047 -435 -367 72 251 534 -936 -273 -835 -777 256 76 -340 -225 1005 261 509 -1432 -962 -354 -807 -803 -244 399 -1201 -445 87 566 775 170 -752 -454 -461 999 346 83 -138 -161 -265 701 -2082 977 66 -82 121 84 661 795 -349 71 -2 -261 54 1320 1050 -347 -84 489 771 -140 -572 376 105 -136 695 453 728 -159 591 -366 -520 -46 259 -264 596 -24 143 -258 401 477 241 476 285 483 -444 372 872 -720 819 -15 -655 -468 -269 543 -1045 -683 -307 493 1286 -386 672 -1433 44 407 -1067 161 -260 -11 725 743 425 269 -431 90 184 146 106 -412 -288 -803 777 -49 506 -15 -196 -358 -157 -718 -310 63 -682 -457 409 -157 220 349 191 -714 143 953 -178 -938 -1093 -38 -126 -1061 -748 648 648 925 631 1052 428 -312 -544 265 -160 144 -859 -1032 645 154 384 -198 41
963 346 -412 -467 418 199 503 897 1364 356 962 -301 -327 1006 -535 -836 152 166 227 919 849 791 1195 -1710 -504 -175 457 -58 -783 396 115 -210 692 -342 64 1214 -507 -897 198 231 43 -156 -67 382 -1697 -545 407 682 353 -1590 1342 -1360 -145 614 201 378 -1237 938 -275 -135 206 -18 55 0 747 -857 -74 -350 1150 30 32 992 -869 -435 1252 548 -277 44 108 928 -472 -735 -133 -180 -4 42 79 393 -462 -798 -41 -552 -590 -1036 10 -619 -1478 -253 1131 -74 -141 -1316 -663 979 1182 -176 -355 -395 -243 -143 466 223 116 1012 450 -115 1669 -157 174 47 1238 23 -457 -512 -170 328 15 128 -496 444 441 -119 -390 -1072 -660 578 198 589 -446 -519 -62 -974 -162 17 -882 210 -942 -824 866 109 1088 -8 -1081 -41 11 186 -141 324 -256 -58 -793 374 323 -239 75 -1498 203 39 -2 -103 -505 995 -302 612 -1339 1206 515 -244 -1018 -580 1128 -296 604 592 147 -1074 383 -1566 -669 -351 591 -457 805 -195 51 -840 43 -3 303 337 -85 -14 -69 -195 451 -176 -294 277 180 88 -720 729 -354 -270 -935 -151 -544 761 201 679 104 484 -922 855 205 -875 -894 152 -1156 -560 1128 482 -282 -1091 -849 -267 -476 -368 -257 41 -66 -492 -1177 -951 315 126 -191 -413 -306 794 -776 356 -256 271 -1329 -619 -664 629 60 246 110 269 466 -417 402 -128 731 94 1140 -833 -16 -15 -969 372 -37 -779 -149 461 385 -832 -519 -1167 -325 462 427 -1395 749 312 -780 540 620 -586 -594 1123 168 -529 -38 43 515 -1107 826 -383 247 -741 227 -170 -1427 616 53 212 197 -691 430 -560 412 -57 -9 591 -627 133 -139 1181 1589 692 139 -1378 -464 -253 -4 479 -575 -308 36 -3 312 554 102 -135 -94 -218 -343 -318 696 599 378 -22 -948 100 -578 -1036 433 1326 -618 364 -421 -981 582 -306 439 239 524 -672 -520 99 427 -453 180 706 290 378 319 1407 -511 174 439 -623 -1413 252 -327 -366 -215 -122 -400 831 -388 278 -1121 -728 364 69 1189 623 -17 175 687 557 -201 -517 781 255
-309 610 -79 -631 -805 423 -48 -21 -1137 890 -188 -306 232 -108 -465 424 275 625 26 113 1268 -122 838 1341 692 -381 232 281 -644 230 -886 -301 39 958 -286 -679 -231 -178 217 842 -682 195 202 -892 -554 -607 721 98 594 203 1081 534 -389 -670 567 125 236 813 50 -355 -651 -567 643 775 320 918 -77 729 -724 -1667 -95 355 -1339 -694 273 -302 -179 -490 -790 -315 567 168 662 838 -1317 -236 -282 -57 -307 -1180 -107 106 -125 -1287 1033 278 -388 -493 114 1001 71 158 -462 440 320 513 123 668 56 571 181 -144 -539 -91 706 136 858 689 624 319 661 -317 401 1017 789 -380 287 565 -797 30 15 -711 -376 404 251 20 -249 270 -845 36 -13 -142 73 820 -148 -35 -399 -246 100 535 277 954 -351 641 696 -628 471 366 -528 521 911 1158 -86 317 -139 -289 651 -919 151 28 -163 -244 837 728 -916 382 145 -841 303 -614 750 -627 -4 -501 -673 -359 682 1681 566 475 431 -133 -335 459 -408 -382 609 -561 -379 -1268 -231 128 893 1112 -812 537 215 437 -10 -321 472 -1170 -647 -334 864 31 755 420 -314 1390 -652 204 -71 239 1212 -474 230 461 -1190 -295 523 -621 -513 -189 523 166 -263 118 -837 106 -487 343 -886 -110 -812 -156 483 -976 -431 24 506 84 499 -1022 -50 -373 534 933 -235 -367 46 -751 -45 -890 526 -88 -449 -1379 -767 44 -583 107 217 888 302 -1407 -483 365 -138 -547 81 -1467 242 -9 -846 -80 -125 -292 -434 202 -388 243 749 -626 675 66 32 -22 84 -1468 787 640 -5 -918 425 -121 -146 -1356 816 -790 507 -162 1137 323 -217 -430 -416 -118 665 289 -458 558 -700 980 -272 -306 536 672 724 -821 668 431 -8 626 -343 -1060 121 -121 -446 276 -757 468 262 11 -520 362 41 -774 100 -433 214 -118 37 513 -385 -614 416 535 23 93 142 -153 87 326 -44 -717 579 28 -508 80 30 -726 -164 -360 -455 -307 -755 762 -864 1696 695 -851 -296 -172 -163 143 796 240 271 286 759 -1381 -44 12 779 -423 830 -421 419 656
-362 -15 -827 -1450 123 246 420 250 1014 -433 -639 823 906 -395 -8 -485 178 89 0 -400 -241 -355 866 252 195 -415 1110 -634 1185 1505 161 601 1992 540 88 -584 349 -367 157 -550 -279 329 245 -538 -453 64 -1434 906 -78 610 -7 -296 387 657 -1360 -575 306 341 -86 -606 326 -72 -1138 642 1126 57 -1331 1241 238 -959 -524 -221 -367 29 361 432 273 -193 703 103 194 2 791 576 -243 -69 -304 249 576 -21 -81 702 523 -269 69 -620 1291 541 803 292 1094 260 -107 -412 -355 117 -571 -312 -341 798 265 -1034 436 199 314 221 -107 180 -44 -493 -248 613 -236 461 193 -371 292 46 995 111 -47 -99 363 -722 780 -361 414 8 -659 28 -77 -998 640 202 377 -36 -224 -215 622 -693 -147 -55 158 -288 -7 334 634 -445 705 244 -575 -184 462 -621 -1341 1181 -624 1230 535 -862 43 203 163 -522 -131 -383 -805 -43 -544 -562 354 -231 -798 72 -49 -83 -764 237 -599 238 -202 -139 475 549 -493 89 -634 -235 -99 -457 -339 267 -119 -315 -163 192 403 85 -555 -672 -203 172 -143 -369 14 -765 -187 -1275 -109 1021 205 -432 173 622 410 -335 44 432 130 578 664 1120 1077 -660 655 1011 339 46 -1222 98 375 761 115 -743 376 326 394 61 -749 -675 365 513 -334 -209 -250 30 -590 -113 -875 821 4 -1057 -563 -487 -86 -241 452 995 236 -60 776 680 370 745 600 -1179 391 -135 -123 -9 -799 327 -169 -158 -253 -875 -718 -1013 -360 52 303 254 125 167 142 359 -230 377 615 89 438 -300 541 1369 -137 -327 909 -116 -598 -953 36 48 -146 450 100 362 -1268 -252 360 108 -560 -358 797 607 457 1204 664 38 -430 -599 -75 495 -372 26 176 -50 713 -1173 866 22 410 -211 558 713 308 -153 -587 -183 206 127 1390 581 532 -763 194 -280 -642 -231 260 -791 -806 321 803 -934 -232 -1037 1270 -418 -364 620 -178 -722 -404 -1081 82 -875 -227 -659 -307 -1064 -1621 -102 552 572 343 63 285 292 -293 616 -447 365 240 -578 -384 810 870 -234 -210 467
-1082 -44 -738 436 644 241 -323 679 -169 780 -41 707 -409 -126 602 679 -509 228 882 -1284 -1019 558 -229 -383 43 961 424 79 590 -756 29 712 449 -869 1069 -816 -444 1090 -1184 30 -207 347 -914 -181 -168 429 85 -897 125 -289 856 -128 1358 -90 -637 40 -185 -462 792 -238 671 -282 159 -1051 -824 -133 -211 390 -648 -692 301 -913 -651 -485 -1092 -805 1719 -289 -842 -262 409 810 51 -614 217 732 -101 363 160 27 385 -171 -125 820 570 423 642 -43 296 -117 163 -911 387 -256 2 -1275 -660 -959 -84 781 -215 385 529 398 -144 -33 -114 -120 1 231 -949 -314 202 -247 -480 1190 -486 -736 171 -491 -484 -1224 -667 -370 -1050 -916 200 544 76 531 922 45 -493 182 336 318 693 -487 667 329 -792 -483 -1318 -783 733 191 -2051 410 815 -435 303 283 -447 364 -488 1294 -355 -1065 -755 575 -180 -152 -424 355 509 169 -677 -536 102 -399 -1244 -498 213 120 520 -874 40 159 549 173 73 -393 107 126 -221 823 -219 -262 1162 476 381 -194 -286 271 -887 385 920 -1323 -524 -135 846 -300 254 778 1245 -407 1065 -186 671 -1027 452 -1756 313 297 1149 845 -711 -322 -31 1318 -20 948 547 -263 117 -428 193 -575 -866 194 149 -887 476 -180 -540 -221 229 -596 208 694 -1332 416 -312 865 -964 -639 198 -1050 371 192 -9 239 -236 467 -13 -871 185 66 113 1705 -249 -1053 -62 -92 -735 -524 203 -284 -195 729 158 598 909 -406 -118 -219 -395 -471 -647 -141 -671 -1124 -261 465 -168 -1028 -939 983 -470 1019 -396 -790 -466 713 -1268 769 -86 -729 800 387 -100 -107 195 102 -91 4 172 676 1739 -1239 -258 -205 203 -86 1014 365 -81 -163 -556 -44 84 34 1019 554 -1371 -153 -792 30 -42 602 944 138 175 315 220 -730 -430 -6 475 493 -1130 -340 242 506 -314 -963 -308 235 -769 147 -490 690 380 549 -119 170 -714 1155 449 196 -21 -718 -296 673 635 -248 961 690 -215 820 -392 -220 44 -59 1298 -190 855 185 222 -91 -41 254 38 285 -585 -601 1406 -437 28 -555
997 -297 -130 -330 64 -78 -1377 -763 333 206 -492 900 -203 377 641 -652 -120 1007 96 678 398 271 -347 70 866 -560 -433 -723 -7 634 374 789 434 -201 -138 -787 122 -44 -855 -831 752 -806 -908 464 -845 1225 890 601 386 40 -39 -657 588 697 537 403 365 -336 480 255 133 414 26 -866 -904 1065 589 391 285 -608 670 -1347 821 -148 -995 98 -380 -377 19 65 -523 255 65 -637 311 75 -475 -120 433 207 -446 746 598 270 203 213 1154 -544 -447 531 509 -303 482 -264 645 -60 413 1048 -1022 433 -160 599 509 -385 -263 70 188 -69 5 61 -100 319 517 1418 -411 -1260 -271 33 -86 -71 283 143 -1174 -1541 567 857 -484 -687 426 361 237 -38 1001 486 -602 221 -220 -521 242 495 1820 683 -1196 -514 917 435 -199 438 184 -1009 -561 -308 -586 -283 -1021 263 127 87 153 -1086 54 291 261 1075 -28 920 13 -1005 41 180 -452 648 70 44 -187 -464 390 57 -209 -540 -980 180 -67 -708 475 284 272 839 -251 493 453 645 -19 -156 193 -13 -85 99 447 -755 -119 -28 687 -800 -621 -175 -924 -728 803 -171 -404 -95 495 -1087 98 -179 -313 -58 -95 615 -5 -299 -306 327 18 1153 107 234 523 774 37 -1585 9 -10 -544 -137 -61 287 369 -77 -371 603 312 1194 228 465 254 -92 -883 54 514 249 430 514 415 1312 50 -529 297 381 -242 -211 5 452 -576 -487 71 45 -201 -104 798 -36 -383 -161 -4 -1065 1402 1651 559 -148 -872 265 -7 169 435 141 -356 567 -758 -690 -417 488 -1053 -65 -154 441 535 313 -565 496 -23 -737 -21 -815 319 -867 186 -426 78 300 1269 -1143 128 -332 -520 244 551 442 364 -135 195 -187 48 729 -669 -440 336 -50 -1151 248 -838 -119 -472 154 391 1185 274 596 -305 149 273 775 230 -188 -220 -162 -646 204 1000 -388 -1009 313 -172 -297 1456 -820 -1681 315 -269 -22 273 -144 492 -1191 -662 -1304 475 763 -22 461 118 813 -728 -117 291 699 342 362 330 230 586 -324 664 222 294 1079 -292 480 1278 707
465 969 331 -516 889 -159 676 237 103 -355 -764 687 40 654 -191 -577 154 970 -571 1097 -767 -697 -257 -550 -10 767 278 257 537 137 29 431 814 -118 767 -52 -948 -836 -348 53 -5 375 569 716 -1371 363 1185 280 -184 460 -186 140 781 172 774 855 -22 258 -338 501 -499 54 434 1713 582 -276 -276 7 687 138 -441 -43 -125 -354 63 -312 -733 -976 -920 802 -248 586 628 173 -402 -476 -220 -941 -190 721 -324 409 -94 -109 584 -183 1248 -15 331 -218 -580 -868 -274 -490 498 333 -84 -505 27 981 404 460 2020 296 -575 -527 -178 351 725 -74 483 -790 -528 306 1108 -343 321 -45 -431 -184 -143 -383 -598 -842 -295 580 289 -165 -515 40 -1190 -350 -199 -303 -394 -1233 273 -645 -633 1244 181 -386 -117 -700 -1073 616 -965 682 -84 951 -51 4 933 -138 -1118 -685 326 -33 140 -239 324 -465 98 -432 590 936 -57 -483 -257 -729 -312 -10 249 895 -342 682 418 -1410 -505 -337 -187 466 307 290 -29 273 -542 -349 521 -1159 -445 299 938 20 -837 565 86 251 -708 -293 692 1474 183 -258 -923 314 -665 -80 765 -509 231 -270 -372 150 -88 627 -478 908 -901 123 -153 140 -124 882 534 -536 63 -1163 -227 423 166 -30 86 -209 -1078 586 -227 203 -174 78 -833 568 461 -10 -497 1195 -223 480 572 -270 -143 226 364 71 -915 24 233 1100 -474 -566 -231 488 1041 873 1104 -46 -361 806 513 396 204 -161 450 109 287 622 41 55 1125 143 709 246 248 129 -225 1145 -78 -342 -818 -1415 -193 445 -664 -565 -351 1096 317 -414 882 -327 -211 -157 -389 -635 240 -814 1211 -183 404 -850 164 -37 493 123 -515 580 -596 -486 670 -107 -1084 -303 1124 1011 -129 1436 -190 386 -1099 -58 572 -348 1110 62 -320 734 586 579 -260 178 328 -630 1074 -791 -216 115 -255 -38 -91 165 -48 -843 -387 -317 75 -642 -65 528 883 863 -258 1031 -1726 79 -929 -982 -290 -247 -811 -310 253 -260 826 146 152 -8 208 -555 481 170 689 296 257 1002 -473 349 10 -447 32 -520
436 128 -54 114 361 679 -591 -199 800 841 -264 -127 445 581 628 737 1128 -51 624 73 741 910 -229 -285 342 -311 851 600 -898 183 402 133 -707 1208 -81 338 167 1035 32 409 503 -98 -392 -28 -285 1314 -205 -157 -516 936 -313 -188 -843 -446 -196 34 735 -50 -330 -112 647 594 21 -350 -454 894 468 30 -350 328 928 -286 -130 0 520 502 370 -316 579 -345 -897 95 1301 198 -474 648 1391 201 876 -505 -250 329 9 578 -657 63 -470 199 1242 1304 164 189 -345 -1327 -186 270 426 -401 233 117 645 1249 -234 -98 -1236 -752 755 -318 -963 -412 236 -865 96 767 708 -1363 -60 -803 -1081 411 -1080 764 169 -126 515 84 -227 466 -539 794 -409 -19 255 194 -437 592 -595 314 -812 231 581 293 4 782 688 -274 -263 -770 -1009 692 -1175 -1413 720 80 37 68 303 56 887 -391 -364 -475 289 -997 902 644 -254 619 613 -821 102 -615 -585 12 1358 -953 1158 -672 762 556 450 -30 -170 121 438 15 25 192 -992 345 -1203 163 -648 -712 1272 804 249 326 1132 -606 1311 1323 685 -536 394 -1127 433 -234 717 400 499 -670 -38 799 -103 355 105 1099 596 -550 -179 551 62 1000 -622 191 -109 143 -705 1071 419 -589 360 -171 989 656 292 -697 1122 931 -281 -156 12 257 553 185 123 -1674 100 439 473 618 -1008 -526 -481 -682 -724 -299 590 140 -766 145 -53 -81 18 -705 -44 128 -946 -1013 -132 -610 244 -76 -457 315 -455 -410 473 -620 62 -385 64 756 137 61 -239 453 160 -468 895 -468 675 -295 908 57 1056 1166 -649 -449 161 -611 784 482 913 451 332 52 -38 146 -60 -274 -1158 -125 194 -256 -806 -948 1603 -318 -419 -395 -456 -306 1282 -1056 -744 237 482 218 -56 145 -500 -309 -250 -388 43 947 -103 864 -8 670 380 371 753 994 26 448 -522 197 81 92 136 -217 510 -815 351 33 345 129 1112 -200 -149 759 -418 -223 600 -460 -88 87 1470 -417 -379 -759 41 -217 252 -903 594 1 -17 -1100 -1199 -195 120 -364 -1391 -96 65 653
-696 -393 452 331 -342 -26 -1128 -954 141 -253 371 357 804 -578 -921 -694 106 695 194 48 -122 -148 -223 454 -636 412 102 -74 174 590 540 657 265 -166 -993 857 218 687 645 -172 420 -507 -1222 -111 -27 -750 -383 -182 184 -592 120 1026 -898 -679 121 -2442 750 186 -904 -491 -29 136 -1061 -764 -333 -343 314 -880 138 -571 -227 553 497 395 -520 496 -330 936 -16 -95 -633 -84 -947 -1449 -201 -47 -328 1354 336 -20 83 -276 992 281 -443 -1 848 -503 -167 217 804 632 -425 1476 1 332 863 -308 1271 -1366 -312 -1548 -286 16 -293 -48 -697 224 493 115 1064 -61 819 -1261 -404 -342 -589 295 -455 964 567 -975 -39 241 -40 -165 458 159 732 -834 13 151 -624 -513 3 -77 264 1201 -568 -130 -22 -279 -723 185 -91 257 50 -301 264 -325 -709 -692 -96 -193 723 -959 274 -691 -785 158 -290 -421 30 -105 316 244 854 725 901 119 263 665 864 -1044 1023 -378 33 223 -366 217 -122 -201 1 692 1208 10 -564 857 -642 -490 -207 -792 296 133 50 204 -293 -556 340 -892 236 303 356 355 -961 -80 -166 -375 -331 253 -432 -131 -687 -486 -460 802 -500 -75 1205 -414 -725 235 -1234 690 -189 264 919 -36 910 -256 28 403 397 244 -717 -40 -1222 160 670 -29 828 -677 125 867 285 94 635 -368 784 496 388 -125 -864 -82 564 -256 -216 -1384 309 -382 12 383 -1410 -428 -181 723 143 -908 -1125 -90 -655 -377 165 -609 698 -42 -121 698 -791 638 610 67 745 288 -218 725 -579 -278 -809 -572 813 1035 41 -303 -271 732 -468 389 88 3 -1733 -259 -471 31 504 -146 339 -277 -403 -65 27 787 -152 -779 -252 -1500 481 547 -740 446 -1216 -411 -385 339 80 -866 -387 746 -27 73 709 485 -803 -134 -90 -103 530 -8 -316 -186 1412 479 -437 694 -340 713 35 -20 108 -416 437 292 253 -833 -792 -682 182 601 398 -1552 -452 1219 -204 -416 284 -496 -91 801 -1421 668 1473 149 -643 239 227 -221 258 40 -67 478 -850 -590 1720 -263 -410 -475 -658 463 -177 -787
-193 465 85 83 -121 332 -313 438 -685 -87 -385 492 25 -290 472 -495 571 340 64 656 264 -1220 -1084 -999 1306 695 425 862 -91 -654 -56 418 0 845 -1360 1094 -677 1336 -10 -264 463 -601 24 -371 398 218 -587 3 456 586 -119 706 -682 -983 2 1093 -1097 -276 -567 -136 133 386 340 25 -668 -1427 -884 -872 803 201 -1274 1427 1576 537 -1139 257 267 -288 -141 643 1052 -141 -667 -194 593 -754 339 915 -250 -505 -246 -445 -95 -256 -1233 420 730 -699 41 22 491 -227 551 267 -8 -748 359 -468 507 -371 -409 -375 334 824 -198 -4 111 -628 -697 -284 -1228 726 5 20 408 -1543 0 326 -264 54 -410 1099 280 231 -61 -113 -44 175 947 -274 -176 424 104 219 436 -439 659 -761 -1011 -348 -201 -487 1604 -210 1303 -479 2 503 1028 -631 458 1559 -566 -151 -79 546 -698 -654 661 45 -512 -430 55 -201 -98 145 519 48 -296 316 391 -295 844 682 384 432 674 297 616 629 -271 -517 -1042 457 -299 -144 -683 677 -175 -179 1200 485 -587 -1046 -524 116 558 659 356 -283 -260 331 -617 756 572 599 -873 -1061 -386 813 -240 629 294 -613 -1241 -837 -334 439 916 -662 -683 553 -769 395 405 397 -205 -811 -161 -1118 -941 -357 -315 684 1149 -624 -71 -1263 399 -542 45 11 -802 51 216 735 -410 -308 37 -274 19 -783 -859 -441 811 292 217 -373 1171 -984 -41 -839 20 -1011 -224 -390 -522 1109 -1034 -323 292 -331 506 -182 -453 1158 -176 345 -438 527 -64 370 -370 -322 419 673 493 -58 106 213 -508 -323 -270 480 256 -165 -1033 -599 -246 106 -358 1309 -340 -316 -185 11 -190 52 347 50 -184 72 -718 340 -293 1027 -860 -227 -565 400 348 -351 609 446 555 99 -1085 -690 361 -570 554 -58 -440 185 743 204 658 819 174 790 337 -517 -720 -200 380 -164 -89 50 428 -754 -951 -469 -98 -850 -363 -823 -416 -474 113 173 -914 602 -1023 245 184 163 136 -22 117 -112 161 261 -1118 -208 147 -151 -344 -368 -588 77 -1621 1248 658 297 -658 -1032 -63 474 578 -541
311 -303 -107 -933 -79 -659 6 230 187 395 -79 1210 402 457 -417 -1454 166 -715 623 -1106 -265 480 549 967 806 347 -921 -417 422 213 -891 1011 -223 -373 -152 736 -602 1097 453 -280 -248 341 -346 29 -316 158 30 444 -615 51 -312 -420 197 99 -77 -1068 750 634 -362 304 -677 1001 -806 -445 621 548 248 317 -158 -200 -1079 135 -531 -48 212 372 49 -852 428 477 155 -212 417 -399 858 -930 -460 -408 324 -480 -143 -73 -1087 1721 -234 -406 504 -1385 781 2015 657 131 -70 -93 1348 326 153 -114 -285 -592 416 40 263 277 -575 -4 89 -1127 -565 386 -173 -509 -201 110 23 333 -553 147 110 514 -599 -158 413 598 176 165 742 621 -394 -393 470 -334 100 462 -665 -494 -191 -451 156 235 1276 -694 -542 761 639 -776 789 -738 749 77 338 -736 -155 841 -732 -54 968 -403 -1208 216 -78 519 549 201 -255 798 -1599 1483 -36 -575 -599 -779 -1516 -1281 157 659 -468 393 -493 -244 834 -800 869 706 -165 329 759 -140 -734 -1473 226 489 -65 -315 -112 -572 459 -255 -651 1883 -159 556 798 -1481 -1170 -311 756 -319 -777 79 -590 513 -607 -206 -377 -435 -565 399 361 -466 143 -576 62 270 216 912 217 722 113 -176 157 348 837 1332 643 443 -1252 -582 -67 617 -444 499 104 354 -189 1005 34 557 -994 214 -402 -464 -330 -161 200 146 586 -886 481 -419 -206 266 -686 28 224 -699 41 -1879 -1072 -211 -227 -507 771 36 -81 -1248 -74 -993 213 -93 105 168 148 919 -312 -594 -395 1483 1042 247 -715 514 596 134 -67 509 -257 -352 -1679 -393 -40 -720 373 -1169 246 -254 593 -145 -359 -523 -456 -745 -316 817 -1379 -73 1008 -897 296 -1490 -534 -102 127 -2 240 -187 494 -634 -318 -371 281 -101 -423 145 -243 -667 224 1396 982 -417 164 -448 106 -33 502 249 -328 -1592 -630 -100 -339 -68 -477 -348 75 -1188 483 -32 725 989 -1047 195 92 -951 -461 520 -648 632 124 403 -581 449 384 992 27 366 -811 -92 -693 -426 355 -822 352 -422 -48 -132 272 486 -427 -177
547 -47 -94 -63 380 -38 715 485 129 177 -426 -658 147 383 -185 -1083 234 827 -86 -357 -594 845 667 215 -599 -193 198 -621 138 598 538 -369 -165 -254 -468 -17 -580 -486 260 -180 -345 280 -711 211 -717 261 160 364 627 444 -470 821 -1300 681 752 48 -336 11 -115 -126 -616 459 363 130 933 560 276 190 241 287 1102 -421 -102 -799 716 -573 -449 767 -141 465 -619 250 360 196 -348 -70 -715 123 711 192 -511 512 -57 183 -133 255 -373 426 1180 720 -597 1056 228 142 306 123 -154 -1493 -467 689 -50 101 425 -523 1512 -215 542 108 -139 -320 197 -863 142 -753 134 369 52 -1102 -413 -892 -40 -66 -233 184 -1055 50 129 657 -812 -572 73 -377 602 1006 48 113 18 160 411 -530 -61 344 55 663 -370 -482 524 -139 -561 857 183 28 947 -486 551 382 3 1452 -708 359 -336 401 -596 202 1189 354 -1230 248 311 -911 -108 1114 571 -498 94 -906 227 221 -541 -1459 -297 -237 540 155 333 -412 191 48 747 -4 -458 165 238 -827 -438 259 -93 915 -978 348 -302 50 24 -359 -514 146 -315 -561 313 455 -474 -414 -53 241 -60 366 -83 -298 306 -653 -384 729 368 309 495 495 869 -316 -108 244 -581 -584 -383 -481 368 225 96 -483 677 -86 -1030 -282 -786 -219 707 -612 -72 296 433 -306 -301 527 688 56 -169 -1331 -286 282 -24 -513 422 -406 385 237 408 -678 633 133 113 536 -58 282 -281 503 253 562 -1047 727 949 14 -198 490 -64 1270 708 -1096 1126 -162 -465 581 507 -758 -317 105 -24 1202 229 240 63 -246 -681 -891 1091 -50 -317 106 460 96 346 188 -1060 807 1194 281 152 -562 652 -605 181 -201 -542 -41 72 751 461 316 -272 -360 613 -195 793 1074 -190 488 698 -332 -988 35 354 -986 -712 -470 -507 417 -589 477 221 -293 -761 -234 -541 882 40 162 68 -138 1292 -571 -372 1755 -161 -1396 -588 357 1196 358 777 -60 -153 -872 339 -342 -87 296 51 -388 113 -841 -957 -1741 715 801 276 -126 -982 893 798 151 25 251
-1106 -1026 -120 -745 576 163 -708 -396 -334 -9 121 -586 -39 801 -442 733 508 -87 -800 -248 546 -169 -761 -691 -462 -212 187 191 144 -366 -606 -489 881 23 -788 305 -193 718 405 700 1387 -1105 -1078 153 1000 -106 892 590 -438 -596 667 266 -278 -175 -1237 -452 53 -377 936 979 211 690 18 814 -562 706 -268 -379 246 75 956 528 -761 -642 700 218 -90 -972 -268 -165 -251 -1053 -23 134 96 -544 335 524 -139 350 -569 1081 1060 1089 -762 565 112 1242 -121 1229 -836 264 -797 -1005 829 -936 787 532 786 -44 -420 607 738 134 -1258 -421 -1105 875 578 -597 21 -134 980 -422 -1211 -494 180 239 -28 -730 930 280 -150 -383 -215 -970 341 197 -106 307 852 -494 -1045 344 961 684 -304 -408 -362 870 -44 232 587 -139 -187 -302 -647 -255 -228 664 -499 -141 624 614 512 -807 418 -1022 -232 -614 -175 -111 -750 261 1086 71 -391 -336 -589 74 550 -123 -59 -105 18 652 -203 -2 -867 -527 -721 -508 271 -12 201 -1136 418 532 -723 -375 -404 -805 639 118 -304 45 -416 -537 -203 -224 941 -73 -220 88 181 -598 -871 -203 145 22 924 -344 -311 -1502 149 26 172 397 375 -350 -13 401 595 1022 216 653 1008 463 1834 -285 -480 1560 -106 979 -1034 37 -335 -818 295 -226 421 428 -34 -860 521 -129 453 -500 252 -607 97 -416 244 283 210 -229 -593 -73 -556 727 915 1450 77 -316 302 424 -146 501 276 -374 -727 -447 -1267 -1017 114 -417 -206 67 -737 622 -277 614 886 210 255 510 -32 711 545 576 358 258 -284 400 -689 -689 -572 512 864 881 -976 -205 -133 -12 -71 -40 -537 -144 -413 250 662 46 -627 34 700 385 -19 978 -1209 -90 -419 -292 -209 633 1083 -590 -15 327 277 126 781 420 668 -132 -842 496 298 1035 305 -661 -89 1086 -985 46 -414 999 -248 -754 -699 -662 -636 1360 -518 290 84 806 261 634 296 -688 -426 679 725 56 463 10 -177 -762 -488 -439 1301 7 546 -630 -258 732 272 809 591 660 164 -544 -375 309 518 918 -388 366 -294 118
-315 293 -383 1357 -672 -330 -114 296 712 445 -1252 633 136 -318 -305 72 233 841 -458 352 -160 1091 -84 158 -323 -404 127 -668 208 -857 -234 580 38 -746 -170 -762 67 81 801 -272 -486 12 498 -511 -700 -598 -968 -635 632 815 -566 -196 -329 681 -1161 -765 -196 455 -62 1187 -817 -451 -106 -1077 -75 445 -491 1118 -335 -86 -233 191 -263 602 -473 762 -8 -384 225 94 267 -647 -787 -15 289 498 -268 598 426 681 723 2 134 -606 137 -506 -5 -1126 -435 518 145 515 373 -156 756 -701 -560 -797 -359 489 -806 -273 -409 393 306 775 559 -340 356 34 332 -362 348 -17 -20 -178 682 -18 557 552 -186 364 201 190 1019 -47 -133 -1555 -400 -983 -94 1366 213 -339 672 78 701 1151 182 912 -333 -213 -3 -517 -475 334 -1205 915 -439 642 -700 645 49 -713 -60 172 336 -173 14 -876 -108 -2186 397 -58 -27 -890 -314 -443 -806 -242 697 -165 -165 -1625 -823 -526 -232 -437 1398 -245 468 -291 -1074 686 -866 1345 -779 -247 683 -452 -686 228 -205 86 109 -42 40 86 733 830 -244 -438 445 -357 234 1376 379 156 410 -716 1148 -346 -472 -566 -79 134 -65 161 -9 26 496 685 -465 -533 -188 -1173 187 339 27 -800 1776 211 -510 840 -1038 422 -245 -47 109 -592 363 -4 -303 -621 -241 -4 -1589 -521 50 389 -553 234 149 -151 -388 -630 -1064 -164 -60 -66 203 -613 -36 281 586 429 382 262 41 355 -732 -1181 17 -54 978 496 596 -60 1367 528 -763 285 383 -1530 -913 625 -742 -642 -56 348 809 213 371 361 -295 476 -180 557 110 456 -461 432 -549 916 -28 -1113 -412 -369 727 -421 471 227 -143 -60 -435 -306 244 151 845 464 195 170 -270 -814 -602 -237 12 -102 114 -1184 174 130 796 607 241 -464 -173 -891 -330 41 -395 -207 -470 196 -448 -165 -93 -586 -166 301 -500 -876 -31 -348 -320 -717 -580 339 814 163 1063 -685 -256 1010 208 -802 20 -750 849 643 582 156 535 -838 268 353 1070 -474 807 -426 -788 789 429 -158 -454 479 309 -483 -267 374
-608 -1374 -194 147 -465 11 596 78 -506 599 390 -1184 -135 326 -223 1167 363 188 806 -781 21 449 -511 184 151 204 551 393 347 227 -429 -719 1196 -104 -25 -15 -53 1146 -242 -957 2 461 -443 598 90 387 -591 523 -562 -260 1038 843 43 1088 24 18 -6 -239 -522 -851 -829 -1034 789 216 117 -76 -95 715 822 368 -693 45 -1262 -561 -252 -255 230 -1216 1075 32 194 -620 133 -593 1281 704 303 -300 -328 -320 633 290 -419 -608 -738 -131 -2046 -332 -803 349 272 513 567 309 764 -157 -124 500 -223 -176 221 -744 -284 -286 -615 501 -1212 -46 -127 -399 161 493 38 694 -589 764 -487 -302 -349 375 720 961 -817 477 -135 591 102 -990 -265 -946 664 91 -831 -89 -688 988 1172 363 778 -871 -334 1383 -627 580 -326 -1124 -1226 -565 -335 476 -449 -1329 -746 1016 -384 680 987 490 425 169 -494 694 414 6 674 -104 -718 -134 36 243 191 -366 429 -43 -855 -151 181 351 -721 -137 -152 -145 -705 -81 361 560 -173 756 -3 455 39 -31 -332 -703 331 117 170 451 -185 95 172 -1337 -839 1282 -505 426 392 -96 392 -727 1040 -36 -86 -376 -405 45 221 -354 -290 -72 1125 -369 11 -226 -284 88 -218 160 752 379 808 269 -497 750 -335 -1293 -920 117 462 -415 100 102 411 391 308 -74 -368 1261 219 645 185 252 1399 701 -274 -9 41 -470 537 564 674 768 -764 749 1016 -556 -815 325 -923 -195 442 -696 -421 -944 -873 570 -1307 -449 885 -299 923 581 391 -96 5 -472 -409 976 396 -593 -449 -1030 1019 -127 354 -243 674 -506 -852 443 92 -459 -152 -137 326 -427 230 476 -707 -381 -1811 334 1388 -199 768 -371 -1444 161 -361 934 860 -253 -376 32 1253 273 -92 -967 -55 -942 1682 93 352 268 -921 -8 -1166 641 -418 -355 725 -915 -310 -320 26 242 178 -981 396 122 -372 -582 -265 375 1229 -489 38 244 533 -1515 -141 112 -71 -87 434 672 362 -579 -538 694 -357 -983 -635 -1080 -755 94 -373 759 -84 18 -407 -818 271 867 698 286 608 688 75 934
-438 398 562 -32 171 73 -1194 -703 689 -243 733 14 277 491 -909 -631 672 280 116 127 459 282 301 6 -367 886 758 -536 -1094 -180 559 -559 -16 -301 -541 261 -754 -24 -533 -692 -987 243 -543 -56 -605 -1384 -268 -179 783 876 384 140 21 101 -473 466 -1414 118 -646 -687 856 -696 -376 551 -612 718 -598 -295 -76 -1990 343 276 482 1612 1001 1124 273 597 -159 153 -109 560 188 -923 -326 133 110 -256 -877 -260 929 -619 -580 -1023 549 -587 551 642 -631 258 -288 462 -458 -495 659 -515 -363 220 648 -552 -487 -281 658 597 -131 -164 348 603 304 42 275 -520 -712 545 654 -490 896 -1 1108 1057 -937 277 -302 -487 13 -287 -705 -658 425 268 -175 -33 -635 -148 79 -1302 10 556 -964 -906 -369 17 369 461 975 1341 777 -408 363 -728 -626 656 203 509 168 -1193 -438 263 -400 321 -336 -525 1153 -1 -163 -612 39 -734 -285 814 20 41 735 441 -145 316 441 480 -449 272 296 279 373 685 213 -821 -184 -271 800 862 788 275 523 -298 301 75 872 -100 632 582 639 405 218 146 774 1519 -70 1105 -548 508 224 732 -76 -538 138 265 -283 182 319 313 -1078 837 464 -624 -392 56 -621 -410 -197 70 -360 384 -388 31 -714 -53 23 -282 -198 239 814 564 889 303 133 -233 180 98 -712 152 -278 604 -360 146 -484 15 410 581 -253 -684 756 410 305 251 416 12 503 -793 74 612 -1118 30 323 1069 -388 189 1133 -600 -433 -1161 -195 -8 257 668 523 -70 260 -324 778 288 -456 -406 613 -69 -523 -769 995 -729 740 -341 596 -94 -497 -474 117 -287 -904 572 305 108 179 -515 207 -819 210 -312 801 59 -249 -54 -65 736 289 -516 -215 209 2013 212 -732 -876 -886 -824 -1178 165 174 -763 -140 -581 -403 378 -72 685 211 519 913 -967 -84 782 -555 -100 501 -155 -789 -426 -987 769 -545 -599 -452 -180 323 -191 -463 -406 452 -366 -194 -127 572 944 11 320 -497 435 33 -672 462 473 424 -122 -197 1255 463 -580 -267 -28 -21 -724 353 322
-403 -449 -53 -796 238 -477 -153 342 557 451 701 -1045 -6 -1151 -217 -431 -71 -883 290 211 413 183 185 596 361 -298 -327 1257 472 1010 -460 332 -837 699 303 315 -580 109 -169 -583 -187 -140 76 -161 41 -1456 921 -794 998 -37 -185 538 493 -398 -462 -711 139 1112 14 -598 -21 -869 -364 -200 214 -122 -13 1042 704 -542 -802 -583 644 -338 1015 292 627 -608 65 -913 -256 788 -256 -227 291 -570 -293 131 262 30 -910 411 -3 14 -40 138 30 -778 443 86 543 -728 1020 -232 384 -869 229 -481 330 478 -472 -1095 469 80 749 993 -366 207 -117 -118 -988 -247 457 376 -37 -243 -916 439 -682 161 741 -325 -339 -52 601 -188 393 114 -215 -136 33 -112 -245 216 -518 -1047 8 311 862 128 -457 -923 -50 544 326 -731 -350 946 1541 -22 423 -613 -548 101 651 -497 920 412 618 285 668 1274 -560 -611 -379 223 605 0 -130 -144 159 258 -343 985 512 -392 143 -145 -632 48 -678 -290 876 583 -217 -709 777 184 373 -807 -110 256 1229 245 -1065 374 119 -494 -726 622 -1308 -1016 358 -407 1120 416 1148 -157 369 1081 -429 -699 -888 106 294 147 -248 594 325 546 687 -1446 113 -129 127 -993 1176 40 615 611 -414 -521 916 297 1061 -1523 215 337 -20 -108 2 -487 412 579 1369 420 249 -907 495 529 1422 57 -784 338 -1105 474 421 -443 177 -1016 293 1054 728 1070 618 43 101 758 467 106 -257 -124 -313 388 131 256 -526 -913 -542 565 -288 -129 786 -154 -271 -288 787 -752 75 -756 -186 415 -177 -415 941 510 -189 -9 -73 258 -115 -152 56 44 -55 -1377 -572 -1005 625 62 -788 1299 -350 481 661 -22 -651 1143 -391 -206 1366 59 278 -937 7 213 -10 227 666 1174 -251 1155 -146 270 -396 -3 591 173 1021 -1093 53 -1049 -333 1357 -386 -180 -1307 588 453 -675 736 414 -239 -37 205 -192 93 865 -105 -416 -104 629 903 435 279 -352 372 668 -1342 635 -590 -242 35 30 791 -689 760 -750 -266 -128 -790 985 145 809 -163 -567 864 -330 824 402
-16 300 -6 -361 488 155 -275 281 -550 -17 722 976 -624 16 -185 -232 181 1163 581 -821 825 514 349 -390 334 720 594 -45 -69 -80 -665 1023 -110 660 -235 142 152 82 -392 539 -262 -839 110 -182 -117 113 -134 632 -508 380 -1 568 -699 -187 129 176 662 495 -590 17 -131 253 151 -109 573 -330 -338 460 397 -155 -173 -582 797 776 -804 140 -421 -692 -1092 -101 -494 1324 -203 -40 -245 -287 1000 715 472 -191 -840 480 700 363 89 49 844 -471 -541 -475 1185 -1319 784 1174 -175 -462 46 -762 697 1051 -795 439 1093 -301 -433 252 -740 115 410 916 255 -99 1094 -132 -46 8 992 -604 -303 -310 286 -695 -717 -773 -26 -288 -180 494 -403 710 -561 1012 392 1100 -243 -112 238 443 388 14 285 278 -443 746 -863 -180 -918 439 399 -840 707 54 -41 275 681 -759 236 494 326 -941 -5 -211 106 319 240 -313 -510 695 -874 -476 -1831 39 525 805 474 -1208 755 384 139 -370 -270 135 294 -268 -345 442 -275 1244 388 -37 -677 -315 -336 426 -220 44 332 31 -883 -1205 -148 -310 580 1223 350 385 -156 481 249 800 265 -757 -645 319 -951 -512 -1061 -238 33 -11 -69 921 -938 -935 702 -1151 212 -828 321 218 253 991 -742 109 618 828 -707 -509 -142 -987 207 -316 271 1527 -362 549 967 465 -64 296 73 -254 -203 23 82 213 1216 507 226 -970 -567 -1241 794 -471 646 -99 961 123 679 -1153 -6 -384 446 403 1240 24 263 489 -585 -84 -566 17 36 -349 74 -1040 513 357 755 -325 126 1225 342 96 218 370 -1078 250 1025 564 278 550 -163 -84 -10 265 -53 -772 -625 -444 918 -346 -700 -577 359 -184 -317 219 -1 -189 375 -353 -366 15 -206 162 1442 629 398 659 408 382 -826 309 917 161 340 221 -682 -56 -774 -680 333 -395 396 -151 -1070 569 -97 154 -608 -25 -506 -54 163 -277 -611 833 -1012 -956 211 -275 -640 323 -642 558 133 849 532 742 -316 242 -892 290 303 -89 63 733 514 701 -428 -917 167 -243 -908 841 -740 159 297 -1027
188 144 952 112 153 341 237 -1074 -1040 152 911 14 21 -190 304 -774 -192 266 5 -304 -615 -326 380 560 -1207 947 190 -868 -810 971 -39 666 -86 682 -268 335 106 264 98 -283 -458 86 -95 -608 664 133 348 -501 -376 -121 -629 -89 -306 -1085 -469 -488 614 -579 432 -129 -517 -607 119 700 452 447 -159 158 323 215 491 -445 162 696 7 81 -823 -512 -193 442 101 -363 -266 -119 -427 488 -631 354 -421 914 -812 1037 533 -536 -1209 -627 -135 548 -1257 398 122 321 1257 971 -736 -719 -476 178 1186 515 237 542 35 -558 -450 -1382 316 359 -250 -44 -805 30 -144 -451 393 -284 676 -998 -522 198 -241 -700 -13 -159 434 194 -1454 -482 -380 -71 -256 1626 -774 317 18 439 323 -903 -62 45 -448 752 367 795 557 108 546 690 1 -516 1051 1156 506 458 393 -316 -294 -575 -681 -1376 27 -74 123 727 16 -10 -48 139 -122 -631 -188 457 302 879 149 -490 57 255 5 -564 -34 461 -960 -40 144 429 46 351 37 -784 -525 39 -404 -290 7 -590 177 -259 -379 -530 81 -607 108 506 225 -499 763 689 -160 220 -403 167 -1139 35 -361 -46 267 9 422 -237 88 342 621 239 -446 685 -855 936 498 368 174 -511 -245 726 -559 882 -575 258 -208 -165 152 -226 195 436 -280 112 84 488 -393 -441 -102 -682 799 42 113 209 148 -1607 -251 -655 -225 -43 -459 -671 523 -238 752 -649 489 -1642 -1208 -391 522 -253 345 332 212 -74 240 612 340 -219 386 260 -251 -443 58 604 110 -468 -1095 -379 694 828 185 -451 -441 789 872 392 120 517 -91 336 -947 234 -96 159 -1180 360 -513 195 -729 600 822 -641 384 214 178 -202 388 677 190 483 510 -9 807 180 39 -419 859 -1035 -723 612 -173 -1163 349 651 -34 -220 -297 -512 -397 239 -40 -741 -187 -935 -696 -195 -548 -37 56 1359 167 560 -104 1122 155 791 157 373 -1299 406 113 -31 -268 1212 -433 452 -330 -553 -1049 -396 389 -827 187 365 -967 -622 -829 -282 364 37 605 -582 161 413 -319 486
-26 -18 -633 802 258 239 -431 -136 -86 242 672 1313 -462 -137 -798 195 548 1030 1724 179 433 23 -282 483 870 1513 -1026 -804 616 -72 556 259 -841 29 -630 394 -1583 -338 92 -168 -221 -525 774 749 -668 -264 -331 332 -20 350 -171 -944 -204 -767 688 1019 -540 724 -687 -1082 889 337 -762 -122 -545 -1163 -714 33 524 -517 165 668 883 318 -699 15 -211 -1300 126 -36 894 923 -1512 -292 -192 -575 380 -198 406 -245 484 651 76 -121 -434 358 506 -195 112 168 673 -132 7 454 607 709 -315 -132 924 444 -628 19 -888 728 764 1429 579 232 -233 -121 870 1200 225 137 650 -327 -246 -668 163 206 -566 -175 -1328 -320 -782 1004 -157 131 -984 278 -18 -428 460 -1157 -81 -21 -61 419 -13 -740 -486 -454 -883 541 521 262 -149 843 -102 -894 407 282 -167 -893 -636 1435 557 783 253 199 433 -1007 -13 -262 -443 599 -982 -104 643 -573 -141 58 1359 686 403 -550 -167 -486 -313 -486 483 -636 -51 13 493 -797 -22 229 492 460 -19 875 -212 178 -50 -61 -415 634 409 -1523 -206 712 -189 -195 -406 772 634 -14 713 -186 511 -640 -137 1337 47 -511 341 -298 -307 145 -1961 273 -373 -177 16 1333 -525 -639 315 -286 -395 -118 643 -394 -96 -598 -406 -111 -307 998 -368 -426 -564 -417 -976 151 -717 -40 1220 130 12 -65 140 630 189 840 744 -1537 -676 47 418 -70 -403 1123 428 -114 -722 200 -106 -438 -89 -1449 660 50 -879 185 799 -26 -75 -516 -227 -661 -358 921 -155 -17 175 -1709 -167 402 -418 669 -123 -38 -152 -22 523 7 -696 940 -470 -689 231 358 -449 366 -743 -167 -222 558 -1145 361 1229 -226 -494 -122 -657 -888 -432 -95 -119 -230 -325 -40 116 570 -351 559 -48 -1008 -1022 -417 -80 779 1571 101 -244 388 11 -871 1638 -596 -135 -84 928 88 431 235 -391 -1014 -225 511 -688 -1035 -136 437 -187 -198 -473 314 531 -925 -416 -641 933 -595 210 193 283 -1067 24 495 -1008 838 -255 -553 567 436 -396 -116 -10 1513 1201 1353 -275 1160 -1180 -578 306 188
-401 -670 -373 138 640 1176 67 -294 725 1033 44 -886 309 -637 -761 -163 503 -358 204 260 755 317 -1048 73 349 148 493 546 -66 -241 -641 -263 64 525 -136 395 434 -452 -468 413 -566 -835 -286 724 -745 -102 -453 -16 -219 -490 -27 -316 126 -527 -521 -866 179 20 458 -11 612 327 -19 -384 -90 -106 -72 265 -248 -434 261 -793 448 662 145 -403 392 -311 672 133 63 -332 -303 969 148 -393 676 -513 963 41 311 596 -166 388 367 185 -602 -1150 162 170 205 199 101 -933 138 477 288 301 -139 676 -43 328 -732 1402 174 130 568 -7 812 392 -50 -235 -55 171 -505 -480 67 103 -914 1120 -574 993 323 -479 149 587 263 -205 -588 643 450 185 1106 224 45 780 145 49 154 -342 -42 -525 -975 1290 166 -156 742 998 -783 888 -341 62 -441 103 -398 330 -694 87 -25 96 -172 -247 -96 -766 91 -511 -96 -293 497 -371 655 -233 -99 575 39 -1003 119 171 -40 93 -714 1152 -334 -719 432 -734 -319 373 159 -113 -715 996 970 -852 206 536 -473 779 14 910 455 21 -479 -634 183 -577 -687 143 1330 -1003 -747 -396 51 -110 -73 292 1058 2070 -850 823 -206 371 332 445 -103 708 -286 453 -71 -279 283 -401 -637 651 -740 -679 1439 -542 -680 -1402 377 414 -133 -356 -153 -438 48 84 342 58 57 1443 441 597 210 -142 132 -226 721 -1138 -489 305 -340 581 604 -1731 -152 1087 235 -310 -591 -1098 -146 -361 -852 -546 59 -36 -407 135 871 -12 815 68 587 -67 -930 171 723 0 -343 84 -500 -613 1348 -1202 48 -982 17 883 -177 -1245 512 -224 -75 1156 -19 392 412 -73 -393 355 1366 546 -75 -427 -824 507 -150 182 -435 -99 547 664 -153 -262 706 900 -78 -194 -1311 839 -161 715 -224 569 179 83 313 572 248 1309 1062 -79 145 -672 578 1007 790 -470 -861 350 6 255 697 873 -156 -33 432 216 379 -753 -158 275 544 -472 116 -334 391 -181 517 165 -872 237 -434 211 273 -75 978 490 -154 -1026 -557 -119 257 -468 162 -656 655 1049
395 -484 86 -16 681 244 -618 -311 68 -277 -387 830 -622 278 179 -251 33 -1114 87 -122 -423 147 226 1081 -1121 -145 -1 -193 -226 1031 697 -314 -464 -316 -625 -158 -39 -329 -109 -480 -924 -412 -529 -215 -141 -518 -118 -66 235 -239 166 -1074 369 664 -44 -123 1247 64 -236 65 985 990 -1078 -714 -908 -275 -40 -796 227 -1038 910 625 -23 392 -399 242 64 635 -690 -616 1925 -577 403 -527 3 137 -277 246 -35 -84 -827 247 22 372 -554 -1107 -406 -397 -27 120 252 -1056 -360 -17 -49 104 625 29 562 635 -48 1178 431 -368 -242 454 -446 175 -426 462 -973 -140 82 -603 529 330 -10 405 -144 130 467 447 -572 -906 -230 583 216 -177 587 883 103 -449 913 -727 -820 815 -378 118 315 -283 -420 26 164 842 521 -416 -234 224 803 188 -310 80 298 -396 -433 404 -105 -44 -502 400 -871 -43 -988 -411 -169 -695 -493 -724 -397 141 708 -522 125 919 540 -35 -495 -26 961 573 -778 1214 -132 -634 199 430 782 -55 -294 1243 241 664 736 757 -727 448 132 -350 -193 -96 163 -698 -247 231 382 315 -791 -550 571 16 328 -176 -346 318 1060 334 -838 148 228 -220 48 -847 523 623 461 696 356 -374 54 -216 965 -723 456 928 -479 -854 -248 685 208 746 443 897 -337 -230 -563 -752 841 -745 37 -165 -1242 624 1336 -292 1391 -1001 -150 -102 12 -2 -320 651 17 102 -573 -718 -694 -346 -282 232 -1024 -263 998 251 546 -630 -507 -230 781 -108 -188 124 -91 733 332 807 23 1518 45 455 -602 -510 -226 -140 -743 -991 803 -337 -896 309 -378 -91 37 1002 157 -79 470 934 -568 -90 -906 -1287 48 821 66 -431 -1808 942 -112 651 149 23 -404 734 -176 539 -578 31 754 -1097 -207 -281 -1153 716 -910 63 167 370 258 -117 132 -124 -95 1174 210 147 -444 366 820 541 -918 206 466 -441 646 -280 -836 227 604 585 -74 461 -420 85 46 90 595 -48 -391 270 976 559 304 -1000 312 -70 -314 1462 832 626 -312 -827 710 836 -246 -1503 659 -283 1 -323
-851 -262 -430 1401 192 674 -321 1023 -1013 -518 -35 611 719 779 61 -1101 -622 -289 126 -1318 -1020 -328 154 127 369 1995 -507 -1138 283 -601 -60 -871 337 7 1450 816 568 -265 -243 562 -266 1045 -123 530 589 390 47 644 946 48 -506 -1031 -102 126 -134 303 -256 -933 -12 648 -50 0 -333 606 -965 140 -716 111 -1148 84 -388 820 -394 544 217 -208 -661 -1159 238 -65 -291 466 443 -43 545 -204 105 962 405 -13 -413 -639 1817 80 377 -166 -599 74 -476 -838 377 -991 -155 -601 -20 -493 -1323 306 -205 486 -427 -299 -397 962 -452 -363 470 -707 526 165 967 -341 -947 -571 -1308 -10 380 -618 1395 700 338 -1148 -83 -462 -461 916 -143 317 -117 -434 -519 -391 425 -175 295 480 -951 -970 252 195 -649 -110 -328 75 207 1045 68 273 -67 -189 -216 -11 -1040 -297 -12 94 1317 688 763 -265 1306 -366 176 -864 -633 402 875 -863 -930 -954 23 154 1166 -511 -1563 409 -1272 350 -249 636 -139 -623 -814 -342 377 328 -874 -684 526 -340 -672 -377 -625 -1477 518 -623 163 -462 -685 -155 -715 -218 584 -398 264 552 401 582 326 658 568 -377 1497 422 -1197 933 -243 147 -186 -7 497 734 542 -662 -106 -405 -75 416 -263 894 495 240 -529 -118 251 -45 -131 157 -255 -295 -744 784 -56 1113 1208 835 312 204 793 -447 342 -486 363 -92 -1363 180 142 -1397 4 663 500 -1473 -343 578 6 -99 277 -702 -235 -493 1316 -173 247 -11 -318 -162 327 -91 -62 149 -1319 -766 528 -468 277 -136 -1092 213 -145 -121 -508 558 92 864 -675 75 -546 -452 -262 1085 -36 -574 -429 185 -1636 1405 473 516 304 360 -131 -440 -1389 -871 203 981 167 -1148 235 -796 277 -143 -931 -825 -608 -37 -222 908 428 -729 237 -206 -38 -346 -220 -37 -707 1116 -355 -388 -1988 169 1293 -437 1488 40 194 -1422 -1136 -301 378 937 -223 -851 -492 163 232 1122 -258 405 608 -730 -494 267 648 -118 334 379 -854 -425 211 -882 -681 366 45 249 -274 117 -841 -342 770 -554 218 136 191 -1049 24 -720 238 648
233 -485 -285 494 584 505 22 -73 11 634 -970 825 -373 21 314 686 410 16 915 -1448 -247 483 -283 -455 -196 -745 1570 -288 408 340 284 -97 -74 -1340 -85 628 973 -600 963 119 -839 585 -75 -475 657 -480 -639 -1172 99 1205 1228 54 264 61 430 -559 19 9 80 -414 1103 1425 559 -540 -559 -223 846 -320 -643 302 -665 -224 -498 165 850 101 5 828 29 360 156 -82 -264 171 -845 -1085 -204 -201 162 154 -377 351 -491 793 450 -93 1432 -51 -738 843 -609 -505 163 347 -154 -320 -372 -671 1133 -125 -1591 406 -180 731 450 -820 -1087 -133 -222 -115 473 768 545 -631 717 447 -226 -295 255 671 -753 248 -198 -1326 68 -214 238 498 24 251 -457 29 -476 641 354 -59 335 -131 -617 222 -675 106 -403 -1880 -864 -527 -431 865 313 -586 337 -773 -404 652 -547 -117 -354 -939 314 -508 -1142 -39 -163 568 -290 -259 -808 536 -624 970 1162 -507 36 702 -296 -403 492 -694 -1549 167 689 208 -311 1019 296 -1267 424 1364 187 1334 296 233 -179 -19 1467 1026 320 403 248 354 227 407 -259 39 -278 163 -205 545 -315 -1044 -147 -429 23 413 -72 604 595 597 -912 7 154 412 -210 -183 319 -267 -970 -770 872 -735 691 760 -605 -338 -832 -297 474 -243 693 164 -164 -593 108 1398 -800 -675 -1215 -108 76 29 -296 -424 52 -1116 336 186 486 765 -77 715 -111 -137 204 -245 129 198 -132 83 -476 190 -870 -76 429 668 -520 -582 -890 231 -223 788 -85 -270 -737 506 190 510 152 -55 392 1201 1333 555 -858 -989 1260 103 -403 950 203 178 -272 505 -254 867 -456 423 -934 196 314 574 -936 676 1393 -474 -677 20 -323 492 159 -547 354 320 -164 -54 -1052 908 -356 -302 94 209 620 624 -1185 23 -498 836 -21 -142 -1114 -27 650 -388 381 -114 -43 1001 851 -169 127 -1170 -277 -710 11 -1213 200 -325 663 -26 310 204 -108 693 245 -1194 -71 1431 -810 975 -416 -284 -175 235 1024 -195 37 -86 723 996 -341 734 88 131 -444 -501 -168 -52 -203 619 29 -94
-267 -425 -568 193 -157 -432 796 -71 296 1108 1466 -448 33 -520 -320 -418 -1177 -265 -668 175 -152 711 696 145 25 82 -1459 -593 -468 -43 219 -382 -612 -317 -282 316 336 -900 -461 -93 -812 814 -450 748 469 1020 1151 482 1231 -981 -553 443 156 119 846 285 714 871 -179 32 -806 -1663 -228 200 507 -316 652 -1411 -259 325 157 -176 -223 39 -25 -191 6 -380 -200 887 436 -1049 650 424 256 1453 910 -810 -807 -590 -116 -1065 63 -332 -310 697 -753 -701 28 -272 226 625 442 -187 -852 1462 -464 12 -1088 -464 -687 36 896 -549 -198 354 -244 104 -229 898 -388 -1825 566 861 -194 -325 -290 349 -10 -495 -222 478 257 -850 -88 35 316 229 970 -805 -492 -804 763 -440 169 636 304 361 -886 747 -337 -44 -180 48 -387 809 1188 -160 17 219 273 -681 -763 -139 99 428 1 627 -507 -120 -1034 713 -150 227 217 -696 50 495 -746 391 614 649 -118 -494 1110 1063 -32 -806 -549 -650 -346 -1658 -157 956 264 867 687 -868 502 -277 619 -1054 -466 320 -160 -771 -944 -1457 -839 -237 -94 -25 751 -225 763 11 755 1768 315 -240 -188 -294 -1243 -233 -121 287 -175 -385 975 -263 379 -611 4 232 -639 -351 472 618 10 1417 -1318 -571 1199 -491 -1535 31 -233 458 -299 -1547 818 -447 -618 -404 -107 938 358 -690 -395 482 -700 -895 652 -746 -37 -589 -648 -214 -116 -433 179 847 -17 135 -595 981 -860 523 375 536 489 847 -914 279 -529 202 744 499 -27 -4 -731 1061 -92 325 54 -2 -373 -70 75 801 -154 -261 -350 60 381 405 316 433 516 140 337 27 -684 -373 505 -133 -103 363 -439 151 191 -246 -529 122 391 474 -1033 908 1302 -361 1106 -384 -341 600 -380 -55 -44 -26 -165 365 37 190 -428 -597 -969 310 -290 148 166 -865 -771 -794 106 35 -545 371 -358 -261 647 868 298 550 809 966 -1025 -239 -152 -343 -262 684 -636 1151 1326 -195 -152 -17 -20 834 -331 -244 1153 381 -445 265 743 -126 -785 380 -1115 -862 1038 624 1057 790 -1135 474 1024 -556 -323 582
526 477 -252 155 -38 213 -833 -259 -1062 -11 1258 -172 489 -769 -453 377 762 -303 617 -346 -248 -328 -430 762 -224 1285 641 -380 -765 73 -1002 -1180 686 579 -170 -70 476 99 -233 -250 215 -235 -1319 -399 402 -29 50 118 -1021 121 640 406 -236 -1137 39 -515 -1445 733 -931 235 386 -728 -537 984 -656 -705 -319 483 516 336 -378 741 -273 756 -291 -418 -45 -978 221 341 -164 -114 -125 -745 575 -149 -157 100 210 762 609 -651 1477 201 -1360 306 -42 -502 -553 641 -160 -671 375 -326 242 1060 -1143 -169 -989 159 43 -30 926 -384 14 -778 509 -288 -95 112 830 -348 -1246 -491 -422 553 546 600 329 361 -304 857 -381 -228 -229 303 425 -951 -314 -396 302 252 286 -280 -387 861 71 -581 -493 -642 753 -462 408 743 307 -7 -461 742 -296 71 538 -1043 160 129 110 -64 -86 -173 229 443 -767 -52 466 205 -587 -645 -250 665 388 -502 107 -1349 -64 -731 -728 -462 -328 -1163 269 251 113 -517 -1271 -1158 -230 237 -926 457 264 60 -320 510 -2056 -241 173 -305 219 -96 27 119 -325 101 294 -150 4 509 570 -1317 -941 838 625 -181 -739 -200 -270 1900 -54 396 111 214 -95 239 788 488 586 -53 -23 -41 -236 -186 -131 1556 -217 19 165 -508 239 21 -166 -257 -625 -10 665 519 147 349 -166 473 -315 528 -447 -263 692 548 -121 -333 -469 208 -538 928 974 -499 -586 272 -107 -67 608 -441 598 65 -132 -529 75 -725 -1299 -1095 383 703 -774 225 -437 573 699 536 256 -243 -211 -2 -271 574 -93 411 610 239 -1241 -241 499 153 -527 186 -389 217 211 1213 89 106 1427 149 -518 882 -848 136 -36 37 -73 -631 1194 194 -1090 69 -461 282 817 1252 -295 -489 752 -189 -916 -33 364 476 358 35 -290 -62 -885 573 -128 392 -73 -128 649 347 44 -602 353 210 -563 720 356 -423 -65 -11 -776 -402 -550 -27 -237 -180 1225 -77 -746 546 1120 -36 21 -1037 -213 256 680 -94 -939 944 566 91 435 -340 -150 1057 220 -205 -702 1621 174 173 431 -1081 -321 -103
-290 644 58 -308 -89 -444 386 279 57 -434 779 -1410 1169 -831 185 -310 -30 -395 -115 342 -504 -423 -806 -552 -880 -25 -749 -485 -972 289 -63 -201 -165 611 -656 -574 518 288 1383 -839 -685 280 203 1130 -321 102 435 449 -421 -818 1127 600 277 -661 -763 -263 -138 -127 324 -396 -308 -323 328 -75 168 23 618 169 -718 -427 533 -224 126 181 -442 -168 807 -117 454 319 659 624 -75 1041 949 344 -396 539 -2017 -261 -492 -674 871 -428 -127 839 -144 -208 320 -615 -335 268 -585 -191 -349 -48 115 375 -115 -1054 -431 -548 -310 98 1228 274 -70 -280 195 -702 399 848 562 -690 485 365 601 478 8 320 -255 1141 -12 -463 -288 -1645 -508 -630 213 -184 -909 24 -757 195 277 470 -766 -54 1336 -33 -403 223 676 717 485 44 -118 -479 -179 -404 1173 -101 -238 896 -335 -798 -787 463 -348 474 -1040 764 -1256 -365 248 -500 951 293 -872 195 -429 431 -674 696 -112 505 -627 -613 -269 -355 854 -85 -536 -511 -138 565 36 -994 190 205 -1521 -882 1010 -376 -77 -305 -118 -720 -253 -373 -632 -154 -334 851 -435 569 80 -848 314 42 -756 491 -742 -140 -307 654 -1171 137 324 138 683 33 -2 608 -349 -820 -1413 -229 -99 1146 -398 -223 -1069 -197 -573 443 -81 882 -1503 -485 1001 228 623 -236 -455 -593 -261 88 -77 -522 113 192 -714 -764 -476 369 599 10 -1194 47 392 211 464 612 1363 -364 -327 -396 360 348 -10 -409 504 -39 -153 765 70 854 -29 1114 274 -330 -139 50 -490 44 617 -382 -456 -22 326 535 759 617 -611 -399 -331 923 -177 -414 1061 358 443 6 -616 109 96 44 -312 -422 -344 98 166 -176 184 318 975 236 -30 195 -151 420 1038 -802 -339 -745 111 95 -1207 -624 -43 141 367 -43 -240 -353 -517 -818 -128 -204 412 -393 1036 -743 272 -378 -752 -173 236 -692 118 -61 1213 158 -483 13 2 -46 -629 -1363 513 273 -386 -64 -441 -196 -764 499 242 606 414 -372 904 645 293 149 -277 -6 -571 1004 41 139 -527 442 -817 -722 -223 387 416 -849
-108 164 555 795 429 22 925 -138 286 -715 -151 -413 -265 -1038 650 315 -414 352 -295 -515 -511 -160 81 492 -1366 186 27 -887 -1030 105 -521 -606 -546 440 -797 120 -132 -528 -367 -279 -213 851 366 61 357 312 -35 -374 1016 290 -37 -862 429 -549 52 607 -861 567 -946 87 -28 -314 249 -217 12 975 -741 -7 -49 -545 774 605 -51 83 256 916 308 -309 150 -586 -286 -114 1293 343 -451 935 996 -540 -492 257 256 -48 414 -18 42 -751 108 148 -8 556 169 898 251 -1172 -625 917 285 34 346 -555 1399 125 -352 -531 -24 -361 -369 -302 280 -125 -427 -216 574 -63 2168 365 268 -116 -4 -635 -4 -314 660 -393 -438 -805 623 -489 1197 -789 488 192 282 -872 803 -540 341 1142 317 -747 -817 -291 95 571 -1285 512 367 250 -232 -620 -637 -121 -74 107 -699 34 248 659 -508 -1577 -1480 -92 888 424 374 200 173 558 109 482 129 847 -622 -290 396 -1302 -250 -208 426 -719 624 -836 -788 -73 -39 -274 76 637 327 -78 316 843 -289 528 850 -604 278 -398 -373 514 938 868 772 -559 -441 663 -666 -572 -320 350 654 461 54 -202 752 628 -571 212 -143 967 -823 397 -395 -330 629 -78 -118 331 -1022 289 -215 -693 727 -671 -1034 645 -489 1873 -216 -178 -137 180 587 -234 421 -421 -969 -513 -109 -670 707 62 208 -370 745 -757 -736 19 -931 532 389 150 -123 214 -516 538 354 -122 1477 3 -908 -555 -620 -38 259 -2 1051 238 864 -660 744 673 -815 -596 -321 551 -192 -469 -785 314 628 -893 -539 -400 1161 -368 -375 468 632 -517 310 -1393 -326 30 106 -118 636 93 -443 -279 -244 -502 -275 835 452 718 -552 -219 -372 -1061 -71 -96 203 -592 -893 728 391 -926 -306 391 208 263 -386 -258 -242 -227 1044 -1074 -257 898 805 350 -676 -434 -220 -281 829 1403 52 852 598 361 -382 256 -1214 -41 429 -92 -50 -229 -261 404 210 147 -637 -410 24 354 512 45 711 -520 -615 527 752 -550 -308 327 -1209 -287 -271 -189 431 -70 -627 163 -1323 -130 -290 485
-444 -459 255 -186 725 356 -45 -140 2 26 -228 224 272 609 22 -110 -575 1190 742 -529 -1160 -779 140 174 -873 -309 410 335 -483 145 187 701 371 437 -501 -628 844 -58 426 -1348 -1380 1449 -137 -496 -435 -595 -636 978 754 204 735 144 275 256 -956 8 935 -420 -136 -383 -546 -79 789 -442 -29 368 -434 -786 1133 361 159 -888 -498 608 -1232 -212 -293 222 524 237 -518 -47 851 -532 -38 1290 -16 1453 1198 -249 -836 -353 -852 -632 727 -133 -522 278 544 314 -356 -298 125 1250 -852 -717 134 718 -92 -729 -837 424 -370 716 -729 -494 -460 453 -374 836 115 894 79 -310 162 -112 146 -153 -275 -425 -383 -375 643 247 31 547 11 707 290 448 -419 621 -516 -1360 122 -1165 635 1004 433 -346 374 892 -566 -915 -528 610 136 176 22 -644 190 -320 -405 867 198 610 -591 -214 49 209 29 290 586 37 487 -425 127 463 1197 -525 -362 482 -537 206 527 203 502 173 -308 -238 -473 945 -389 443 819 -318 -691 -559 42 664 -117 -333 270 -399 -371 240 339 536 -400 258 -382 242 23 5 259 1485 133 1140 330 -54 -1404 199 473 417 -391 1098 238 501 -54 -345 125 -185 -286 155 -139 -278 261 607 -1258 737 508 -641 87 1095 -71 -394 332 223 190 -792 299 281 30 584 -69 -163 -249 -609 -758 -130 75 411 -365 76 161 178 -201 -190 63 -441 657 66 250 -797 -389 225 718 410 378 29 470 2 138 -414 -397 -498 -637 550 921 -557 -389 650 -332 -297 233 369 163 286 -1247 -668 1047 386 565 -491 -53 138 -181 -164 129 -235 -623 913 678 581 -510 -451 448 -228 150 -13 -895 -15 -606 306 381 354 -590 -339 -1393 -470 -1093 -862 -975 182 -62 -475 411 181 -800 -1109 478 409 -219 499 40 507 -341 -504 770 666 25 -1320 256 436 -327 -588 801 34 734 -599 -502 -39 -42 843 -405 -381 -847 188 805 -297 -193 -225 -396 -740 51 67 -439 -262 -66 -698 25 454 451 -228 311 302 66 -37 -815 948 673 -1267 374 -260 -91 -652 -547 67 332 346
-26 -152 -62 -144 444 21 139 618 472 309 258 774 -68 -345 102 -1 289 -1254 683 608 128 686 1457 -872 -93 -322 973 -234 752 -388 -914 -318 176 58 -532 300 -650 -747 260 947 -397 200 266 -781 -1551 -935 -573 -155 -76 -97 -565 150 249 -145 -485 -622 167 -664 92 -234 22 11 -137 -1071 20 -890 12 -309 10 -287 -233 -366 102 297 -52 -807 1177 -155 -306 -716 129 257 -181 227 -311 737 913 716 -161 -552 -350 -37 -711 -163 214 -683 362 -895 255 137 -543 -429 415 -290 -160 182 674 -730 -304 -150 297 -337 -214 -1149 -161 619 -501 145 471 183 -189 -645 133 664 836 -29 -290 756 -933 -1198 367 -1554 -180 451 998 633 -348 343 386 73 99 299 530 399 -702 -660 -125 502 -1509 496 -1294 -1278 350 246 -26 1134 703 340 -260 384 -749 -990 1428 -373 359 -347 -865 -233 619 1406 -508 285 -28 139 -911 -198 353 -1053 260 78 600 -832 95 170 -513 -149 853 82 1027 1140 664 -934 -315 -263 -522 637 288 -18 -550 -593 -189 740 -126 778 452 68 278 -618 313 -902 105 -536 -73 244 -26 256 -638 454 -627 619 312 623 -1394 1125 275 -1443 -244 -582 1051 411 -65 -240 -84 -68 -596 -422 1197 901 -599 457 766 -429 1128 121 1070 286 442 -605 375 1120 669 -587 253 -8 352 -631 1 318 113 129 259 186 -1113 612 -1336 -299 901 621 1478 303 -1796 603 -215 -122 -902 -33 -725 958 -404 1526 -733 700 17 474 -710 -330 732 -239 -253 322 -491 226 998 -124 896 -770 -212 393 620 307 -194 -222 142 358 -1004 816 1215 93 214 383 -67 1185 -176 1561 797 292 -385 -710 -593 454 -314 -690 266 326 358 -193 -1544 369 687 175 -520 1116 -394 268 416 -143 276 780 697 936 -536 -204 -25 -838 -734 -365 704 510 533 373 -99 -100 265 521 102 43 -1165 826 943 402 935 -439 1085 158 430 -254 -1018 750 -16 28 446 261 432 -45 -1207 -1284 -260 -13 435 698 -765 81 714 -342 -280 -74 307 94 613 55 -721 735 428 -52 -1202 -892 1025 130 -419 -818
-611 11 133 -479 895 -432 -360 147 1192 707 686 486 -11 833 -131 165 413 632 169 -131 953 873 -1258 597 189 -528 -465 569 393 -280 -566 267 847 1003 -124 432 669 294 -1029 -49 1393 -355 -37 -312 81 730 597 -53 -429 24 1087 -469 -127 10 -185 284 -200 699 435 77 -314 1178 869 122 -1291 272 -429 -740 175 -924 448 -54 -451 577 -713 766 331 -439 218 133 -19 -836 -285 -105 990 -96 562 1069 -445 380 987 56 -562 -292 -533 245 611 -105 -540 326 377 -642 11 651 1278 -266 639 -332 871 -308 -217 -269 -750 -273 -1228 316 -88 140 -201 -1204 590 319 427 479 -58 14 -363 -135 -407 815 -74 -132 -1096 -650 -940 -905 -310 184 -619 367 -679 -274 -925 903 485 339 -1005 1216 657 -930 880 52 -1109 -179 121 66 -959 468 -815 -1420 718 449 264 -902 -1110 -738 -786 -613 46 -1209 372 203 1389 -797 893 -915 -371 -742 -185 596 251 -271 802 -289 -597 -58 1168 209 1429 242 707 -209 7 638 -1284 -124 170 634 218 962 879 296 353 -526 1065 1493 1369 1254 651 -371 287 1218 -50 -1571 758 603 446 -624 -5 -109 397 -77 -245 -309 309 626 -25 -116 -356 657 411 39 -2 -170 818 1128 -908 189 -282 80 393 840 -397 368 -38 -124 929 818 283 46 406 412 1174 374 -285 -1558 -420 -560 -1246 -774 133 599 -97 19 1106 -344 836 -271 -227 827 960 259 -45 6 470 -251 223 -418 -158 -321 -723 -906 324 -402 243 -23 -406 127 -218 -704 -386 -262 72 46 666 -121 -160 -340 888 -113 387 -524 -73 -60 169 -500 443 939 256 1179 -719 -1085 -236 -468 41 -603 80 -32 -234 204 -172 -625 1406 -536 -67 -377 241 -11 -2350 602 522 -32 -160 -1250 1357 -806 526 197 -685 -425 521 -166 139 -187 158 412 -386 -6 -373 -358 -80 -536 480 5 -489 792 -3 1526 356 847 1964 -323 -542 -672 -712 -172 672 -346 267 -158 697 1088 -1125 -126 -147 -302 496 -775 279 1044 1293 1084 -137 -506 -793 -126 -91 1494 874 296 -677 -18 70 -545 867 394 -69 -568 -478 -577
-517 539 12 253 1183 225 330 918 -581 -597 -780 388 760 182 457 -1164 980 -432 -422 -759 -1041 -699 -394 1283 -143 508 948 -459 -14 270 985 1034 123 -576 -151 -368 262 638 -94 -432 838 98 98 358 977 -764 -359 -685 -454 220 650 130 60 528 243 1 -128 -537 967 -714 -8 -222 -773 144 380 210 -1232 234 281 -197 -514 720 996 -869 119 -457 -1098 541 -851 -613 462 741 324 -202 584 300 140 1260 -341 -538 170 110 846 520 -318 49 503 276 186 6 1001 -1879 -920 631 -107 733 92 -629 65 -535 109 -961 -144 -551 209 1473 844 -75 590 38 -334 616 1012 -208 -811 -225 -930 80 -514 50 -98 552 1439 -234 -47 -402 -552 -279 -345 -262 -438 65 975 565 -103 643 888 588 808 -421 213 764 485 -230 -272 -36 -52 -335 642 -203 668 434 420 269 366 1105 -336 145 416 169 -32 230 -610 543 -735 -254 1440 -356 171 1162 726 -1658 649 -118 233 333 501 117 -408 163 -635 -91 -512 722 162 -305 65 337 110 157 355 1301 -395 23 -233 1024 -517 -5 -438 -1024 -588 1009 -622 -76 388 -365 718 326 43 -166 1008 -608 -690 -901 -678 23 -98 367 108 234 -1906 417 3 511 743 -131 -686 1284 -861 -879 -387 -804 -708 -612 180 -128 -796 -918 606 32 469 728 -321 65 372 -199 268 305 387 -389 13 127 -442 -234 801 -162 117 10 -811 -909 -30 -644 508 926 599 192 -320 741 -790 284 -392 -80 -53 -603 -1019 -143 -1339 443 247 471 360 -204 607 -299 794 946 -508 873 721 125 -767 -454 355 -637 -128 -337 469 408 1 -265 -155 298 1069 -311 752 -614 -650 422 -229 414 817 -57 -1020 645 -906 -606 512 -583 -937 925 -257 388 232 348 -70 2 816 -614 -43 820 -2 -497 -413 9 79 -4 -259 805 -834 -1415 267 581 296 -578 549 -170 -489 -396 -907 -63 -172 -694 752 -343 -463 1184 -11 -554 -1472 -471 -623 -768 -322 -288 153 -150 -529 319 848 131 -713 -834 440 120 288 -17 -452 531 76 -1073 245 110 -1123 -1381 -258 -381 123 132 572 -130
-340 6 0 93 -244 -30 -62 63 -778 -638 959 272 153 -700 -719 -191 109 -723 16 -1372 830 -630 -552 645 115 126 -820 228 -10 -474 -406 -663 566 1146 1527 693 -288 200 -462 1547 -1326 154 760 538 683 -894 -135 190 236 732 464 -577 553 -148 585 106 56 978 325 -595 -445 -1050 -500 423 279 123 -293 -487 -313 63 703 1295 -682 -70 -291 430 -863 -510 -129 1313 631 -134 -861 479 398 -959 -502 296 -909 349 152 399 -94 -146 531 1223 1409 -601 -307 149 1268 -905 -241 -411 -226 315 -706 408 -220 -521 342 -429 302 205 107 450 -946 -938 -96 18 596 528 651 -272 -632 341 839 -1034 -610 -369 323 -24 -259 -3 -267 -119 714 -397 132 -180 -1550 -312 411 140 -362 314 -142 583 -160 -971 832 493 140 -939 -547 -445 761 151 -570 -505 612 182 -954 367 565 -1254 -350 -195 679 163 -85 -862 -561 313 221 -459 84 -310 -27 -557 134 401 -578 768 -448 788 557 410 -407 -416 -808 186 -581 1202 -764 -1033 -2082 158 -815 -282 715 -1130 632 -437 147 -32 -400 26 -739 478 -306 -363 356 418 -197 -935 365 647 -841 -704 141 19 927 -66 -54 195 -600 136 -439 -119 -560 -536 708 -667 774 -684 -777 -21 89 -720 -947 870 -52 -503 -829 -86 -757 -792 -10 -732 731 -1290 -144 212 -1021 1458 1268 -156 -898 -422 -140 -315 260 -595 -529 484 226 -340 -991 -1114 517 -50 153 -577 1949 -209 -291 -895 -68 -183 -132 233 247 -263 -166 -482 216 293 -985 176 128 372 -172 60 160 130 -26 446 684 887 -817 186 64 104 -385 295 -529 745 -335 76 -11 -97 41 140 -1127 89 -860 -262 -522 -255 1104 428 671 -746 310 297 243 -175 259 -565 846 -312 -539 702 -507 -232 563 -1110 196 -388 890 60 -634 -767 -254 445 -393 -472 -105 -576 306 -322 709 180 917 241 452 78 1248 -353 -59 165 -312 -703 -773 -1023 46 268 -445 482 -219 744 861 -1316 -30 51 107 107 467 232 189 108 -290 -683 989 1324 101 168 -314 900 478 490 -443 -460 -465 -292 515 -593 771 647
346 448 -1000 288 -1071 907 472 -524 456 -551 141 -986 1067 -921 527 1205 -902 414 642 -308 736 230 217 233 -979 -552 1105 -1551 -290 -272 -54 -633 -602 74 662 -352 708 -673 1108 646 619 406 366 1143 507 1089 -484 -217 574 -950 -541 -67 -620 754 -476 -204 -92 -17 -555 1624 -1243 863 329 1090 793 76 -270 -166 32 1704 527 -817 167 -857 -16 1017 -1182 333 1676 -1359 -95 -388 43 1219 424 880 307 336 -363 196 0 178 -109 391 444 -347 -763 -215 -515 -218 -1071 -911 -573 430 -793 268 622 529 -696 -157 270 68 -355 480 -795 -172 548 -34 384 520 -734 1419 610 -77 355 1445 -560 547 -884 -269 1093 1042 570 -163 606 385 91 -313 928 -368 -641 452 -1044 15 -1396 1289 83 167 848 447 -703 278 414 325 -267 -374 -843 -259 218 312 -1029 -466 465 -291 -387 -280 -539 546 -1182 -469 -940 -983 -231 1141 133 -997 188 -317 94 -271 869 1166 -116 -570 307 -1375 24 767 132 -1211 742 1126 785 -1198 -1434 829 429 -570 -324 -605 -659 468 -993 756 832 106 -1062 326 265 -679 -211 -124 62 25 -394 360 -77 -722 1490 184 -885 550 -579 -195 551 248 179 -480 32 889 208 852 -1000 647 -937 116 778 1492 -118 -537 -397 -16 421 101 -118 528 155 -210 462 -198 -618 -1094 -501 654 465 -318 -97 -438 -583 1362 -310 -12 230 484 497 -410 974 6 8 72 -271 279 -59 214 -193 -12 -5 -362 1493 -18 -749 263 326 -112 253 212 580 -394 141 199 -140 447 474 -1088 -746 172 291 -305 -465 285 935 549 803 -548 18 -80 -162 406 -537 1286 527 460 531 -741 760 1233 -25 -51 159 -59 -819 291 122 -852 334 -427 -867 -132 -461 658 517 -229 375 -99 189 820 -295 350 503 -532 739 -821 479 -382 -203 -482 -391 635 -607 -820 638 -594 -118 304 301 -828 1162 428 -241 9 -641 607 -479 550 -350 -568 -841 -300 851 -44 -375 -108 -195 -337 21 418 612 176 502 -130 -467 -804 145 117 130 31 387 -265 61 839 707 376 14 297 407 445 -594 228 -439 879
285 711 -615 461 -366 127 708 1341 93 -824 -1035 -1081 1453 -796 -781 -1099 -366 972 -758 -424 -176 -265 116 86 -385 811 207 461 97 220 -387 -58 153 -41 852 -480 248 124 -80 848 692 219 696 239 -242 915 491 -282 -1036 -808 251 79 582 1207 303 370 150 -801 -768 1038 -305 -820 -347 -545 -165 475 135 780 -1 -85 -437 -1286 132 -1457 -745 -467 -895 -257 283 -871 357 792 -329 65 -509 -818 488 -787 1 328 -871 962 323 -118 30 358 -1323 440 -102 288 598 247 -377 -178 -811 405 -474 -196 -801 -890 1629 -446 121 384 1470 582 420 -202 622 986 723 -1283 440 682 -827 -184 -1267 253 -1056 187 -677 332 319 69 294 276 626 185 -789 180 -1340 428 -74 23 345 995 253 -176 370 74 283 693 439 -212 -559 1111 -111 -12 -964 -350 -1293 161 -382 -417 302 220 -768 -344 -7 120 879 473 331 -382 77 -74 836 -794 -757 193 204 555 -584 521 77 -492 -734 -1016 -827 -922 716 -195 -202 49 248 788 299 -972 226 175 -368 -5 -561 270 -667 59 -774 107 345 280 533 65 187 -793 173 150 167 -388 988 767 145 628 -581 279 744 1275 -20 -29 -860 14 -557 1661 188 70 -389 236 695 397 541 -395 602 -344 225 204 538 18 1510 1187 -460 -1358 -615 -596 139 76 979 -175 546 670 669 321 -338 306 -781 1146 -689 441 -312 43 -608 -760 -10 106 940 637 96 -1190 -1340 -332 95 -162 75 -305 -812 255 -501 -161 -457 109 826 -834 714 333 -326 -742 -441 -879 -1114 -429 229 -466 429 186 -644 105 -24 -797 724 450 -727 242 974 -428 -1283 225 -251 240 168 550 -222 106 254 171 312 -1043 527 -334 -656 -142 1 -750 469 -429 477 -95 467 394 -870 556 -984 856 -80 854 355 -771 677 -640 1167 298 1343 7 695 172 1159 764 1010 701 423 -584 536 377 11 -100 -163 -282 948 1279 268 -77 -268 -312 178 -825 85 851 122 -271 158 -174 903 1032 -177 -1074 -2 -596 231 -817 -1192 269 -101 165 414 -51 -1114 -326 -668 -139 401 68 -629 284
954 -332 -432 817 -1311 241 -1211 137 -1304 -9 264 -402 -111 -208 515 774 -537 -1226 275 -854 -651 1053 -109 223 866 275 817 -274 567 468 -178 635 -211 -1079 495 -61 -688 306 -636 -269 -1272 949 843 310 115 287 -191 166 -51 1346 -99 -665 1201 9 222 218 -168 58 -1168 377 352 856 369 101 809 -560 308 -512 -679 796 478 -553 308 -82 216 -15 -643 -12 -132 31 1008 480 -179 -68 512 33 55 -97 -533 652 -1156 -522 519 581 -310 72 588 107 -335 495 530 -820 377 -272 -351 52 -864 -750 -1156 375 109 -339 -239 59 -494 -1108 668 14 -272 -17 -199 159 288 272 -536 203 -695 -5 789 -213 -374 211 94 300 164 748 468 -373 754 881 -285 -1076 767 183 184 110 424 -340 833 460 56 -778 444 301 -1067 -878 -146 100 -1105 -363 -507 -580 375 -1021 -581 -498 -976 814 -57 132 179 88 512 448 -369 -128 46 -80 231 1160 -310 434 735 -69 392 -472 184 191 -1511 -598 184 -486 304 329 -299 -572 -528 114 -479 478 660 423 -1469 -156 161 -345 -580 2 -351 -674 -841 -456 1082 -870 136 -1270 -251 -220 376 -149 -225 -367 645 451 -332 -250 -299 -776 -110 306 -987 -543 50 -618 892 -58 82 -564 -75 987 -1122 -1248 -23 -527 354 34 -156 -520 231 1013 128 -296 -448 533 -166 44 -1424 411 610 747 -778 507 -543 146 -237 192 926 -126 89 1134 -1282 130 -471 715 262 -1203 435 -816 406 1172 92 493 556 362 -254 -1117 933 607 400 -568 -119 28 -364 656 -130 205 773 -64 127 790 990 -539 -407 -115 206 1572 -525 -538 -749 -286 989 196 60 -209 710 1567 1236 -1184 37 1095 336 558 -1028 -103 -1111 -109 0 -1115 1336 -207 295 225 -896 1182 11 -15 18 427 -495 99 -105 373 477 1078 -386 -975 -138 482 635 -1056 -258 -447 1632 -858 -605 -53 -891 497 984 -1006 -79 -905 13 -372 132 138 -484 116 1299 -566 364 119 94 -968 445 885 -427 -681 -413 -449 228 350 457 -357 860 424 -835 -63 -332 -12 1261 -657 -482 577 -346 -477 -821 -515 303 -117
270 249 366 -408 776 -793 -349 -431 -446 380 338 104 -1217 276 1025 -1824 401 -582 409 401 41 7 -1017 -239 -441 733 570 382 226 -236 -1487 536 -306 -117 -504 -93 -104 235 543 -258 -901 380 1141 547 -493 -418 278 -337 702 -534 -141 -1104 -435 -165 33 279 738 233 81 699 -371 -20 -620 -648 554 -260 837 642 -439 -15 270 -531 -641 -200 196 -139 -1527 -729 358 -1095 598 -10 1515 554 266 -712 -309 -164 -756 167 -940 -34 -949 -749 -241 681 821 -148 753 -496 -377 153 1217 -1348 -90 53 219 -1299 -612 -55 -984 1167 -692 230 240 -538 -667 -766 434 580 -1373 -162 428 -61 186 134 351 770 -222 173 -724 -71 575 -1307 453 81 273 -1134 1702 188 202 -1 864 1007 -834 1100 63 212 214 429 191 -399 1096 -693 1045 288 256 -356 812 -1495 310 360 -518 331 -35 -626 432 671 775 -606 863 -26 -287 -594 816 749 572 -45 1340 -1566 371 336 252 -419 408 -274 585 -142 193 -77 -2 -990 -623 374 -495 464 -250 109 1086 -264 -352 -194 228 -239 -361 -60 747 -1048 -19 -68 -12 -415 -251 -221 -1106 540 -1528 916 -338 -84 531 825 -296 459 -452 496 -602 519 129 -648 184 -287 508 -1044 -108 -473 -61 -512 -69 234 825 -617 -838 424 -471 856 252 -472 772 -194 -65 267 33 -3 139 -437 1048 281 -294 192 485 557 -572 106 49 -694 -541 -52 350 311 -102 497 342 -168 -1160 1110 -126 -15 230 -95 -156 -655 287 160 -311 18 473 -905 205 -296 -763 667 -179 154 165 -356 327 304 84 -13 167 -73 -837 -828 411 1225 -575 -686 -702 -139 124 1320 639 886 586 -680 57 -748 206 -1245 566 556 404 -454 -202 704 353 270 -573 -939 -771 284 -680 101 -579 -953 351 570 270 -247 -288 -343 -189 -456 -1068 255 -566 -855 -1076 794 -1201 -570 -292 672 -271 224 -433 -623 -117 -61 -745 -215 19 398 164 -259 -518 261 658 -194 -200 -409 -1109 186 639 -236 -199 186 -1610 1311 149 406 -872 -1243 -144 500 215 893 -310 161 -42 -370 1494 275 -686 72 -672 478 -6 -1041
-522 -496 461 663 493 136 647 -577 244 -860 -1307 293 1 810 2018 -1029 -286 61 355 -379 -1514 280 -181 -182 7 193 747 467 -906 -128 305 -569 -571 -167 -177 1241 468 -200 587 -1550 -312 141 -41 298 71 -258 -72 284 31 -653 -1004 -149 1124 -621 246 -213 -875 588 888 -585 1042 98 -570 748 -65 289 -370 -535 -89 -272 -80 328 756 -75 557 -378 -705 -966 162 488 -1104 15 -186 -512 -846 -359 -621 -1214 1078 194 -357 470 -983 672 -997 1191 119 204 -159 -45 107 -832 -699 -995 384 -980 338 -116 628 375 -856 -404 -574 -259 382 -100 -54 -306 -280 -367 789 -641 586 401 -1586 -271 -382 330 1136 385 23 -350 339 955 -8 -323 -477 -23 -424 1 359 443 -391 -135 663 -1207 -361 -288 1123 -730 -113 8 -1210 38 -1338 354 636 -267 137 64 988 255 19 58 477 -169 -809 -253 -33 -673 195 359 244 -557 640 68 122 1082 -463 -543 172 613 -377 -102 20 994 267 -651 260 151 -279 407 -785 -381 842 155 459 614 490 184 -226 -366 294 72 -402 -1176 -1095 523 -311 -179 -459 268 -1697 -515 1 1459 364 -495 -918 243 162 -102 950 -597 1252 -202 -1053 1479 734 843 -843 -246 586 -838 516 -975 -576 144 -101 -95 773 162 -1 505 -704 -271 -15 109 -48 287 -103 -1218 -63 1417 285 -259 -449 -47 116 218 74 -671 -106 314 -665 -183 31 767 -93 448 7 197 414 -509 32 329 90 -102 369 -84 774 -143 280 -455 -1320 -18 -139 604 -778 1262 180 -457 116 -400 352 193 69 51 -143 -976 -1812 1227 87 -359 -93 -242 378 -859 292 -576 -598 207 194 455 -1008 -873 109 -16 595 -872 -457 491 574 383 256 809 305 414 -194 288 -161 452 1029 -97 -123 -390 -732 640 583 -259 -974 253 -1094 149 -27 -498 -119 517 -273 1615 -736 -814 134 -436 -13 -896 588 -1034 557 -34 675 -123 -197 -663 -564 -1003 20 -371 -1480 -663 -96 -661 -711 63 611 87 -801 339 -800 137 855 -238 525 1404 49 1183 626 -255 -463 -1183 -1145 738 -50 -13 -170 773 -105 208 417 482
-813 -203 -394 -97 -435 -376 -348 779 -196 -9 702 -768 1385 -1588 -1184 -405 557 176 49 -846 -215 46 36 1362 1006 378 -831 326 -223 -79 -333 440 -410 -137 -215 580 597 -234 203 -55 -606 -137 -223 -815 898 -309 -254 -1470 912 222 704 -830 -225 -428 -187 -664 -27 355 -1272 -374 497 -250 -168 -82 133 -469 41 -3 -506 -464 -267 297 -428 569 -105 -300 59 -887 300 -143 -475 25 112 123 -265 -303 -85 534 916 127 1088 -330 1587 -314 -430 374 -848 -1191 -221 -266 692 449 364 -159 -88 -375 85 -601 -257 312 121 -31 -454 761 218 -297 59 -872 94 -928 -547 289 28 -119 -337 347 -907 -297 340 284 -371 -480 592 -123 -58 -413 517 -24 357 -125 10 -1146 781 -59 29 235 524 435 -283 -37 567 205 374 779 -34 817 -335 416 433 158 -541 -377 -1092 -12 228 520 104 500 -728 -319 -444 -127 1344 -33 -147 -257 193 500 -424 -178 702 -460 -512 -577 -1374 -1736 217 102 280 -75 -580 -406 -1325 -381 -533 -99 369 1140 -143 -787 -1138 -526 -572 -120 320 -306 637 -250 446 -771 -321 -437 651 332 -235 134 759 -812 -41 1004 168 16 -178 412 100 -696 161 -349 -630 395 -338 -364 -199 -318 146 -788 97 474 224 686 -45 476 333 318 -740 331 15 439 272 -318 495 -995 324 -1270 195 294 -330 375 -659 -508 138 84 -428 -592 -704 285 502 812 -551 1040 730 1228 -365 209 397 -1445 752 391 -467 -1325 -231 -1399 -44 -409 -1155 -61 898 313 -919 566 378 -157 -439 219 198 165 -197 -19 711 -709 241 -633 642 331 184 -594 -696 150 -612 371 -389 94 -637 48 281 11 478 68 -515 394 -664 89 -811 1092 -779 -100 -96 584 80 -335 -334 1093 1129 -864 36 -237 -768 -112 -598 986 -335 585 116 229 251 -425 385 1307 -541 298 -176 875 766 226 -76 381 -638 798 1000 467 755 -23 -329 -502 -216 -905 393 461 -185 -971 656 -729 666 -443 365 410 194 557 -79 630 305 -828 636 597 765 -23 700 -663 -1009 390 -184 -450 -1057 210 -279 -37 -663 -311 727 109
-663 -1031 436 293 -594 257 -493 -246 -288 -622 745 -388 444 -164 66 275 836 27 -489 -649 -979 -467 267 332 -807 -94 146 -92 -194 221 -368 -731 -279 -278 -892 116 -448 314 226 -149 -349 253 -13 -981 1026 -693 232 673 -1207 970 482 -367 -708 367 242 -1118 46 -76 -946 741 -14 90 -743 -528 734 -57 34 -190 7 -1283 469 501 -1181 1200 665 133 358 475 107 -911 1507 -850 332 748 159 -530 1069 1637 1489 -847 -584 -184 1340 591 -192 -370 -446 173 -634 -316 -237 -828 -671 531 439 -712 -419 -751 -609 -530 -286 -302 -288 758 220 34 -206 120 233 786 746 -589 849 -37 -457 -678 129 468 263 467 -512 -935 -74 -481 -1178 -440 142 -743 -68 -41 12 -319 -167 55 -700 578 21 597 19 243 -1081 223 -270 -231 82 904 -1044 266 168 -346 -354 436 102 251 -523 1124 -52 1088 -503 175 98 156 411 65 640 342 20 -527 468 347 72 142 -160 451 78 -196 611 -518 489 -433 766 -18 1066 -765 866 196 1380 58 -574 223 -669 -423 -599 -648 -921 -82 80 -504 -1317 -164 452 -732 178 34 471 -91 1203 -485 -1072 797 318 170 139 181 1099 592 -455 -226 290 -207 914 1355 205 490 321 231 -117 250 167 892 -614 500 -677 1303 271 -328 9 655 -530 -1210 -145 194 196 -344 347 -784 -232 -175 -617 -310 292 -286 -524 -74 -1179 -744 850 201 -27 352 620 -268 -739 145 -180 -319 -739 361 -287 -79 294 216 -473 73 -550 -433 -592 408 -296 -226 -331 1269 -804 -1275 -544 635 658 -106 259 741 955 -429 614 386 -654 -816 -849 242 -259 1154 -372 -100 581 175 -244 874 -1377 1152 421 -169 -557 -807 17 943 813 -296 -793 216 -87 142 -106 301 -813 -3 -60 260 564 -386 -752 1415 -1249 176 338 -690 -873 -1005 129 -471 1176 -128 547 1680 1108 1196 917 189 -298 -432 87 -514 461 702 424 201 -237 678 -765 -268 -1012 -674 -495 350 252 -674 160 263 52 928 313 -241 820 -331 1075 -35 572 -1331 -565 1091 -979 -53 1855 285 29 -491 355 -6 1042 431 510 -398
197 -321 535 -331 -315 -102 1619 491 779 -402 -743 -659 446 441 -1316 -1158 228 6 -1781 -609 139 -69 -1011 432 553 1252 307 -256 -57 807 1137 174 -490 34 1405 -1100 -1668 -810 -33 786 165 -620 1397 638 -37 238 926 -88 -812 643 -788 -161 721 129 1149 369 589 -431 438 -357 -721 542 294 -321 -761 317 423 808 -781 -470 -429 462 21 -34 -173 -569 -30 73 -1262 -874 -164 481 231 -536 -139 358 302 231 104 -535 -159 616 579 -305 491 -253 64 -362 -708 -130 -4 -70 75 -643 -36 -661 1363 -1059 78 -184 299 -1191 -13 -371 -68 -286 35 -686 -955 -430 469 547 27 -776 14 194 -1126 -553 -168 484 -1194 639 -362 933 -1 264 -897 134 -1368 -803 -228 100 951 -129 -566 -331 746 593 -147 213 94 138 101 -189 295 341 289 279 -1250 28 171 385 283 -16 1337 237 -411 376 952 -420 916 -385 -587 567 -419 59 143 -636 611 -736 -332 143 498 -103 -402 -688 551 875 -1030 -39 540 -241 -309 98 653 -460 -402 -565 60 -258 97 -510 432 -1059 -974 -503 -810 121 1003 -589 112 -220 -359 435 -227 -350 -291 185 737 -60 832 -858 -429 638 181 -290 -707 -379 99 588 160 -223 -781 -1612 -334 128 268 120 265 47 856 -822 -456 197 641 -585 -525 -395 381 739 495 1038 998 334 312 -418 -50 378 543 -849 456 313 -574 110 -711 775 184 213 44 -684 368 -7 -9 -1915 -214 -69 -992 -478 -635 613 -319 1025 -33 304 -680 1786 318 -393 435 -50 -276 1365 -6 45 1242 628 -1215 337 16 46 -240 392 -979 -259 -181 636 692 -656 1270 865 795 -309 232 -140 321 227 -507 780 485 37 482 540 318 -1046 -533 36 190 -184 1091 620 -25 387 282 -827 880 -323 -362 -231 1364 308 -21 -263 -535 252 -1844 133 498 43 779 -414 15 -894 165 122 -306 63 -416 828 256 579 -336 612 1060 -207 -499 1188 237 254 307 599 -103 -615 -410 461 1522 -200 690 382 -1038 46 179 748 -796 -203 -942 -524 995 -826 703 -58 73 -6 308 861 35 -1045 -235 -328 1152 643
73 -150 -422 714 16 -666 -705 1182 1 379 39 -643 -441 -1840 614 901 61 440 -411 256 -346 908 1138 -101 61 -1326 -1320 444 411 -269 -505 500 835 270 -216 680 781 41 253 214 870 918 -587 -531 300 582 179 553 -1957 74 -616 366 1045 378 83 -2650 353 200 -131 -813 -437 171 523 153 616 -1551 124 1022 -491 528 -947 -367 -143 -339 445 1192 209 346 -293 -987 648 389 -517 2061 491 656 726 556 713 -71 545 96 -763 -27 -361 1447 -5 191 277 -47 -435 -546 -956 1391 66 -245 -848 -1126 564 -485 -948 -537 584 6 1684 -655 941 61 353 -119 -112 57 -285 -1207 1013 319 370 -105 1077 -329 339 303 1209 -431 715 -198 573 -194 -297 425 -1647 324 208 554 -58 782 -795 -536 118 -461 -390 674 418 -332 319 -585 -493 -377 -1002 321 436 220 -61 -238 -106 -290 45 -884 -152 -222 -148 -136 255 -930 -1291 469 -288 120 -1155 1050 -647 604 935 -836 140 -199 248 -321 201 -407 -417 -816 864 -381 162 -894 20 -488 321 -270 19 1492 -651 1067 749 14 166 990 -631 1710 1001 -1283 -418 -143 673 392 92 935 -325 -263 -1014 -379 -164 -183 -582 799 685 470 -54 -95 -32 -826 -293 539 -278 -841 -1164 -122 -423 -98 660 514 282 -907 -700 166 373 300 190 39 1219 664 603 -356 588 559 -117 -615 -905 208 -863 -156 424 -804 119 187 -206 1268 206 -300 1311 621 33 -141 417 114 275 -488 -657 36 450 484 1166 231 -551 361 -588 430 -152 736 107 -357 -177 464 -1221 898 625 140 -233 76 194 719 456 -475 -402 1026 3 475 144 292 -386 -660 198 -952 966 -860 430 401 -154 -166 1691 -1447 98 255 146 816 251 847 619 -13 -666 -166 -222 1137 833 -462 -1153 -277 -61 258 -905 127 128 -294 962 1368 255 146 -262 575 -558 -6 291 577 -192 662 31 -558 -253 878 744 -540 440 854 -518 -259 800 -712 533 -108 951 112 248 71 13 167 488 851 512 -146 -117 -238 -697 1202 150 -153 -1626 -701 -357 520 238 433 -390 -346 -1210 -297 -621 -497 -324 -1205
156 -309 -481 -107 86 419 574 -31 -230 723 -76 -566 112 543 -243 1419 515 -157 77 159 187 -488 183 582 441 423 289 -46 683 -196 -636 -882 -328 -550 -668 882 -813 172 -532 -91 661 -754 -628 56 937 822 678 73 403 539 504 -31 33 -24 710 1047 188 172 901 -364 412 -408 925 -130 405 -279 202 -648 1111 540 -902 105 845 440 -388 -280 -635 -839 -541 -487 280 -82 49 288 1080 -556 -601 474 174 326 -65 -128 -147 597 545 -911 -681 117 2006 -315 -628 157 14 -308 52 1226 -891 219 -231 292 387 417 440 407 -60 -135 228 -116 -132 56 -154 369 -319 271 -28 311 -814 134 -1052 776 -301 -229 -810 379 -247 1349 151 200 344 -188 22 278 -1212 503 -817 751 175 688 -937 185 -145 500 97 157 347 -461 -869 -637 155 -919 411 -777 964 325 -798 366 627 -82 -1320 -23 -139 -330 1017 -658 -784 372 -173 859 397 868 216 151 166 84 123 -39 -29 -164 -949 148 285 463 673 381 -591 -1019 527 323 -148 155 -236 928 374 -319 -646 -354 608 -180 -535 -286 1251 139 -16 180 -195 698 -1211 111 -324 182 -384 -470 651 -188 -379 -333 -1081 -43 129 -557 -175 -57 275 608 622 513 -960 -289 -224 -1135 -1044 487 150 -498 -526 70 -528 1072 285 1213 -135 649 -1674 -565 -414 131 48 512 109 939 1064 105 -20 341 698 1276 1214 -377 -296 -118 766 380 -181 -501 466 -295 843 -981 -906 68 -61 135 -151 -1 260 16 -403 167 -498 -765 707 13 93 172 22 -54 -836 961 244 512 -705 384 -722 -910 468 -653 -141 349 422 -607 -199 217 115 182 -606 385 -337 689 321 -621 310 768 672 -688 -649 -173 -258 -790 199 539 129 1282 -501 -369 -56 812 300 76 -1032 724 -906 361 987 -201 53 -218 111 986 -290 -128 532 606 281 -607 -216 229 330 -554 -192 -382 24 1399 -1131 -1310 150 -135 1181 263 -747 -581 -498 362 -209 13 -313 367 136 -425 -849 -101 -398 534 457 953 -96 -64 854 -232 -80 -1058 588 1838 -1078 -228 -76 763 439 1341 508 -796
316 638 -337 256 191 -107 -75 -258 8 232 -608 730 -116 112 -1109 151 1055 -164 535 -173 -518 366 -48 363 -330 472 838 -184 -647 70 -934 631 -593 -502 766 -582 -797 -53 710 911 -1415 42 1197 -118 119 -388 -86 -960 230 -306 -413 160 242 -680 161 -270 -398 49 94 484 600 -546 -268 -855 -521 236 -335 -880 953 1161 -201 1130 1072 148 -390 318 389 -458 -156 787 171 -1321 203 -53 -546 600 -320 -552 -186 1513 -574 387 -640 769 633 -439 -1180 -237 1204 111 16 314 -350 311 485 -134 114 16 -437 -775 542 301 30 184 -56 -99 1022 -121 730 -169 -217 27 444 205 1735 -248 -550 -46 -242 -97 -447 -193 309 1206 -16 494 92 209 -524 -1030 -500 -1426 371 -225 -33 375 1324 29 -1952 -788 -124 229 922 330 -72 165 915 -370 -450 -582 -346 -589 -38 -312 -26 -939 -439 -510 -299 196 -291 -1520 535 628 196 75 -142 143 162 190 -12 -957 815 -1218 1005 -581 376 -98 -207 -877 438 -94 486 33 28 -490 -1087 192 -969 -989 -88 -17 507 -882 -75 430 -1056 -739 -269 271 466 -1065 -554 862 -821 398 778 1042 1138 -625 -177 153 -177 315 -376 -572 -17 509 -588 482 956 118 -414 -647 -630 -471 -377 -540 430 -52 796 -627 -427 1161 -1742 291 -740 58 144 479 -124 -278 -671 253 -1119 601 -775 -469 254 437 360 29 696 -289 405 -392 1111 90 -466 296 -2035 -569 -208 1179 198 -94 -285 715 -680 760 -464 276 733 -333 -1092 -483 585 212 272 1071 -291 -154 -199 -489 -600 -118 243 -135 132 316 -690 479 -271 -617 218 -1311 -787 429 -816 878 372 975 274 1016 -428 183 -435 -170 229 -1499 104 1090 402 -169 -83 260 -893 -698 1063 -656 372 -1125 -289 75 151 -272 -87 146 -598 -1226 655 407 35 193 -516 -486 -69 -697 882 356 279 -138 316 330 222 365 -342 -686 -338 503 24 -733 527 819 -570 -901 -526 -107 97 377 -349 -48 -704 259 864 -361 13 801 -5 1093 311 -405 -231 105 -397 179 433 -887 994 -321 423 448 -324 252 -169 -874 -177 -855 417 659
-270 -1026 884 -384 142 687 -158 254 825 580 -634 -237 -263 160 -876 -1191 -106 864 -1134 1228 272 -578 267 -86 -104 710 -29 97 67 260 -706 -70 1008 725 -312 330 1364 -618 -1545 418 -334 -780 877 -250 133 -1127 202 -798 -111 -362 480 -1091 609 24 -1183 175 182 90 -128 -793 371 -54 -182 129 549 -13 -163 303 -303 -173 -402 -18 509 -195 -188 -409 -201 -256 -1066 -303 355 936 -64 -555 277 -52 -615 598 -178 -128 -384 -545 360 -69 -46 73 412 771 -924 270 174 463 118 674 9 410 754 132 -56 670 -395 99 1303 848 -7 1271 846 521 -476 -6 485 48 147 -657 390 -1500 618 478 -109 550 -1359 869 -832 306 532 72 962 -99 -814 413 242 532 374 -476 -189 -155 1481 -1 -426 -31 -496 867 -488 -938 -311 464 731 -248 229 -319 636 485 752 -619 278 774 -1030 -2 -604 88 714 -798 -774 -327 185 -572 682 -349 -252 145 347 -655 -775 368 426 81 786 886 1045 789 5 -1986 -358 455 1113 650 -880 -165 730 -790 1154 -410 -473 -598 -1318 -342 684 -177 -29 -405 283 274 401 -647 -689 10 27 -104 431 254 685 54 -328 -1060 -320 -1701 1232 272 574 145 218 492 511 345 189 -306 486 333 343 -538 1275 -564 -479 258 -287 -1375 175 892 468 525 -17 -405 475 -1131 244 854 -479 544 726 -513 -667 -1560 -76 1108 412 -417 32 -144 -107 -741 391 -65 -435 575 -195 377 186 991 -466 53 -129 -1070 -279 695 -1559 261 -1042 550 -527 -754 130 720 -467 -179 -618 -11 4 388 -117 -725 314 521 -23 -479 -301 430 408 -861 -442 -94 -689 -224 1325 -453 876 -1084 -385 -15 613 296 -491 339 -715 712 -920 -148 844 -325 -161 -488 -868 1104 889 209 751 -225 119 -253 -267 -185 526 -134 305 -1113 -515 562 -189 -391 -428 -27 12 163 257 -210 343 -319 -1139 193 -284 -209 154 -170 -29 -161 205 1714 -670 992 -543 -337 -585 -170 -1460 496 916 -347 -184 -29 -178 889 551 109 -170 -7 153 -706 606 -233 -539 -948 491 -358 1096 198 24 -134 -138 -383 456 102
602 -1168 -13 -459 321 -118 -708 180 229 -252 290 -262 617 -937 -144 811 -313 171 -201 -297 -448 -481 476 -133 -143 -1002 884 -245 473 573 132 -443 1001 1807 103 344 746 1400 1376 33 -160 -198 343 -402 252 128 -991 -147 -591 -429 -339 861 125 527 -632 -311 -771 -91 59 -772 -549 -261 74 -1604 709 -60 -658 630 -186 602 -136 -249 -89 103 604 -136 -112 865 -190 -402 -636 633 -1586 40 40 -1077 345 442 1387 324 33 483 84 384 300 137 -918 370 777 -347 -38 -111 602 685 650 -271 164 -543 410 -1156 137 -1020 734 104 188 -24 674 -176 8 -1039 -1061 373 402 -1209 -833 -82 1478 408 -819 250 -102 1056 -198 -37 663 274 120 -146 142 -817 -778 -235 677 -2 -1092 491 243 -240 -774 -1124 -348 -68 661 231 930 -240 747 -338 -783 453 -2 -1267 -12 -69 1001 -53 -473 -508 -1022 -500 -478 495 528 -997 -938 -1102 720 800 292 -752 778 602 -164 213 716 -314 526 176 937 -666 258 420 767 -175 -1043 249 -449 -449 -693 92 141 -173 21 -1489 146 -611 -591 472 645 428 -1232 1343 -117 -98 983 -172 -115 245 -744 137 138 455 -181 -800 -116 -468 -515 826 -208 -699 483 -82 -498 -269 -753 480 84 66 174 -324 65 -418 -935 -313 825 410 -1297 -530 149 257 -271 -280 -1043 697 -831 957 622 -403 -710 -128 1214 669 -663 -580 565 -1454 -382 -409 -1184 825 562 -482 -335 -899 276 140 49 -422 38 -195 -39 343 144 -572 19 848 787 1732 706 1056 -436 304 35 -815 -140 122 -672 558 1299 696 149 -519 -349 561 -87 -352 -17 904 -344 -708 598 -721 666 162 -336 -345 442 -188 84 59 476 124 -79 874 480 203 51 459 -516 145 -129 -178 744 -79 -245 -79 -1072 -483 416 -116 476 489 770 -237 632 -544 -4 -447 362 991 -172 -278 -179 -465 -113 -274 60 36 141 -425 633 340 -234 590 -434 -1685 459 -357 -498 -287 815 626 -29 -497 -925 -38 -690 -542 125 486 1256 -1088 631 108 86 402 -126 -412 -173 -253 1014 809 -24 -21 358 -756 -301 -527 124 -235
178 -810 54 770 386 449 -1927 -15 78 935 -688 745 -344 167 183 -245 -612 -1306 -40 62 -516 832 -1015 532 231 -11 849 330 -673 -766 156 -738 1101 -427 221 -83 -241 774 50 -422 198 -597 -698 -489 505 -249 258 -658 -735 229 -599 -373 166 -806 1402 405 -108 -103 -384 1000 428 82 -404 -557 -575 1172 -633 35 886 479 -438 49 -501 -488 51 -370 530 -635 -152 -984 -608 -10 563 125 67 346 -435 393 -228 -361 -185 -1068 -934 940 880 336 833 1263 402 678 -677 924 738 -741 919 -409 -452 -215 -675 577 -525 726 287 465 799 -274 44 -555 223 71 339 -1111 -220 -49 538 71 -538 -496 262 638 -127 174 -1105 389 511 673 198 -213 -28 596 833 -280 -37 -84 -371 -11 1175 481 -341 -7 -564 313 713 49 -218 470 10 -1219 567 -195 197 -445 1030 375 -169 800 51 -398 -160 497 -77 84 -399 -429 259 1121 -6 103 -107 -553 119 -12 -122 -872 93 638 225 -314 -79 735 106 -434 -699 -578 -560 -786 551 884 454 -502 -278 292 558 410 -551 -527 -1076 -199 191 1407 1418 -41 874 -597 -809 -588 -422 234 -617 115 706 -629 408 159 477 -146 -151 -175 -353 3 14 58 -146 -110 -311 -565 982 548 -855 -24 -216 217 313 -1308 -718 -433 113 -351 -680 -65 -293 835 -8 -874 492 894 2 -215 -104 -1 -15 -667 -71 11 463 156 -1114 -234 -204 207 -649 705 136 406 857 -599 591 -1143 159 359 -59 -825 -811 -691 643 872 311 435 832 -1714 113 521 -351 667 -655 -919 597 -538 746 780 149 -1384 -396 726 -258 948 41 -179 -638 -1380 535 -6 -315 808 1149 633 273 -255 -508 218 1048 -485 341 -809 -231 -244 138 352 -178 -574 412 649 450 500 130 521 -650 888 473 543 46 -35 628 137 81 -63 -152 369 1016 466 152 152 -667 194 923 -464 503 -146 48 34 153 -316 -660 404 9 -557 -48 -544 78 256 522 -696 362 -333 -377 -60 27 -394 631 -744 -110 121 -302 -283 -747 513 -699 -559 -251 99 341 103 295 352 -303 513 -1550 634 -982 1344
291 391 -330 360 304 543 -812 -471 -430 1004 -163 631 1285 197 -521 -114 598 261 294 274 -215 -372 -534 345 278 321 280 -363 443 -549 665 -1229 1324 -631 -704 -745 -707 381 67 -409 -716 530 -466 814 186 1274 -228 248 122 863 302 -777 -35 1066 155 -50 -233 -246 -632 106 -691 455 -705 19 286 -1122 -516 -343 33 -138 166 856 161 1065 -78 -516 402 -17 468 239 285 -691 103 -703 458 195 -536 -1259 -1015 -564 -13 862 -714 342 -1192 -731 -591 -233 -490 504 -74 -630 -362 193 119 -58 -1246 143 -76 -359 796 -734 381 89 125 -853 -1052 -163 -227 -207 -563 -308 711 -493 -599 1393 585 -30 654 183 25 514 545 802 1354 -602 186 -210 201 91 -451 399 840 -1235 308 -349 391 -500 -510 112 487 -982 462 110 -877 -414 440 -1 449 1254 -1507 -1787 779 459 256 -734 -48 -583 -836 664 -770 -338 244 411 -176 -390 382 609 510 -692 947 -914 1032 -198 485 419 -303 -1224 -463 -598 2 1085 -215 314 -1102 -141 816 -320 -1502 -594 -85 -595 -120 721 -77 729 -806 -351 1255 -587 86 -687 -729 238 319 75 -224 -1439 838 -19 90 224 -472 -1524 1045 -152 -721 -54 220 423 -753 711 -649 781 -487 277 -850 -692 264 379 9 761 1304 906 -439 -983 -894 -118 539 1023 -431 352 387 515 172 -81 -250 -447 -218 -59 517 169 -81 1279 -621 -278 -445 719 -139 399 888 -245 -25 -1140 -470 55 -622 -219 -490 265 739 738 -357 612 421 545 -393 -14 181 -70 929 1103 83 339 -172 -195 379 475 -125 1206 -1192 -158 91 735 -550 -502 -1253 1142 791 -113 -57 -136 61 -17 -198 784 1669 -550 -913 -428 -1108 -469 -889 365 -139 602 -346 367 590 -332 415 793 1100 857 1383 -198 -639 471 160 477 1463 773 -533 705 103 264 333 336 -220 16 1002 -316 -1104 1060 -1420 752 394 901 -418 919 -207 -955 310 -299 -571 244 721 -225 497 758 -288 749 470 -683 -202 211 286 -188 706 1662 -1443 -1153 -813 -167 -795 -313 236 228 294 739 -39 -238 -1362 -993 -896 -235 765 392 -935 299
127 -736 703 -12 710 -352 -93 -289 447 -636 106 290 260 -535 745 -1030 -264 400 522 310 -659 678 439 311 470 -341 29 -957 -819 -53 124 -131 -535 -268 401 -285 943 -700 1000 254 -367 1078 -19 -136 -83 116 847 -153 802 -173 -613 424 994 -570 377 -1368 420 -409 -464 411 -214 -1137 487 688 47 -926 392 -58 -665 72 922 -482 16 -342 -238 -287 767 -24 828 -162 735 -865 -236 -319 -328 314 -55 -553 -734 -1185 560 161 12 727 34 -140 -1577 26 -153 -950 -675 -611 -1490 1014 281 -583 28 -293 -467 553 614 -518 -899 864 254 205 -219 303 769 766 48 -487 700 326 76 717 -114 -1498 127 -101 892 620 -881 -321 -511 -80 -154 625 -728 -399 270 -676 85 173 -101 -259 -343 -1724 89 554 -674 -268 275 -532 505 -186 995 -896 209 515 -412 -263 242 -145 -173 -135 -200 203 -1015 819 -526 77 575 6 -543 -54 -1005 1084 -443 -844 -437 682 74 -362 -540 -738 -816 47 76 -2 563 -353 580 -464 -1000 16 1011 102 -343 266 350 -138 372 -12 1323 119 -986 -497 -760 -145 -505 -738 185 135 -831 16 960 1231 -680 37 -758 -770 -1382 114 -161 1197 -108 -176 559 -200 -423 -721 759 -662 -480 330 602 -573 -469 717 -23 504 599 310 -167 -104 478 1048 -439 339 45 -386 -523 -309 -129 -1109 248 -138 800 -206 -791 -367 -90 27 555 291 435 678 341 -374 421 -35 -124 324 -1663 -729 -184 -133 1141 -284 100 317 80 846 1359 457 -909 816 237 188 264 945 -486 901 176 -862 199 352 316 653 277 -1366 478 662 -267 830 -482 973 -343 -68 -387 428 349 -432 -964 -1445 1109 21 -723 635 -226 -300 240 133 -694 162 79 514 431 -985 -338 341 953 -419 164 611 -239 30 -281 85 18 828 -184 293 -308 -224 -250 933 -98 -414 222 138 258 1482 -507 422 -753 108 233 722 -148 76 108 -808 -203 -483 298 216 1540 972 -471 -890 -508 -738 792 116 -371 -238 370 1006 204 86 260 1440 -400 12 12 -162 -641 -206 946 -452 1197 1426 -89 -738 -536 -615 863 -40
-1485 317 -324 -335 -229 1309 250 -840 1095 825 -207 -857 -56 -179 -105 0 -1317 431 24 -656 214 -113 1802 -244 -378 67 -784 -277 421 -628 261 812 371 -623 -375 826 226 -168 -96 345 460 32 -1274 -521 641 -68 158 86 -110 510 -851 -696 -801 169 -27 -490 -927 1101 95 -181 2 -885 -678 158 199 439 -572 -85 515 68 741 -778 113 -493 533 780 -261 -334 949 736 578 -155 238 -144 -969 330 354 594 -908 -1110 -517 229 -834 -741 -44 670 234 126 -604 276 -321 96 213 -701 -455 380 31 -237 624 178 -972 20 -471 -309 -667 691 -271 -13 44 821 297 24 695 248 -871 411 -241 -812 -23 -183 -686 783 -434 -307 -254 -411 -288 -423 -415 896 -581 682 -1861 225 419 -579 -60 137 446 -428 -851 203 -819 201 15 -924 519 -1397 15 -519 387 98 293 -265 366 -534 773 -735 39 417 -372 517 -988 415 1376 -65 -266 -898 259 -252 38 -19 389 -410 -609 144 840 185 213 363 1029 -45 521 874 -512 -185 745 -26 -194 547 897 326 -23 1240 560 589 -526 -189 169 77 -66 994 17 -216 1071 822 642 643 -704 -202 -186 -652 -585 -209 326 534 -45 725 -977 1309 122 -112 535 473 -41 -395 -335 570 -208 -289 -646 128 24 -71 38 21 326 68 218 -1260 265 -209 379 -667 -20 -836 -683 -554 -1040 -131 126 -701 448 -93 428 -186 127 182 299 197 11 -397 -774 140 -338 972 821 -580 215 510 -82 -101 261 763 -287 -1160 -364 -245 -357 -209 666 -481 703 702 383 351 -1402 -193 -363 -461 -558 -169 681 108 456 -296 142 559 1098 -43 -62 -1119 121 -693 -578 -63 257 -100 610 107 530 -60 129 -793 -108 57 243 281 -1543 462 -1180 -111 -289 -558 162 -603 1412 83 125 618 -124 -143 194 -848 907 -328 222 15 913 57 -24 -987 830 938 897 593 1089 280 -546 -289 774 -636 466 983 -694 -702 397 -55 -780 413 -62 -296 248 -767 -602 896 58 -150 -170 -185 -848 -84 476 -184 638 -249 -801 97 -660 -188 -451 412 -1320 -901 -252 292 385 -914 -1266 806
103 278 345 515 73 717 -134 267 223 604 1169 -824 27 -194 -455 158 637 -398 725 568 -1472 734 1339 -465 -776 -232 -152 601 1011 7 270 101 -431 -995 -453 -940 -329 -914 455 9 583 541 87 -125 -223 -5 -311 -43 474 865 -524 15 -317 -316 -667 288 229 -131 898 595 -1003 543 -147 -176 75 -243 232 -588 -231 220 -496 -705 -488 474 639 -432 363 -367 -148 443 650 314 205 207 -93 -93 1273 299 -551 464 -257 -681 178 119 -1276 -7 -78 -653 -488 -10 145 267 -119 345 443 258 142 332 -130 824 281 -249 -920 -41 -25 -210 593 -1190 292 230 97 -3 1493 -388 -194 89 -760 919 655 -1075 546 190 250 127 428 -1011 -767 -363 293 280 425 497 -534 -345 709 -1336 646 20 -164 -10 -631 -105 518 233 -1468 -347 50 21 7 140 -169 -775 599 -517 615 -82 -447 -76 313 -263 241 357 -793 291 414 -935 -472 -484 -652 -302 324 -146 290 478 429 326 -447 680 -624 169 -1626 -66 -367 -6 -430 -538 240 -315 926 -159 181 85 -1651 408 -663 -227 304 -606 1387 -1359 308 261 129 485 885 -85 -10 128 1214 309 179 410 -870 115 392 -295 949 -735 728 703 497 533 739 -174 -8 -981 1352 -587 1164 -407 -19 286 1004 6 -396 -4 -683 -141 -330 -759 286 572 -48 -987 169 72 -722 471 1103 -241 -251 530 -376 419 -660 -118 490 1273 1756 437 -812 -577 183 -253 789 1622 405 389 -1113 -454 -513 154 -677 -81 13 -1318 -480 85 -1181 -331 -488 327 -386 -41 146 -920 140 -1004 -412 -611 503 -1596 -787 1325 22 -115 352 653 581 103 -180 -870 143 -852 -430 -619 -336 315 -195 -830 -512 -1391 -634 -623 -1588 42 -337 288 -1422 687 1160 778 405 99 -435 409 332 338 262 -392 326 -647 -593 -248 783 530 1401 246 -450 -1257 867 -849 -13 775 -684 -248 -672 197 -431 530 58 -550 545 -783 1074 310 -1242 469 83 -191 -29 1865 863 510 -307 -713 335 -417 -104 128 -37 -308 75 -1248 -2 -959 437 842 205 1179 179 -69 -144 -915 -321 281 578 515 265 -512
571 -258 -20 776 -965 -669 -672 387 -227 -377 -140 413 -115 -139 -557 -663 -796 707 32 531 355 -341 1105 -1024 1436 447 -995 -254 3 -328 -300 446 -18 -169 -289 -1487 296 -390 332 491 -329 -739 -59 174 -623 439 -798 -175 265 615 -484 385 206 -448 985 -1054 731 -429 10 -158 492 222 -88 -1098 299 -585 1714 -579 880 773 -523 1108 518 -887 1360 395 -616 56 -936 871 822 -230 356 -962 841 -319 -899 -103 1009 603 -190 -710 624 127 -557 -628 -261 -441 404 -996 -107 294 -754 84 1057 -632 -108 535 -354 556 -46 -933 -1210 1531 391 -1 165 23 -108 -528 415 -235 730 118 -220 283 680 -331 137 99 -1108 315 206 348 -666 1065 617 42 -1039 180 -665 -437 906 -385 -364 -514 167 -215 -1436 -741 -148 -446 -108 -253 114 -518 74 -59 -382 -100 492 71 -587 -689 168 519 -299 551 7 -832 556 106 -70 -177 -23 133 8 722 308 589 527 159 365 -118 -890 327 81 139 -94 101 -209 -472 78 165 -337 -190 -941 60 -136 -233 130 -105 -365 -1087 -152 144 339 708 847 66 292 -652 -293 392 -471 19 -841 90 -7 -236 -722 -815 -68 136 -1060 399 -337 896 -119 -102 613 140 -62 -135 -168 271 -237 -367 1036 -322 789 -1539 -1695 540 -340 -224 -563 -41 -217 -566 -421 993 344 193 237 1219 201 416 330 404 -227 -1019 -429 486 -46 423 274 307 355 -546 549 -1136 -550 -810 -552 -4 334 -94 -719 331 -108 589 41 -108 -624 -124 1244 -20 -684 932 -145 695 -1128 387 -276 38 -89 233 -95 -25 681 188 -1526 324 -17 477 -234 -455 458 365 -173 -19 487 -1126 27 431 -229 195 685 12 -121 60 285 164 -822 432 820 287 923 -289 545 -306 478 -1395 410 -796 -116 -346 106 -601 -132 -341 -508 804 978 -509 23 1233 1082 -280 92 559 132 -215 -214 -462 419 -836 -913 -1494 -1033 -689 1060 204 533 -984 285 397 -82 69 -554 178 -390 -27 181 -421 785 237 -1087 474 166 -14 343 793 486 349 1461 -170 -414 1080 402 299 -527 1473 815 1309 250 421 721 -1146
1064 863 -145 298 -583 280 320 -6 173 919 -209 -500 628 -544 -58 -204 908 -14 -299 576 952 -881 747 997 -628 450 1024 550 -703 238 -738 230 65 307 73 482 -740 -307 -293 364 -1206 -269 642 -587 66 -58 -328 452 -311 -75 309 69 1021 63 -299 310 -133 -22 -608 270 -50 -743 113 95 -695 270 763 -255 581 -672 158 -156 477 -574 -496 931 168 270 210 1284 -54 -64 64 318 -186 550 -846 0 684 1381 -523 -248 481 -144 530 944 157 -499 -883 -633 642 -499 803 -452 -614 675 -552 115 -665 555 1254 164 -142 -267 -306 -741 251 -655 -380 -26 -231 288 -419 -1115 294 -1169 290 -584 346 1205 507 105 322 826 40 -722 366 -319 -587 274 -107 388 260 -684 -36 590 88 37 -48 -650 1286 306 -300 -469 -84 -1339 71 -394 460 310 -1095 671 -218 1079 -49 -279 -472 144 726 413 143 -128 460 -531 -55 -711 -315 635 647 561 1119 465 -703 65 304 -236 -624 527 687 40 -400 -214 -794 -449 375 -425 -640 -452 522 -329 521 61 -178 -1244 -250 -814 -30 -635 1239 1274 710 -283 -31 1247 -1020 653 -257 -724 -312 30 -219 -951 755 239 584 -977 -75 158 485 -889 682 -1054 -614 -1029 377 107 -953 -645 -243 -308 281 -1138 -494 -238 -130 -1232 -258 -147 823 391 375 1663 34 437 -107 304 -935 -347 -63 -666 -808 207 1036 579 -410 -646 -498 48 -277 79 -864 -8 -769 1039 910 138 -387 -63 567 -59 -1486 -1073 -402 -757 -282 359 -263 -408 58 -465 331 330 6 -372 327 -331 1283 -700 -93 464 458 145 657 -300 168 -952 621 213 117 -247 913 -607 -27 957 -1563 -784 462 -159 119 708 -147 -217 -328 782 -793 -818 -364 -802 503 -344 -20 92 131 622 -664 49 -678 77 -11 1299 585 35 -243 502 -603 442 427 -432 -216 367 -948 720 64 12 -59 -824 741 670 -387 160 -679 540 -408 657 396 -199 185 243 -1184 -266 461 -285 -68 -558 62 435 -855 -542 -675 -182 -422 -634 -279 -555 -27 557 -918 -211 1325 213 -756 -221 -268 364 1695 0 -320 349 153 6
-345 808 -441 -218 137 327 -489 61 -804 246 -654 -270 -432 528 -600 -22 -1036 -84 -244 56 784 177 -745 -1 43 -143 436 81 -1434 -523 136 219 934 -774 -528 -163 222 265 403 160 581 -135 98 738 343 432 -531 -799 199 -98 851 312 -312 497 803 585 -753 -29 861 129 49 525 1047 -393 98 402 998 66 -451 173 1314 91 -102 -1385 353 -54 -370 -433 -235 91 723 -306 27 208 219 804 59 -335 819 567 -865 -1305 -692 292 765 1511 -579 467 1106 64 31 -244 526 377 625 813 -677 621 275 322 25 353 -1372 1065 1256 103 179 -225 340 -957 -436 359 -49 -566 -379 973 -531 -171 560 -36 1509 1418 -262 -29 1 -307 265 134 -1344 30 -751 295 97 1061 132 -104 1030 123 -321 -149 192 1099 -889 450 -303 -1625 176 -467 124 -365 -182 188 293 326 -370 -70 -12 -338 419 -175 -622 390 13 768 -808 -346 -951 175 -556 80 995 -130 -205 623 -687 -1393 1713 1071 580 178 605 871 -525 -660 -170 -32 81 249 116 -1366 571 -201 43 86 -392 1185 167 -36 452 489 451 -539 354 112 10 531 -176 363 971 -25 -572 -493 -219 -327 -589 -665 -35 -378 -487 568 370 -822 -468 298 -388 -926 913 76 -225 -479 850 -1207 -750 54 -117 -1224 633 -296 151 351 445 -86 -7 -119 539 -559 -917 747 -178 563 158 356 931 -555 131 902 463 460 617 -747 -141 385 -485 -329 304 -1010 266 326 -492 190 -387 843 -236 -963 -654 -821 -121 95 407 302 -359 -1454 1289 368 628 -575 201 500 407 206 249 -932 1187 310 -380 764 -194 -448 -309 548 -729 -3 -87 91 390 214 -31 -288 139 326 -1258 598 654 365 -255 -833 937 786 97 683 -118 -142 -270 -496 54 -592 -631 -53 302 563 -90 262 -1020 242 561 739 136 -128 -115 992 -122 954 346 168 -1100 -222 397 73 57 217 649 -486 152 536 2138 -611 -55 897 -948 107 101 -55 307 54 415 74 401 36 -1382 512 603 440 218 801 -38 921 -109 -267 -366 602 -615 100 -302 -449 -208 262 -24 1382 492 371
-89 -306 -484 124 -245 -668 68 858 133 80 -30 -668 -22 -686 -325 593 334 17 694 -1112 -563 -1270 -314 72 160 -298 456 170 90 -623 -436 967 -594 -963 -250 -764 -31 1072 -695 74 -452 329 81 50 739 -370 -519 300 1047 860 714 -35 443 -474 -511 -283 -1186 -151 587 -969 1007 -631 70 -436 944 223 -925 20 -108 372 84 -372 1048 -1010 -153 -888 -169 -228 496 -3 14 -17 -370 531 251 -718 -109 -493 541 -492 -168 519 1535 123 1806 136 217 795 647 299 -1008 -1367 394 62 460 -154 -1056 -418 129 -60 179 95 -1011 411 40 162 874 -121 -115 -186 -83 54 655 429 515 376 314 -9 -633 -457 -312 254 -722 137 -505 732 1992 928 -342 149 149 -133 -353 -301 -139 445 -663 -622 708 154 269 -331 -225 -370 449 -403 -1398 1420 123 -692 -435 267 -254 -404 -538 227 -136 -804 442 121 208 -76 986 -265 209 -408 132 -1679 41 1391 -110 610 212 930 -322 -243 100 -372 -861 -393 684 980 -146 635 -603 -352 -213 1188 -666 -66 626 -20 195 -225 -938 440 1040 -107 -23 511 -22 -280 323 -149 489 -404 369 -132 700 -1014 386 87 336 -834 1169 -622 -608 -14 -278 384 225 -165 308 297 684 -654 -769 178 180 186 -502 -473 -519 176 525 -39 103 708 -12 653 -129 434 357 -984 -1016 436 -512 -458 1026 -1288 176 -559 139 -1065 874 353 449 -1088 -296 1011 480 -1437 -342 -12 -52 -60 -50 -83 24 12 592 81 580 -467 172 -720 88 57 375 -855 124 -791 -456 61 -389 904 532 -100 -65 -402 414 394 -331 -689 90 -432 -722 475 135 862 -284 89 433 -437 -225 -242 78 937 974 -157 49 711 -448 207 -420 -123 -204 -870 388 63 -32 -645 807 -478 -1143 -784 -1451 -622 -547 46 -399 -30 549 -405 37 230 867 -579 -20 5 91 34 842 -500 259 760 -623 469 463 324 160 490 192 716 -45 510 312 674 1116 16 -683 -238 454 -88 291 116 817 -983 173 618 427 353 1150 1041 899 615 642 -106 -248 -33 427 -781 -1141 -640 667 -167 350 591 -487 170
273 -312 -1038 -656 1084 784 -197 342 255 -706 382 -21 -1122 58 778 266 445 -409 -1422 -561 -698 1503 -164 -696 404 74 -281 -1134 501 266 -499 680 -482 224 -294 214 -1914 -528 300 -575 767 -685 -1274 -199 -316 -424 55 181 389 195 -920 494 -655 -22 -316 99 409 -115 1113 -299 -57 1295 634 -124 -709 -68 11 -1317 -804 1163 385 192 -23 514 -839 554 -71 504 -519 435 94 58 -750 90 -28 261 -18 772 572 1035 -1048 -282 -274 401 -1496 -642 712 -787 284 -475 -502 484 509 -368 146 -340 1682 -218 -203 348 -380 -509 537 30 -1224 905 -289 -283 126 -52 -702 394 -708 -90 -870 548 805 -134 583 334 111 787 -796 228 -579 -230 -156 -558 17 -187 187 -1421 -1119 431 397 -161 44 -688 -1275 -196 255 -509 441 -68 490 -601 115 68 -303 -535 311 -1660 -14 -245 -212 -87 659 666 -127 -177 -948 -283 439 963 -588 -195 -271 204 -264 285 -1020 679 80 209 292 -135 329 -659 -618 -3 -291 168 735 -25 222 -596 88 -82 -984 -55 103 859 -118 -537 -528 -104 47 829 -544 1297 -672 -107 -956 42 -683 869 40 32 170 806 -688 226 811 612 -181 -270 -75 498 200 -957 -490 82 -1546 1610 535 930 212 -196 -771 459 -569 270 445 27 -379 198 -40 -354 268 34 -539 -78 -781 744 -240 686 560 780 -897 -445 726 312 -1908 -387 -993 -184 131 -291 139 -716 -454 -451 378 -970 167 96 387 -1394 431 -316 174 617 448 123 -248 996 1237 447 -545 -221 166 -338 -503 -230 -570 859 -969 1174 -459 669 -1879 379 270 719 -45 -290 71 -951 794 697 110 -387 -596 73 -1867 -222 787 -768 -819 426 784 -40 -58 1111 452 396 -257 437 -618 -537 364 -16 -57 -560 125 -384 451 -646 477 331 -762 -98 -9 -422 -357 150 -361 371 -131 -612 219 -390 -348 -325 -365 724 253 1 286 -582 435 444 -575 -1187 47 -381 -314 -161 -480 768 -285 647 394 -945 -675 485 585 540 -516 -770 -852 542 44 -742 -195 78 -1033 284 -834 -115 -450 1291 299 492 -1368 -655 494 166 -117 240
-557 824 -367 -114 -746 -349 229 482 552 -136 593 -187 -242 -503 -139 79 -764 -939 29 644 668 -519 -632 -1729 377 -55 7 624 -124 59 -695 85 118 231 -773 -417 -244 470 19 -465 -359 548 -734 -332 -1414 -604 -619 -251 -936 -312 -1355 797 -322 -337 -128 -1169 -180 510 14 -701 -566 305 -451 672 216 163 189 -457 332 -484 -832 380 -1132 404 -49 -838 237 -664 545 -286 134 -456 212 -686 41 540 356 -333 -114 -726 802 239 119 622 -583 -90 -1106 -957 324 -358 -293 -330 18 -75 154 -1094 -461 -27 -131 1094 -187 598 -168 -819 1183 -178 608 -205 770 580 -88 611 -324 159 148 691 -417 920 -639 -181 118 72 48 284 -804 -855 -363 243 -562 -819 -205 325 993 -969 -692 -420 -380 131 225 -86 -1280 291 586 247 -505 246 289 469 -825 523 1053 401 411 304 320 -471 516 491 345 -1209 652 -77 314 248 -323 895 -595 -175 -397 -3 -72 215 -85 -255 -627 -823 -40 -295 735 -617 702 766 -38 -263 -325 82 176 -295 589 -1162 -884 959 -108 708 235 -324 -120 -10 -591 -1300 610 -213 674 996 46 69 217 396 -875 -271 -708 -582 -318 -335 -289 -518 769 -190 700 333 1486 -383 262 380 229 -90 28 1121 619 727 284 140 -41 -949 1184 361 -42 640 277 -941 225 -287 -165 192 -193 -534 142 666 -475 -797 21 -1049 323 -172 -1190 -103 753 -679 -44 -377 142 -328 -1173 -167 400 -80 -420 337 579 -561 303 291 -993 -215 666 217 793 -47 -303 585 -452 888 -1471 -989 -963 516 474 -857 95 273 -338 580 213 262 386 726 -234 184 -230 1164 234 1099 -58 -52 -691 414 -83 635 -298 -72 409 267 179 87 -1149 488 655 661 288 324 368 182 -440 -1275 480 -228 -977 626 -345 980 -853 -759 1122 -641 979 -76 56 -175 608 247 745 -255 156 876 -783 -586 1053 -608 -750 -280 -25 170 -441 285 -78 -614 -103 -194 -202 -227 -4 108 1092 -190 -425 -995 413 -482 -59 391 -283 412 508 1009 -140 473 76 -663 -1411 -509 65 -48 92 841 191 -265 112 -236 313 30
-617 446 -485 -121 -280 -281 1220 -172 -1015 -134 -944 -45 -451 -1189 -744 174 116 -415 -497 -1222 -563 -21 -33 -586 -823 362 155 675 183 1143 247 788 412 -373 -17 -724 -199 -217 83 774 312 1 -227 -747 -39 998 -125 -685 -417 -81 280 -293 -221 -8 -205 323 1014 -1105 -140 78 -137 1220 2 -99 -485 -502 242 750 73 -824 -140 -1805 -1280 833 -301 -426 67 376 79 -190 -131 -355 -821 991 -288 347 826 -1085 -637 377 946 1183 -23 -117 -113 49 293 211 352 -135 505 1001 366 -982 -379 -664 -614 -792 -489 484 363 -83 -282 -1294 542 -1219 662 136 -59 99 -647 -42 482 240 1117 876 -455 246 239 -196 -181 292 186 482 64 559 -256 845 635 228 -21 612 126 498 1553 -348 -226 -514 514 -186 613 -475 85 605 58 156 839 656 -284 20 -428 918 1116 1492 489 594 801 -191 124 -352 414 141 581 168 198 -123 -402 -636 292 341 -205 164 155 121 443 85 -675 969 209 33 214 743 -155 -221 695 285 594 -409 -342 615 504 295 -216 -1083 906 311 116 1369 569 -1008 657 -1100 202 -444 963 34 -329 -1420 352 -193 504 -31 -722 298 895 326 287 394 -563 -499 -470 -1060 885 477 662 -45 -436 -778 384 -7 834 605 1464 -183 -654 306 -431 417 100 1709 483 854 766 -264 -58 -1416 -737 -590 924 -763 -372 399 266 84 293 357 556 375 15 759 207 -270 713 510 -308 -813 744 -1129 60 -309 -98 807 501 794 1347 793 -1429 568 663 570 -461 -743 207 789 -178 551 -707 537 -350 65 957 -594 144 -279 874 -149 285 740 -944 -884 594 -108 -424 -409 -602 282 221 -198 25 107 1021 381 -38 -795 70 1002 315 180 391 352 -761 828 517 719 -163 -595 389 1074 -360 131 -788 566 -315 883 -489 412 207 699 706 216 -1843 299 -543 290 -111 1505 87 810 -404 -157 606 -85 634 -474 -86 870 782 108 194 -164 298 -1149 -377 -477 1159 1073 190 -322 434 1696 69 608 -143 506 12 925 144 211 -1065 -163 -1223 193 -493 -47 -100 -702 663 1453 -93 -469
261 212 285 592 124 -96 -276 21 123 159 14 -220 -29 -938 370 -349 -475 -158 27 86 482 -874 448 1063 -439 -104 318 -1 -263 27 754 -993 153 -280 -22 341 310 569 316 -408 425 417 -1027 -62 759 360 128 183 -200 -173 -326 580 -54 56 1236 317 -328 434 -406 468 490 -1195 125 381 231 705 346 285 763 888 70 -1271 1697 -670 -271 -52 -135 147 -702 -261 -68 -305 -556 -412 -289 -648 -694 -140 -554 -171 587 179 782 -94 127 522 -1413 98 300 -174 -417 -1094 -401 315 -759 660 -1074 696 -162 -237 -243 -314 5 549 -421 1050 576 1326 956 270 -275 56 129 887 978 831 -374 -116 459 72 618 -15 -331 -205 923 609 215 40 -216 332 -251 422 373 -674 641 809 -891 951 -548 -128 500 76 -186 -1196 -242 -680 1063 389 328 187 1242 37 -27 1113 127 -472 1006 -1040 -176 -1012 -940 899 -508 542 -268 -1152 125 1023 33 -232 -18 777 -95 -280 313 535 740 -1708 171 475 1247 426 402 -145 -537 -25 -207 -1541 -331 -157 -462 -30 866 -906 -38 469 -1335 230 -310 458 430 397 412 74 362 559 -1048 772 -190 -509 895 -57 -82 564 -163 122 52 1031 -107 -448 135 -421 -1837 -61 -160 -685 610 247 -88 -1267 -370 -160 125 -645 968 -628 253 133 374 287 101 -605 -361 1186 -1623 101 62 -624 160 420 405 55 750 842 -241 -549 266 -1489 -706 -577 237 -525 -634 325 185 754 240 601 -584 596 -172 892 -208 -26 560 820 -726 1139 -84 1085 497 356 714 1033 -363 388 428 483 -515 336 425 1233 25 754 -363 -55 -106 -446 -521 403 175 -99 213 -308 193 420 1953 806 449 -467 761 116 -124 804 543 -349 -32 490 666 1159 -277 776 -359 727 -334 -1078 -919 957 -57 -291 468 -438 -297 181 -335 -76 -40 -228 895 516 236 -169 570 -654 -335 -175 -42 -636 130 723 1320 79 1122 -206 -143 162 355 -408 650 -113 -502 -436 -1889 -1112 -827 702 -24 -677 94 -1615 -629 700 316 828 88 453 -74 -87 -962 -120 -681 655 -764 -706 -984 898 -193 92 -550 429
358 83 123 -293 -751 1089 -224 -517 1445 -20 286 -230 -3 -721 70 -445 144 766 -101 -717 -434 336 727 -45 -373 1558 -112 733 -1463 106 368 95 -343 214 737 926 -643 187 -797 -887 353 -1349 436 -1127 -108 346 -675 160 -659 438 -957 596 413 354 -907 357 588 384 -396 -543 -695 -560 -1042 241 -18 -471 -251 -296 856 -42 721 587 -393 -489 -90 710 -860 714 -618 9 -532 -248 -418 56 46 6 357 51 238 -252 139 422 -453 588 300 134 -126 -1079 1725 891 129 400 -1043 312 -70 313 419 725 -40 -833 885 703 -543 533 344 454 -135 342 298 -81 1168 -240 977 -214 96 38 125 -348 586 -637 764 -174 1137 276 -357 -223 1427 -186 -662 1011 707 -141 -6 207 -346 135 -280 491 467 315 -78 -294 -734 -409 -653 -464 -24 134 -44 48 299 229 -63 -1330 190 -813 -170 25 111 -163 -738 -729 -913 -781 829 244 -173 700 464 -135 283 1405 -826 494 -21 -449 278 162 653 -187 629 356 805 -701 904 216 1102 478 1032 -1043 -366 439 402 257 68 -979 64 522 498 -640 1289 403 -497 -1394 -549 -356 569 -913 -258 407 -339 558 600 36 96 -872 645 504 962 -189 717 676 85 824 375 -109 863 -249 109 532 994 -475 1417 -580 152 708 -620 31 28 -589 924 -1579 -531 850 -158 -969 -95 -155 291 -2 -719 1050 -99 1632 -28 -47 24 948 -82 124 171 125 -202 -96 748 419 77 -957 440 210 -54 -41 332 38 454 -964 829 -1030 -23 -852 344 -755 -791 -193 341 -750 266 -30 -480 -944 -135 -425 -565 631 -375 -298 219 694 274 25 -1450 -1002 -121 -816 -565 162 554 -259 547 1152 -970 -44 896 860 -4 -434 -1234 389 -1146 321 -80 -1131 585 185 145 -722 217 -83 329 -287 -179 766 973 451 -343 -546 89 19 355 -564 -466 233 718 378 198 -546 281 -622 404 -602 51 -513 -845 360 695 -18 466 164 -261 123 -133 -560 287 357 -201 -227 885 317 -8 -156 -125 -1146 8 -447 1403 -777 -547 554 121 289 -757 781 280 -227 465 -233 -600 -429 -245 -746
25 -385 -652 101 264 -273 -849 -703 503 677 706 112 658 -147 229 798 -485 1156 -951 -272 364 262 -709 -873 397 -488 -457 -307 -571 35 105 260 50 -240 -79 -785 -668 -266 511 -214 226 -1067 807 627 86 1516 -231 -697 1218 -479 -973 850 67 -302 -411 -322 514 816 -332 -529 -49 -386 1143 112 69 -120 889 -296 -164 302 -14 -522 473 -677 -8 -287 515 445 204 -805 -1497 943 468 -1048 -166 -71 -1071 -115 539 1132 -123 -420 -4 338 -275 -12 398 -265 -499 136 -41 526 508 760 361 -413 -539 652 567 -574 16 -454 -545 1041 584 0 -26 475 -235 359 -967 673 -628 -683 69 -946 -307 1467 411 311 -222 363 -327 628 600 328 -71 -744 -213 574 1079 496 403 329 452 147 1128 405 -555 -1297 -462 -164 -220 866 266 141 713 370 209 -211 -115 -363 -72 547 -52 537 -635 -428 598 -365 -528 -300 -916 -113 829 -938 13 -133 296 -256 14 -204 451 1049 -230 -326 -33 74 -643 -152 465 -696 -414 -48 -190 -282 -1321 1108 -339 -648 -226 521 805 -115 -1085 500 -966 -1249 139 -91 -195 -344 586 715 -515 -973 -1217 -785 634 -116 -14 -1336 -426 -686 -913 -1120 289 -345 29 1003 225 779 888 263 484 -236 245 769 -77 119 443 -1024 807 -627 579 -669 279 -34 -391 -140 7 150 -1135 682 434 442 -785 33 473 -810 -1129 -177 624 -1530 737 -433 -374 -197 45 -103 533 670 1134 -260 765 -203 675 1039 207 -414 293 -449 -526 701 1142 386 -122 1329 -275 101 129 27 770 1338 -983 -549 752 -1804 -545 223 488 -933 -439 860 313 1002 -170 319 -264 -125 684 474 700 96 -28 -224 -28 180 612 -256 471 92 92 329 513 -525 -413 -28 267 37 71 323 1401 -1409 113 -84 -972 455 908 -252 814 27 -140 721 91 478 67 52 -140 -622 170 -369 705 -555 -322 -528 -244 912 -573 -1100 1246 701 335 -1045 308 -53 1001 -146 485 586 332 220 -541 835 665 682 52 -298 65 -735 498 -683 -354 -224 242 574 1321 136 -1182 956 407 719 55 -450 417 -804 179 466 -139 -1112
-201 31 -530 -8 556 -639 -798 -400 581 -692 328 319 -421 -143 718 765 -309 912 -207 -168 12 226 439 206 -1186 844 758 -38 172 -443 -493 879 575 336 448 -165 355 -491 -500 222 -218 -779 371 -290 408 -1102 -238 791 -211 -651 638 579 560 346 -1056 713 -191 54 -1113 664 43 34 -1261 128 -431 -529 327 -449 -571 25 1836 158 315 753 -61 276 -299 -36 -777 954 788 -108 -534 22 -56 1005 1064 47 78 405 -237 109 0 836 -1197 22 602 -301 -1023 -146 405 -237 -692 -860 -277 -233 -221 410 1020 490 15 -310 765 -1046 -69 540 -630 -46 -227 28 -427 -640 -345 -81 -624 1326 636 492 606 -254 457 -1053 -684 -413 203 335 -3 -922 1011 729 -78 86 -146 378 218 -630 -1100 -398 -281 84 408 -72 -82 140 48 369 -311 525 400 521 -450 390 785 44 141 -1054 1161 574 -981 344 -1171 629 -1120 160 84 -401 -31 -875 297 69 396 -143 -30 1417 601 1406 -661 -849 -346 -233 4 125 463 589 -115 -77 475 773 64 272 -1020 -242 0 -28 -37 -479 852 -295 -723 -715 -41 892 -705 232 -40 -882 -797 -319 -505 -772 935 216 -540 -405 337 -1656 43 276 927 -90 230 220 1304 517 -798 293 -269 531 -387 -68 58 625 -854 -751 315 -324 -226 -207 677 90 -76 -324 333 1230 -898 -549 -523 666 -518 67 -258 208 852 456 -701 -1212 -827 132 -648 -864 303 -453 -633 -235 -757 1074 278 -516 79 -808 67 -395 -15 1865 -300 199 593 -541 553 798 -896 -360 -421 -785 132 269 1232 224 -127 363 -628 49 -248 173 -745 183 13 -138 -340 122 -105 -233 606 -280 319 208 -313 275 -81 -551 -133 -86 204 333 266 -150 505 -757 -444 433 -359 482 734 573 -716 398 -73 483 581 -1622 854 -1220 -815 889 -800 437 -1008 631 583 717 148 689 4 -178 122 -1095 -74 1007 203 -755 -102 619 344 -183 -837 139 -170 -726 98 -228 143 -843 26 -388 382 670 -73 612 100 -701 -1974 277 -232 -18 14 253 -6 857 -264 505 -550 338 330 -362 -591 -166 -53 -740 49 -143
246 -593 790 -725 -406 -137 -406 -709 8 146 -379 -117 -1215 657 -279 408 -430 -200 528 0 -190 1106 -630 -278 -724 -705 150 133 1044 387 862 702 -394 -564 -669 919 -433 970 121 -30 1016 368 22 -919 1346 1256 -579 517 979 -220 -180 -473 -240 -197 -428 -495 -490 844 190 212 755 153 47 7 -394 -387 -408 769 -614 231 324 836 -65 173 413 166 388 452 719 -657 -23 -41 750 -1070 103 -170 -395 177 -593 -663 -1072 -46 -268 1420 465 -1030 516 -302 444 1014 335 281 321 808 -113 -231 -995 -359 1002 168 -441 558 -510 -510 -119 872 -493 -700 -1082 -865 304 -348 -711 113 1127 429 635 183 209 -951 -332 -750 -466 368 -276 -73 -307 56 -1321 -216 431 -72 -54 -35 914 210 -816 -689 54 -851 -727 30 688 -925 699 363 -5 1180 563 382 645 -574 70 -324 199 359 1776 -899 957 520 -1251 468 -996 469 182 685 354 -421 305 -167 63 -255 661 -565 -825 -33 860 23 709 1078 749 -487 909 -234 -264 -105 -937 934 348 465 227 -1234 988 672 -1851 -232 173 78 -735 133 -610 -326 917 335 -900 -1293 -188 -65 -709 -66 398 181 164 469 213 -857 949 833 -7 311 413 -74 729 251 797 -127 -244 -249 -97 267 -431 -1000 -57 909 918 -353 1428 317 -574 -173 -929 -303 801 -68 -298 -904 119 -978 779 804 -454 35 271 155 593 869 -156 -1466 539 1018 109 -570 -38 -415 -316 -150 -826 546 234 308 659 345 -73 -572 863 -520 149 209 97 -200 69 -465 -15 743 -514 1129 405 -346 -21 -69 54 -413 1307 399 -842 769 -587 -512 -1204 587 -66 356 145 2365 558 823 565 569 673 637 441 -408 -259 -381 -286 134 -33 -574 1488 974 -395 599 -193 -1128 -706 -222 -57 -264 174 -585 -532 332 590 -265 -1343 -1091 109 -941 407 212 780 -209 365 182 1006 499 -903 -249 342 -933 1158 227 789 -292 -278 570 -327 103 403 -118 -294 -332 -477 170 136 561 -1184 -289 1273 -848 574 384 327 -1019 126 -837 -244 -1099 376 605 169 -634 -498 1226 698 -1190 -948 -717 444 893
-871 1709 -241 486 97 -368 993 972 -152 1440 -14 142 334 -707 479 -337 24 -166 1059 214 606 451 334 -781 -913 136 -708 595 -140 606 -752 675 1021 821 -459 158 -149 20 -137 80 36 -41 573 1347 267 -301 687 1103 -568 122 -904 15 -110 333 35 -369 -407 -843 -721 226 -404 52 -110 346 309 -750 311 624 -387 -2210 331 358 -1363 536 470 188 828 607 406 444 -936 372 -256 -3 967 279 -2 -915 1019 -611 618 153 -575 -73 -81 600 453 462 608 596 516 242 -579 486 -711 762 5 -688 714 102 -1192 -774 -876 -197 844 957 171 440 964 -48 532 -391 610 268 -359 -4 -139 171 -788 130 -576 -619 588 -152 -654 -139 654 1190 317 -348 -590 27 524 -356 70 -460 -900 376 766 188 -584 -224 31 563 -24 163 1096 396 -504 634 -506 -1442 380 560 97 403 -1350 -343 34 877 248 311 -109 751 527 -784 294 355 1244 1211 -169 391 350 577 620 248 427 226 486 -50 -102 -759 1092 117 1210 -268 -502 120 -997 -1382 -869 -218 389 -841 430 -820 -183 331 -647 917 537 -545 95 -329 1551 -31 497 -609 140 414 -139 -2 161 518 378 -629 651 605 88 1128 -388 -593 359 1296 -493 -143 -572 -814 -353 -163 199 -408 -701 -685 -379 -291 -15 -1239 60 -68 330 525 342 -3 -327 -255 361 -289 -387 -128 -391 387 323 169 -252 1190 720 -429 120 -555 1 -685 248 -717 -129 -391 57 637 -474 18 466 -496 -406 -217 144 -113 -917 -221 -514 703 -321 317 702 64 -207 -540 25 562 178 238 -56 -563 778 -981 751 -970 436 2196 1536 -645 -508 -813 -591 -229 327 15 323 191 119 -513 790 -853 -784 86 1219 1098 283 -414 677 -740 -458 -135 -16 340 191 -1526 -301 -628 -255 -285 -595 1548 -246 1259 -1107 77 807 -557 1244 736 -671 42 433 607 -597 1228 577 971 264 -282 994 -1626 -1064 -3 -502 382 654 581 64 246 517 -363 255 -941 131 182 157 -162 603 305 -620 -584 -194 625 1095 -234 -1104 485 -1173 577 273 -234 -330 -1258 18 359 50 375 -700 42
-1105 -892 218 769 1112 -123 649 -731 -269 732 211 247 -330 346 123 499 22 -974 -30 -889 -660 -738 1716 -231 -299 231 292 -222 540 1296 302 -98 806 -1093 -271 70 84 405 968 -209 366 -378 -1186 341 1062 -370 -373 -183 -162 -133 331 687 254 679 122 674 -1313 1063 -39 250 -477 -252 -823 430 -482 -729 230 616 -242 -734 -332 -746 -823 -888 439 -407 774 -273 -169 289 579 501 201 20 -370 -656 1291 -1429 -1401 258 84 -862 111 848 436 327 347 610 -655 -191 -593 647 316 170 -359 -1163 67 -207 766 496 -912 202 445 -685 -98 -906 -288 -284 750 243 297 -179 1012 -1195 460 465 -832 1508 226 194 1015 238 -246 -167 149 -1302 -486 -433 -129 -746 -606 464 188 26 -415 -840 108 -813 268 546 -291 752 -748 -702 -550 250 -471 -826 -433 -1360 -1032 -132 348 131 831 611 925 -356 -226 285 626 854 -1763 135 105 307 867 1231 893 21 243 -404 -416 285 309 -622 -101 -799 -176 -76 -288 -546 -507 -552 -206 -1303 -424 22 94 -502 1288 -444 367 35 466 79 201 -871 -356 564 901 396 3 403 513 -251 -211 841 -565 229 633 -92 -188 723 189 838 224 -282 137 -102 -691 -589 -61 -198 -1032 -445 -553 -554 281 -159 -420 163 608 419 -847 -313 243 241 -847 726 124 -256 -181 518 -240 429 513 -653 -515 867 -665 471 -747 111 -65 238 -883 362 411 443 421 713 1265 -779 -394 747 553 393 -331 328 825 1582 659 53 488 36 -457 972 179 1048 -1570 -550 32 -87 -315 -1254 166 -377 -665 1082 284 260 412 -712 -380 -302 855 -29 713 -265 -112 181 -844 190 930 -82 1178 552 263 192 322 -261 -234 -458 237 945 -1221 440 -57 -281 610 121 131 -891 -70 -564 641 558 803 503 182 1860 139 518 -175 -20 -335 1028 389 798 -1169 222 -147 355 -1075 -234 190 -167 -345 -1004 1100 -786 -105 -529 11 -1118 743 -435 -1894 -916 -753 -193 -494 548 153 57 -1079 75 -786 645 247 -477 463 616 -460 -479 -395 248 12 387 771 432 -300 -281 232 -305 -417 1341 -1281 -368
-64 220 195 580 -535 110 0 -751 -502 -207 48 709 -782 703 -365 367 663 -136 884 -21 1185 188 -657 221 1194 -9 -973 -849 200 561 -483 -386 -77 -95 249 -110 -1044 103 73 -950 213 -875 130 740 -452 357 584 -318 641 -1069 195 -1035 133 495 -291 -249 -415 382 -410 503 -195 1161 -830 -935 -427 -703 -166 1199 -783 -710 -1317 742 1689 734 -369 1075 -265 316 -16 -197 -524 576 209 -530 298 398 -584 -19 -120 -919 218 100 -306 397 -174 -424 -810 -437 853 152 931 -283 -877 111 -434 -231 -645 -143 -682 -559 1498 370 117 33 638 532 46 716 -289 -905 175 -495 143 937 -783 290 361 426 349 893 401 -93 24 706 -987 220 -325 223 -246 -669 -56 245 -212 257 -19 -473 38 4 -465 -740 339 -946 -602 -553 20 -1066 -182 857 406 -859 300 -601 -531 -324 -363 136 368 157 731 1456 373 -569 -304 346 72 152 797 159 -158 760 49 -154 -271 -268 568 1285 -231 366 -697 -1210 -883 896 1369 -90 1153 -227 -285 -1056 -630 166 -154 -80 829 315 -431 752 -40 -726 -454 55 359 -312 -587 -593 -245 481 431 -623 -406 -401 -181 -39 52 348 -454 31 554 -316 211 -930 -445 -632 -9 116 606 -481 -431 250 -459 1312 -569 -184 -847 399 703 -331 -352 1005 461 -705 -103 436 -963 232 -451 435 270 205 -390 1210 325 553 544 -133 -260 676 477 -1806 -581 -377 -1742 933 -424 920 267 -111 -591 -1554 434 -332 117 -266 128 -159 1326 -344 -500 101 -192 -775 392 -811 1351 -255 -69 1209 -330 -353 -250 -176 -307 475 627 -853 -268 148 -200 157 -190 35 307 -328 1237 426 -252 -628 -412 -163 -678 -286 744 -557 368 840 516 426 -98 -814 611 -803 1142 -43 -541 828 19 -291 -329 360 -824 -635 281 -287 1521 836 468 762 171 658 247 -969 46 144 333 -13 -250 -66 215 -487 377 -720 634 404 308 26 -446 -293 602 -905 381 -81 111 21 168 -384 -876 119 -802 -144 127 360 207 -214 86 -342 -771 383 46 617 1003 -434 377 -212 -499 50 546 -539 83 -363 202 607
-702 246 -389 -966 -61 -101 402 362 -8 -175 -627 -658 239 969 -669 889 -780 -86 -514 279 -1006 144 98 -563 776 -824 -381 54 734 211 -657 97 56 -93 166 137 -333 415 249 610 -48 710 -560 640 -274 -4 -144 -585 726 -21 -101 623 -307 -50 -145 798 -502 149 122 523 -266 635 -113 -314 285 -175 182 -340 688 324 -1045 254 816 1087 149 332 41 194 -711 495 508 -356 -372 -556 1057 248 -286 857 -792 -110 80 1561 671 227 621 -353 551 4 -168 -319 -214 -2 185 635 -535 796 -56 1005 1025 11 -7 -548 285 -498 409 -329 641 387 -1243 -1181 -15 678 235 117 758 -182 -440 -61 436 52 1117 647 -361 400 1344 232 505 -579 475 -361 -1096 -160 -763 -93 -102 -434 701 -90 120 135 -1097 396 526 29 -236 190 -41 -542 -697 474 -666 49 -106 -351 -51 267 -131 894 -801 243 629 211 512 1188 30 -4 384 716 306 1434 279 -179 -109 595 787 -646 142 220 -932 -47 40 617 -1246 -522 -536 1159 416 -351 -405 591 -289 -465 -632 549 14 -134 -191 -556 93 365 35 894 -386 233 -719 274 -488 -373 879 -54 -64 231 200 -457 -59 1707 -1093 23 -126 -57 318 463 -219 824 277 858 589 -141 -1 275 518 1047 1337 -509 -495 -702 102 -145 -153 597 -89 817 -89 -38 437 251 -605 -795 -420 841 228 -157 -155 326 -432 88 300 -1135 474 -430 136 630 -1143 -745 -800 -450 582 -5 -89 247 213 585 -661 -1383 1 -76 158 -434 573 -762 395 -846 -547 -429 -199 678 197 -759 -840 -588 -831 -123 -941 -677 631 -347 -361 -658 12 340 415 112 -636 -46 -441 16 317 -310 273 -717 563 49 288 -331 -860 394 461 -114 128 276 -311 -96 115 648 -227 -123 -1023 -530 -404 672 -403 -446 453 -15 -280 1391 -601 572 392 -234 133 -609 -461 174 -499 -281 -737 1571 455 28 483 -79 -1172 -253 -640 -125 -161 -983 -384 -45 -258 687 460 -591 -1013 -20 -119 77 -587 402 193 -430 -332 -281 -92 135 -836 -1124 -344 73 -472 811 -222 -407 894 -329 1051 -802 -633 -286
-190 -115 -473 -1032 -505 103 -65 699 678 336 89 -597 -300 -629 -339 -328 656 278 -398 -831 -482 -832 -103 350 1210 -312 302 -1183 -433 578 -304 -400 1206 128 786 -853 1275 -642 496 -1082 -844 490 617 1318 115 357 -20 -154 28 -364 -401 -508 -1212 421 -1486 1414 265 412 -237 -220 352 -795 265 187 -132 1164 251 -393 451 -642 -269 768 971 277 442 652 310 141 -299 445 -65 890 54 -326 437 -579 977 -1394 -467 374 307 -328 -52 659 -146 -7 4 -1329 -620 618 550 -346 219 129 62 -367 493 -19 893 -343 1293 202 -1078 831 301 651 278 -85 -702 -1083 657 -51 -880 288 573 183 -298 -2173 554 179 207 -26 -185 -982 108 -490 -70 4 292 427 20 -461 348 853 824 467 -395 542 -718 -708 535 1172 -882 -57 155 -410 -9 683 -644 -787 -268 -495 -700 -747 951 267 -1017 1055 -557 -497 416 493 -65 281 323 -620 -982 811 100 -1010 579 -52 499 -146 441 -215 -807 48 -357 -82 62 116 -1034 215 338 -440 142 -37 712 347 72 -926 -184 -963 753 227 629 -44 -349 427 -156 -739 -635 -800 1422 -89 -69 208 926 315 996 -475 353 486 -810 -171 96 1342 -331 -587 1430 -601 -1268 -986 -349 510 -1103 580 312 105 63 894 -545 972 -1475 -167 496 581 407 -997 -245 312 317 40 -231 -812 -599 552 620 -499 -57 1526 662 1452 583 812 531 305 -1296 -11 1010 -190 -733 -342 412 492 157 84 702 183 226 -902 -802 634 -671 -354 351 293 654 -281 509 -829 3 -979 -57 -121 -773 -292 596 -899 488 -719 -564 -600 299 45 1302 -292 178 876 -584 -305 845 -39 -92 -158 -960 23 -42 -228 -635 -917 823 332 -689 143 -511 -878 87 -581 986 517 -340 -1228 666 -500 517 102 731 -967 535 257 52 392 -62 698 -24 792 948 -12 721 -954 239 126 -213 950 818 234 1334 754 23 581 868 126 -458 5 652 -129 626 659 -49 -651 334 363 363 -180 535 126 -704 1127 110 644 585 102 -25 -840 134 330 219 30 -790 -570 -493 -211 429 -333 356 513 -287 1268
188 193 119 -274 2250 591 179 -144 -4 -657 -1399 243 -942 -431 -225 158 750 1382 278 -492 318 478 411 835 -871 177 -346 633 -78 162 119 876 -130 -49 -615 151 -554 442 296 278 590 861 150 288 -46 200 594 114 139 -57 -803 -228 -161 175 124 936 202 -824 442 -768 285 591 283 -650 -208 1020 758 1417 -80 -532 615 606 516 325 274 347 704 1238 -817 -784 -932 411 296 -906 249 -100 138 560 -138 969 36 657 -112 607 245 1010 109 1043 477 1079 973 1066 -1159 -951 -364 -157 106 586 -726 -283 38 142 140 1030 -11 -744 -326 -603 -660 -30 311 -538 -87 421 1163 -60 59 -804 -22 -334 828 671 -551 321 -246 -223 -256 665 469 -871 241 416 -797 65 833 -236 643 380 -148 349 -110 525 -810 29 231 316 -211 -341 413 -302 347 -1229 -50 -34 293 -430 253 -213 -314 -923 -791 541 629 -373 -596 271 244 973 972 429 140 -255 -623 -1097 257 552 -687 318 -404 241 261 -1406 -240 145 1126 95 12 -91 410 208 779 -342 579 -372 148 -173 291 -194 336 881 1027 -221 500 -272 -792 -595 279 860 -67 846 1259 -1234 364 114 -755 -52 100 94 -638 -453 -108 -13 483 -360 776 -114 875 -142 263 -236 -79 -1175 436 710 -464 -316 828 765 -353 1147 608 282 -41 378 1047 -224 -106 -198 130 1008 -417 453 -968 488 -343 -758 943 756 1060 369 -135 -562 115 786 -405 562 886 -808 -494 245 -164 -202 -542 -239 513 1020 -31 -23 159 -603 -21 415 286 -51 297 -147 -99 481 205 679 -799 -725 440 -758 -103 -192 691 98 -882 309 -8 163 19 -1230 802 326 363 444 -514 969 -231 -327 -694 553 632 -64 515 -161 271 132 -1192 -649 -339 450 -1235 -1027 1655 104 -906 -495 -488 235 -1046 312 -1147 -345 -255 608 295 -222 -546 704 -199 -789 648 487 723 -827 -665 1185 1005 536 500 -240 841 -203 238 304 -1214 -886 -718 -16 -612 659 -337 641 106 -1080 94 979 281 -98 406 534 324 -1616 -497 450 400 503 -221 -832 170 -342 -364 1229 -1014 1367 -74 -723
-212 -404 -54 14 -190 -353 -113 1006 51 -146 823 766 58 225 664 295 -458 -1822 -85 -1003 426 -1063 389 131 -70 162 198 -246 -63 22 -451 -140 880 160 -234 581 66 -821 372 482 -467 -41 376 -95 -94 -858 229 490 787 693 582 -984 -570 -606 -103 298 -749 -167 -199 -16 67 -837 405 1512 -503 -1062 -1085 911 -556 -452 742 93 636 -429 575 -320 169 -655 -231 -566 205 -457 502 -832 677 -180 -93 32 523 -346 -64 296 261 -1343 -431 -288 -315 -303 -1066 231 -213 -591 -114 -709 -165 -281 556 -123 -782 555 836 82 234 793 429 742 506 376 1220 -613 -334 315 236 -121 -615 -350 140 -528 1001 -466 608 -894 -1037 667 443 -129 362 -254 -284 -22 -178 250 252 -181 763 474 -66 -138 -973 -552 -626 786 -471 499 518 -363 334 310 1047 -712 237 588 -353 27 27 227 1074 109 427 1114 193 419 329 -448 -11 392 -545 -175 304 372 -1013 161 1175 209 -572 -1018 370 361 34 354 704 -1079 274 11 42 762 -67 1042 -793 -397 -183 589 446 -99 143 172 652 427 -116 -335 -49 -179 -528 -391 -2 297 -365 89 133 -533 131 242 -404 -2 922 -645 -389 265 845 -930 -167 -478 -418 381 -172 813 298 172 -951 295 -1446 -470 -528 -711 369 328 -48 318 274 224 -686 730 146 638 -990 61 -161 -420 327 -51 -440 -103 1147 -23 -468 247 451 28 -525 -1790 -28 -879 -153 -596 -42 -613 -1033 -662 797 49 -1140 -979 -539 324 110 -1255 54 -710 25 -93 135 25 239 522 623 -611 423 570 -373 732 238 -51 -930 12 -352 -107 -642 -765 -80 -75 -343 -338 -135 -712 -205 379 -1564 -112 -567 796 -322 229 352 38 -249 447 1006 -504 -244 -1309 503 327 577 -447 1277 -185 426 -131 470 -378 -336 -421 -52 -603 -1543 -911 -1729 562 657 -426 -53 720 186 -85 791 -248 -669 -256 261 -1157 1156 -653 1 148 -389 -230 259 -329 -746 755 -96 -622 408 40 488 32 -626 -601 -1036 -645 -663 762 -1295 -123 527 419 -528 -270 -282 -489 -592 631 -482 656 690 104 869 -183 947 1028
45 57 290 126 -1193 365 916 1087 -25 -273 -705 311 23 -560 33 202 242 -500 654 675 -48 40 -967 19 501 -476 476 696 1148 -842 -515 -373 173 -429 -157 724 170 650 1443 -237 -968 590 1059 -98 37 -139 -201 297 -113 131 228 320 840 -2044 -1030 403 -113 -148 652 211 -486 369 154 -949 183 108 -144 236 -912 237 -965 -128 324 394 1091 696 -564 -375 140 -317 208 -828 -533 701 538 -291 476 47 46 1687 17 -209 -438 346 -523 937 343 1172 -437 277 -167 673 -1037 -937 -179 -357 710 -1621 -473 -610 -255 443 180 505 27 -630 -256 -159 2 85 -559 -275 107 298 595 151 -26 507 290 -578 -8 -167 -226 210 847 875 88 343 108 -452 -316 183 1266 -535 840 199 104 -205 -701 420 -398 125 1962 165 497 -409 43 -884 -860 295 163 53 67 -376 -639 -136 216 711 -1294 388 656 -469 621 546 -253 219 -96 697 197 1180 -737 -349 247 -1325 480 426 -708 -167 -1027 -883 1104 15 80 -723 -791 1274 -22 1219 88 -424 -500 68 37 -99 64 -266 400 838 647 176 393 45 408 -519 -66 68 985 1267 79 -95 70 556 -81 -113 81 104 247 808 -14 -1225 -801 57 -239 334 -898 265 81 -119 782 -38 -129 543 -50 893 -609 271 166 245 -1070 357 437 -1331 -7 -1290 83 403 -512 499 -715 221 -576 830 499 -862 -1146 422 62 37 -334 178 -45 791 717 934 948 -431 -819 878 -37 -333 254 -328 108 -453 -29 -273 -707 -1038 305 233 -525 24 -908 -89 -573 117 871 -577 602 -188 -19 -155 -180 348 13 -474 -652 -576 596 937 -336 339 -1088 -303 -183 -107 -39 -234 7 -96 -1419 723 -147 116 968 679 720 -479 923 753 -390 -34 392 343 -4 -297 620 585 -463 745 168 86 628 -284 -427 -756 223 370 -989 -197 -359 -1073 -161 206 64 -47 419 -285 -412 -77 252 -681 -428 733 -1272 -490 657 388 -69 -158 -598 141 68 -226 -325 332 -1039 -992 -465 438 -101 186 -136 1105 443 913 -390 21 307 -181 847 -465 221 -1154 -113 103 -1140 -706 822 -161
1168 -641 194 112 -431 87 -731 561 -271 65 161 751 115 -17 1335 406 69 125 869 -195 -268 675 -546 323 316 -488 853 427 -455 229 -155 671 24 -88 1606 132 53 83 589 412 -11 931 -400 -3 299 -1008 838 698 -1184 327 201 -610 637 -176 506 -211 165 -97 7 -1015 -181 218 338 -189 -163 -440 -221 333 814 -855 -501 1673 401 286 413 437 -540 77 -527 197 -970 333 -576 -237 378 -860 255 -369 156 -168 28 422 -133 502 -383 132 -330 161 -1075 101 857 -254 -353 416 954 -590 1026 -674 -1147 -267 -155 -476 106 -227 522 587 -673 -330 -410 88 141 -731 31 -315 -470 -170 -400 268 -259 829 951 -171 111 -179 -893 545 -1182 1035 107 -605 1190 115 88 1593 502 -863 -433 391 135 327 620 -674 -456 -905 604 -366 -16 -661 -763 -451 929 411 -217 448 -1782 -744 413 -278 -17 -913 969 -422 244 -831 -1108 -766 -194 861 -89 454 533 567 211 -81 -27 607 182 1388 872 62 -176 -65 122 -291 -816 -355 1424 1099 -555 217 38 372 -473 -239 1070 -18 -596 262 850 832 1068 -285 -478 117 1130 -916 549 797 -98 -241 -268 -613 -509 -87 -589 1411 949 -412 -264 -1174 -152 -647 -640 -557 -587 -164 -740 20 503 -298 120 1134 -697 322 163 -435 -1133 244 167 -18 281 198 -787 -586 -349 -369 -106 1267 349 112 -98 -1483 -375 -771 -384 601 618 -344 -212 183 -177 208 197 198 119 -87 -398 -490 913 -351 -612 -62 493 456 -426 462 -920 -317 172 66 193 485 -395 539 115 -140 -1360 -520 948 -1092 -735 -599 -275 -371 -271 265 709 741 259 190 406 521 -510 -512 -367 -327 -489 699 -380 -628 522 193 -504 312 169 503 -441 -667 -158 289 -520 -276 -1167 912 -45 -21 -580 84 -203 -234 483 -191 875 909 -438 290 523 229 -563 -439 527 -206 -247 605 -12 -303 -218 -1322 130 626 614 -261 -1287 -640 872 232 1263 268 462 -605 295 424 533 905 -662 -554 -135 171 -651 1267 -1106 -756 492 299 -155 721 178 1017 -592 224 25 2 -293 -302 1457 -290 -254 697 298 -236
-947 889 -826 -876 -326 -339 613 -1470 -557 -380 528 364 127 392 1096 -75 247 1687 282 -841 -341 -953 -474 117 349 207 251 715 447 187 -619 9 475 -59 -211 85 142 24 -539 625 -299 409 -419 -501 -165 790 -103 250 -167 188 -703 360 -519 -535 -859 -626 321 1277 -607 393 -363 456 -971 657 410 -1132 555 -632 1070 435 1413 765 -169 -768 -82 -393 -223 -595 -129 96 -33 -163 371 1651 -87 -514 101 -164 -637 331 -413 -535 -692 719 -562 235 -360 -1524 -582 -292 -364 -786 310 -181 302 407 910 72 175 38 925 844 153 -804 -366 -1824 162 -280 65 648 1073 90 547 -845 -184 -399 739 93 25 407 464 -15 1075 73 -75 -476 -262 -1562 717 529 112 156 729 -545 524 -396 -359 1238 -740 -328 995 -171 -32 468 -176 265 -872 -308 52 -23 -641 492 697 548 303 -341 968 549 68 381 -380 242 -305 420 711 116 -639 86 49 -462 362 -926 -18 366 -866 -262 -88 -613 831 -1323 -755 -264 342 -1042 -1411 438 -362 690 -19 -386 -209 80 -682 885 117 652 -401 29 -1004 124 61 -733 428 992 -356 117 439 -263 1030 447 1242 -480 560 -299 859 -211 -156 -241 -447 508 -193 -130 -1239 -357 -187 -99 -1058 -1036 -572 352 -250 434 927 -322 242 1954 328 -525 -475 729 -433 27 348 508 310 -542 -168 528 80 45 -1097 25 -122 -953 -159 -468 295 -34 199 -269 -692 -61 -765 638 -68 -5 -181 -460 102 -166 -1285 -718 106 791 -581 -958 -518 14 -460 -370 297 890 464 -387 -299 92 164 297 -307 279 600 162 867 161 556 -304 -545 1017 -506 438 646 -729 1275 458 -269 -231 1113 -967 500 161 -200 -324 -651 -251 -545 -259 752 964 -80 -181 612 761 -1098 989 -238 -702 619 -256 -1383 641 155 -80 -152 -99 -620 42 761 136 89 75 121 536 1022 -1022 391 687 7 305 -731 605 -102 -59 536 129 67 -1084 -390 86 -540 104 716 429 517 914 -654 64 -268 1036 -154 390 -348 -383 -55 92 475 1668 -274 632 469 -12 337 477 118 238 314 333 -363 -322 -1171 761
-990 -468 -802 200 311 -691 -606 -299 -585 257 253 580 -1628 -494 -1063 -128 -656 248 -225 -469 130 498 113 -4 -644 407 -21 546 -328 193 -749 -315 678 -1355 1159 -57 36 -517 -462 123 283 -419 -20 -1515 644 -766 -252 20 -55 -1150 -32 -899 449 26 720 -266 358 484 -1508 -776 132 -81 -311 240 -810 98 831 137 674 194 1488 -488 -827 -503 44 666 -170 353 -42 -195 464 -43 -596 615 -651 -214 572 -1345 -95 -486 414 45 -613 694 -562 450 -795 27 661 1121 187 -24 372 -97 346 639 142 -202 -56 -46 18 120 356 595 -59 -673 11 -786 319 469 -153 -386 -1069 -425 771 303 -1067 82 -1220 319 245 -119 310 464 -1038 30 583 715 195 -1040 -469 -1390 -130 45 -611 924 -53 -171 573 54 660 -449 -873 -48 -560 -356 -15 -141 -706 44 1118 -562 -935 458 580 -330 972 -481 21 -536 -1100 -461 -382 269 -79 -15 -56 261 68 -616 -838 -199 -194 -1119 -1025 509 62 -146 1235 -20 -241 -839 -226 608 631 -724 417 -62 629 113 364 -550 610 801 95 -79 -674 107 -684 3 692 -399 358 -103 -581 270 744 68 -124 -70 518 -937 280 -996 -229 -696 -231 -502 -1334 563 389 -718 1554 -785 185 -478 -285 -95 -1014 -587 431 10 441 -579 -227 -380 -1042 -419 44 477 54 8 -175 590 375 -1221 650 -690 15 198 -365 430 -538 61 -1313 -821 -63 355 789 1622 -370 709 -462 -132 500 -349 580 -190 204 -489 -334 184 -785 656 583 555 50 631 -501 -572 -37 567 -530 832 -1116 -1324 330 1383 -754 -424 40 -12 -473 -224 557 204 450 928 -838 -476 47 -794 -595 85 346 924 -165 544 790 -229 254 197 1039 223 555 -50 296 -266 -182 -376 701 -169 -971 105 -315 511 554 -65 249 -788 840 21 53 -946 -479 48 -213 317 616 770 -548 302 -1041 279 -45 829 639 1357 -307 234 669 -429 -1011 -194 394 102 -405 138 -47 202 1089 -157 484 -677 -639 -106 247 -529 -321 -876 -440 435 108 -700 693 506 -278 85 -967 -832 -623 63 -558 651 -1655 423 -281 -810 121 259
75 16 431 58 111 1129 -316 928 -149 -601 -834 -51 673 -293 -362 68 -1425 -791 -846 814 268 -251 -574 -939 -160 -4 682 153 537 1185 -54 -607 209 -170 346 117 348 -138 -781 599 -217 -203 -1 371 -1177 -419 109 436 920 -890 967 -256 1031 393 -493 -148 626 -755 -137 194 6 -248 -35 -813 1329 567 234 1560 -322 -66 -164 -1207 -907 -794 36 322 383 745 -447 -238 -1134 541 -710 -1005 -961 835 -74 -526 -1031 375 751 6 257 -443 -975 -1462 -189 -376 903 1309 -131 684 -230 129 250 362 -464 -698 -453 -332 965 -75 -322 306 1406 -23 287 997 -923 181 -1005 -808 -760 -90 1509 -27 1113 428 -309 -672 -450 698 -667 -338 1466 346 142 -857 -333 -371 78 -116 -212 -733 -700 -363 -13 1049 -660 372 502 177 -940 -1281 270 466 1164 -329 -785 457 82 -1148 -145 396 -536 -359 -32 -984 -733 739 -465 461 -118 1093 -583 -1055 -34 -211 -314 21 81 306 383 -146 262 252 -533 -361 -508 663 912 529 552 325 -69 198 381 -787 3 -647 416 822 953 67 561 899 318 281 -1076 543 502 667 823 -760 222 -831 -910 -322 372 -485 -231 292 -604 290 352 232 557 -71 463 -83 14 -11 -129 820 262 18 113 562 25 -645 472 -964 321 233 39 -182 -1048 -146 -941 608 747 211 569 -121 -92 -426 -457 635 136 -46 536 182 763 -597 358 686 505 -113 -123 -1066 123 244 1143 316 157 569 741 -90 99 -830 -824 988 1187 273 -362 669 -659 -350 -185 458 -576 -487 -73 802 2 -613 135 498 -538 -385 362 1223 249 -565 181 -4 -6 -52 -979 -492 -5 -509 771 -1166 1307 -1616 -845 1125 204 -642 562 232 605 -502 776 -670 714 709 697 -517 538 95 297 -187 232 -437 -397 -373 -58 -358 -792 73 -304 -254 -844 765 -506 -22 -1074 1301 -327 -226 -138 592 111 -1574 510 -92 -515 300 562 -302 22 205 -898 1532 -100 -1210 1027 -435 193 498 -773 127 -514 -422 -845 -560 921 2 -241 208 282 -145 -429 -96 574 307 -24 436 -18 -597 741 -154 -1053 -428 161 49 498 69
288 -245 -466 1224 -277 196 1180 -462 763 -235 1644 676 -123 -496 -176 -383 407 173 -364 -430 -77 -380 699 -567 -82 -799 -204 -812 -161 -1024 470 -164 -66 34 254 -931 -177 381 823 -24 -987 56 -498 268 -114 -1423 -503 -27 847 1034 261 479 -547 -423 -217 -520 -308 -413 328 1544 637 -841 127 675 1042 462 -251 -85 1175 -554 -48 -123 165 982 452 525 187 -946 -1081 -131 -457 -1497 418 -767 525 128 -651 433 -16 444 56 -9 103 -104 -101 -220 317 493 29 1006 -136 -26 -257 -540 321 731 2 44 -197 803 -658 -234 -894 390 -938 330 -96 -818 -77 -436 -823 263 311 75 -17 589 -1226 -76 526 -73 -791 -145 266 -338 414 208 126 761 668 -541 -260 -439 310 76 153 702 463 -1445 332 318 -232 -471 -763 56 666 -527 -1138 85 1273 384 -667 -1400 117 481 152 -43 131 -608 -483 589 -514 -549 -682 992 228 -475 -944 -192 416 -611 -380 -583 -1351 -859 185 -582 53 355 -257 -558 332 954 -336 159 -110 470 321 -125 -364 365 -302 -1313 769 -1297 380 -1041 343 183 575 574 -375 1017 -866 88 97 193 -115 -630 751 -184 -419 -768 565 684 622 875 209 142 377 -565 -142 -657 1326 569 566 330 1248 301 -312 944 991 22 1004 -569 -807 564 37 625 1122 -526 318 -188 244 -741 -1058 370 -692 -224 -287 694 -71 -443 -538 -653 -398 345 -399 323 728 193 -601 -414 211 -88 706 -100 353 -200 -179 874 -586 434 -234 738 -361 -1143 -420 453 90 302 -954 -645 -28 -272 -1259 690 -955 1194 94 712 441 -482 333 630 54 1 -648 1083 433 6 74 130 -531 -208 295 -535 -37 -198 -339 -342 -160 201 -673 869 -449 -678 -503 870 663 -470 -417 45 -754 -595 506 -272 155 -489 301 -136 -555 -68 -41 178 -811 -437 1435 -9 1133 -392 260 -60 258 -873 -97 -1194 -77 82 -479 123 -1221 142 -725 718 -100 -61 -227 817 506 563 -151 579 789 11 -179 -201 -190 52 -932 -619 616 209 383 -538 758 -392 899 49 342 195 -12 -305 569 232 208 15 482 599 -127 207
510 -197 134 690 1141 -810 -490 -113 64 102 414 925 726 -471 -591 298 8 119 862 181 478 103 193 -97 174 590 377 54 728 37 -132 399 1069 -161 472 -273 491 -1202 -758 786 83 -420 -839 1026 -344 -21 118 -20 -73 -116 103 -287 578 388 -673 282 1074 -1261 342 289 343 -51 -594 -1081 -943 -432 920 688 -604 -546 72 699 160 -102 -1097 -328 -35 25 -331 1192 30 -83 -913 -357 -195 921 -129 448 -414 -100 49 594 -530 -653 -1119 149 -823 -1176 60 -384 -263 -515 679 1169 374 78 461 745 -480 -192 787 -743 841 570 -483 539 360 290 304 -591 1113 492 -820 -376 -1073 -300 -207 -296 452 107 256 584 1097 -319 -290 679 -1007 -245 -660 -115 -181 -297 -877 -975 -973 -777 622 -129 484 -696 105 -786 -871 249 -1235 -351 -334 310 495 862 -456 879 115 268 -307 -675 316 931 751 826 -371 815 -235 -476 179 -691 79 257 -531 -410 250 208 56 -250 432 -453 -385 670 -691 686 -309 433 532 488 145 -234 -532 665 -673 845 -310 422 129 395 1167 -50 -1079 -1154 -459 -982 584 -1017 1252 -59 -750 1133 -355 1091 -219 325 -464 -349 -596 -568 -508 -299 263 -261 583 400 -233 -1000 -363 -330 -58 -126 356 -194 -350 -357 -16 -567 -675 -760 -1025 -565 -1359 -421 110 162 1289 664 -94 439 275 -667 712 -797 304 285 370 -291 681 620 -673 61 105 -249 70 -152 -395 -227 -1 574 -1015 -1 -102 -130 100 -89 560 -188 558 431 -392 212 668 673 364 594 84 679 580 719 373 -477 -993 1005 166 967 -653 -136 -883 -274 -437 -372 282 409 -331 -227 750 14 -878 664 -236 286 242 -347 -829 147 -40 359 -453 -155 245 -41 -25 250 -191 432 840 -546 -558 686 -228 1124 458 -658 -72 -401 346 564 -803 870 38 122 1050 25 -646 -284 -249 41 -1025 169 -295 -193 -857 575 -1 302 -824 53 360 -1972 565 1395 -396 1001 -859 -724 -208 -99 347 273 -104 -226 -800 -488 1 -489 320 -382 -432 113 -387 1188 -630 336 620 283 304 620 -679 26 256 213 -72 -954 529 590
660 50 225 691 -846 -464 -53 -51 -574 175 640 -185 498 -253 153 314 542 -356 64 -168 937 -84 -1076 -442 -139 -79 -538 106 1037 -593 -446 -105 -991 -575 -628 -894 -1088 -97 -148 749 -192 233 261 -172 -201 -1073 -527 134 659 -59 862 -836 544 -418 -1070 65 262 -54 125 313 -519 97 473 -172 -1331 -813 194 -814 326 -347 -45 -146 -140 317 -808 299 -134 170 658 703 106 -55 1092 285 243 -532 584 -836 -837 1144 -153 84 -1060 920 -690 168 314 -304 -861 319 -503 -850 418 166 -594 -393 128 -521 -953 9 490 -419 820 -444 -25 709 -33 82 -556 1384 -247 316 -281 -406 -954 933 -119 9 -1043 11 667 -739 -750 670 29 116 778 -700 -103 -707 157 853 1067 -192 -1349 497 -769 53 -15 -1067 191 286 200 -603 631 22 -1003 807 -661 -1285 -898 -197 318 342 442 -108 362 -512 -532 681 200 84 -713 -166 346 -55 -578 -738 842 488 -1342 -365 865 729 -231 -1582 23 142 587 301 -400 -220 402 -862 -617 843 -1551 224 1109 461 1547 -709 200 245 -439 254 857 469 -1066 -162 225 -908 269 902 -338 508 -310 417 -883 -1615 1012 -91 -207 553 -408 -776 -343 -138 -963 -931 -485 -1359 -840 -628 128 193 -18 742 1150 -613 467 -916 -221 1705 245 -449 635 250 1291 -91 655 160 5 -151 563 18 -257 983 -196 -136 104 494 1325 871 -576 140 111 625 1727 -486 -766 44 40 -1143 538 532 997 592 493 148 -703 -619 927 72 -136 -316 -1266 -572 -342 -316 497 434 -634 811 -746 8 -808 880 -701 266 -824 20 451 13 -379 800 -106 -739 -434 321 1077 -245 -674 76 -903 -789 231 85 -628 -252 456 -456 227 -1104 580 -26 182 6 -986 -781 43 -235 -522 -373 249 -30 -1051 -81 301 199 -366 -183 -645 -459 -646 590 -274 -60 -855 226 363 -734 238 243 269 -115 -73 -568 925 -228 334 -235 -292 91 -213 -646 -124 210 937 -669 -644 -260 -11 756 472 -686 315 -359 51 461 736 229 -627 93 -79 -528 739 -627 1595 -185 -428 -74 -932 481 -428 -747 -373 592 1029 -45
-636 477 -569 259 -340 -313 1102 -823 994 -58 -317 527 152 119 1293 -1388 1457 -68 320 -351 -404 -708 -1305 152 -149 925 776 -287 -570 -1471 -1302 176 228 66 278 -121 305 164 92 -118 -27 240 664 -56 144 -999 366 203 42 846 -626 520 236 -100 -444 1138 -450 267 -525 690 319 -128 -192 833 -199 -113 -1217 -322 -305 -65 33 -885 882 -384 -319 -600 117 -652 1096 -390 131 307 -95 -158 637 -40 389 -534 101 474 -664 324 984 756 -273 1274 -301 178 -739 120 43 -229 36 -638 758 12 155 -798 -245 1108 870 459 1083 -69 129 411 -174 153 -401 1052 154 -1150 -222 174 -792 498 156 73 69 -93 769 422 8 -1244 -469 -360 632 1197 -672 802 -1054 -378 259 1270 502 31 -366 -287 -362 838 316 -600 -936 744 -832 -599 -879 506 1499 -107 -383 -454 1781 632 378 -61 -265 1702 -543 196 -3 -747 -196 139 1191 -508 10 454 -882 241 -193 52 387 827 625 354 -1151 317 348 801 -1 1287 -494 700 -577 -264 784 22 -197 69 -685 250 -1027 489 -1002 -139 339 12 -818 1032 -157 -398 -848 -664 2004 561 1031 -281 -60 71 346 559 1247 -815 149 -93 -223 1467 1305 1027 -133 -55 39 -264 -1104 -81 691 -120 771 -702 -366 -733 377 496 -452 -192 545 -92 304 -618 -566 409 109 538 -7 -337 362 106 804 221 -5 93 115 -13 -451 265 -1262 685 -2 -479 -548 -455 348 254 -603 -10 395 -381 628 184 -524 -286 -543 567 395 998 -160 1121 -268 429 -684 526 -605 -240 -397 196 456 85 555 410 -468 -105 471 -105 549 180 -477 -29 85 471 97 -553 -401 869 729 -586 437 3 -365 401 -353 -1035 -740 47 573 -267 -280 36 229 330 1299 166 -22 510 -497 -151 73 42 -192 224 434 -233 -916 -245 943 30 422 79 -6 -341 402 -824 -669 342 -235 280 -487 663 -125 -328 -302 -113 -839 -163 355 -303 921 1110 -169 377 -210 -1272 864 38 -355 -858 48 -298 -543 133 -615 -189 200 -285 249 -72 507 -72 627 -503 -276 -1185 -475 -137 528 -613 476 122 -573 73
324 -361 -253 -1598 -504 -56 57 -461 -307 -236 260 818 -937 772 1067 1081 414 -556 386 -127 -232 86 -218 46 -112 -468 300 663 811 -1015 347 -361 -797 441 1110 -568 -209 639 -442 308 486 824 719 43 -177 403 -149 -264 -211 -543 -653 -1275 695 64 -223 207 -459 -775 -177 -839 76 -371 -103 -327 -1284 763 -154 20 1226 894 -1212 879 167 -428 -450 -211 28 505 231 -9 501 457 745 636 790 377 -681 842 -34 -98 608 948 284 -136 190 -1039 132 -36 869 597 904 288 -198 -386 42 -70 698 -729 396 -39 -144 455 456 -628 357 -476 -1204 -695 493 -441 -1156 -437 -35 808 30 -560 -1252 -229 99 -564 -306 -420 297 341 44 265 260 -65 71 960 543 -1241 -170 525 332 310 -587 1277 131 -236 274 290 970 992 316 -570 -544 -1415 -689 500 666 -298 -869 744 346 119 539 -76 1632 527 -832 -263 479 859 629 606 -429 -752 -245 32 -690 -851 -396 -911 -1013 -550 169 -1002 -801 -93 90 -853 -146 -63 -349 -1177 -274 307 349 648 -476 -398 330 807 892 219 -54 507 261 -682 -350 -126 175 565 -203 -46 433 988 -228 -403 -59 -1184 372 -42 261 -55 -443 -689 -395 -528 -302 -399 -239 -167 583 -1158 -454 -247 107 657 -566 -52 449 261 -40 403 -305 -413 83 -897 -324 -964 -55 -732 187 57 472 -241 -682 427 308 145 631 -1324 -829 -1068 1110 -588 567 459 -1046 645 472 372 143 1099 -88 277 933 586 -909 -80 -630 413 -294 421 137 33 -123 -280 600 719 -362 986 407 538 -642 215 516 -7 900 -172 -163 -398 -113 410 -140 717 -711 -96 -748 262 666 -20 545 313 -42 -464 -460 -318 521 -532 -190 -294 -731 893 763 -872 -364 2 -263 608 -388 662 -165 622 413 -534 -1412 -496 -57 194 -152 362 -325 -109 -1188 582 261 -523 -752 -657 80 -105 952 -273 -679 244 -336 744 171 89 103 -94 210 -928 209 -224 57 -304 -445 605 -246 -361 -271 602 464 212 181 -58 -259 -771 509 -858 -507 571 -551 -486 -769 -109 53 -483 575 767 226 -418 -1285 -4 517 367
-151 -686 230 -727 -263 381 -57 -5 -118 1250 -117 -88 -852 372 -423 -865 567 437 233 -345 31 -760 287 -263 401 -86 1022 -1053 -952 -28 195 -744 1162 131 -937 -295 -23 -303 -70 -323 -543 48 655 -183 115 142 -381 -393 857 567 840 -477 -195 150 -532 -936 28 -706 56 -759 -221 435 191 -340 -61 916 250 556 -575 12 -482 532 -645 -72 -386 -832 -216 336 -375 -166 -1014 -379 1004 -440 -781 612 225 -297 491 87 -93 -795 -704 -1176 2 360 329 683 128 777 433 28 26 1239 -152 510 34 25 25 270 -45 -160 291 81 547 470 158 325 324 831 -184 -924 -554 -182 372 -535 187 -726 627 -828 -728 137 291 782 -6 864 -469 37 329 261 -52 205 -583 33 961 -545 713 -66 47 -297 248 -393 -1134 -320 -785 584 108 -483 -380 -585 -612 -634 -396 -1075 -307 326 -110 -285 269 -105 451 -378 -408 918 -608 301 -644 -265 950 -239 -28 -736 -534 61 -33 460 -444 88 -117 -578 322 -484 -1501 794 485 -129 -670 -983 -332 -382 1553 166 -576 426 -188 529 397 -412 433 327 -287 -597 -199 -1192 -769 -466 197 -600 530 1259 -319 929 893 653 1059 -573 426 -678 -210 -354 268 251 540 -592 311 450 97 -1124 72 -367 -20 299 348 -763 -1132 -182 -662 330 64 720 117 -657 661 417 137 37 -670 509 279 -992 -229 -346 -740 783 355 -210 577 261 752 -132 -513 -389 -1131 -680 462 -839 -39 -13 422 73 349 -263 158 145 -575 -804 -177 325 265 -1256 -1513 -302 -397 -1018 27 -167 240 -711 -361 -381 1122 160 -380 -495 771 -197 763 -614 173 -998 -546 -649 596 -139 444 -108 -186 22 -673 477 -92 794 -48 -540 490 407 928 443 -795 -665 823 -1293 -435 -298 121 1424 3 -366 896 -906 564 -474 -1470 -1329 -292 -161 -177 -394 -133 -433 -204 -164 -842 533 678 41 95 -726 813 202 293 307 -103 -970 637 -875 960 519 -774 390 168 450 652 -208 568 670 -687 -718 77 459 651 308 -343 857 -1212 -196 -218 -308 -320 -375 230 -1003 -32 772 -423 542 877 1170 449 397
8 -126 321 357 1215 -124 -526 121 -870 665 692 -259 -47 -1426 1196 -1282 -442 762 740 -467 -388 -832 -650 252 -185 -1190 -751 482 733 15 166 648 391 -230 -253 599 -419 1028 133 377 -1219 -92 -824 472 40 543 222 516 556 -736 389 362 333 338 373 -642 187 182 -349 218 -6 436 968 -27 -299 -222 400 257 -530 663 -178 -921 -353 312 -999 -529 951 -677 590 1289 -737 -302 -470 106 302 370 -724 -887 -229 -60 -151 -386 513 1057 -292 407 143 -346 -422 -126 -9 674 -92 -254 572 -849 501 -367 952 444 -807 -83 21 -1147 -138 -1255 -209 342 1228 -91 -488 -1338 246 -832 -55 -105 -753 -264 268 -332 926 -757 -153 764 257 -997 576 330 84 -1105 337 322 481 163 349 -559 -234 -134 90 -70 97 658 -369 -528 648 901 451 -177 776 -65 -529 147 -133 -334 -211 1060 74 110 216 474 -348 473 -543 417 724 -621 -715 -248 458 -24 605 14 256 -87 -590 -262 789 886 131 -891 -654 585 -874 -544 154 1159 -1197 599 365 362 -38 126 124 125 -202 -819 -136 -359 -226 651 259 498 2269 161 712 -646 -641 225 388 -240 -813 -489 248 -1380 476 -457 -1066 -366 191 1137 415 411 -495 -103 -252 -554 33 241 -1002 718 -1556 -679 265 281 -942 267 122 120 -14 -521 -1014 -306 528 -316 -339 53 -1071 -416 223 -243 -405 898 -223 63 391 267 602 75 -4 112 -259 -1756 -414 -1614 1035 -383 744 -488 -988 265 408 372 -277 -549 -317 673 -468 748 -60 774 -128 -343 -458 139 -629 -1748 -305 -1100 -355 368 395 11 -171 -40 -49 289 -714 -30 729 658 -555 98 616 -433 357 422 81 -329 997 -478 -170 -83 -649 1000 -331 767 -148 -727 -785 -163 -590 540 -786 -559 -682 334 -646 116 120 208 797 -38 -1250 242 -271 -20 -18 569 731 -108 -226 72 36 -1218 545 -707 1207 363 -887 -340 950 -272 1040 510 288 35 129 -180 -765 -132 -740 -884 -35 17 1537 -628 -426 136 637 411 -1027 -19 90 -221 328 -316 63 719 1020 544 -92 342 -68 -178 476 610 593 420 -345 -72
285 -370 -11 -187 -109 -672 -811 72 553 1358 -213 294 41 -30 -153 -182 -406 -777 227 363 496 33 -1893 -197 300 -945 -423 160 652 216 -352 -839 389 368 -194 -268 -436 -978 160 306 -122 -866 -600 160 -287 -6 147 -197 -664 628 -350 17 -296 -168 -232 572 -1201 1023 -380 838 -371 327 262 -612 135 856 168 -991 -763 346 -791 -994 223 146 910 609 550 33 857 -464 818 906 372 -176 399 -1071 -144 433 -377 268 6 -351 616 -155 24 959 311 -307 -752 -489 -344 165 -665 -440 78 -146 428 299 223 375 1310 550 625 782 -678 1143 -265 241 -26 12 -451 585 -364 -11 -579 241 -446 -162 1238 -257 141 243 -1014 -570 221 412 896 560 1004 42 -949 -500 -130 -922 87 114 -8 48 738 -924 -960 146 -351 -563 588 -6 -305 493 313 -350 642 -111 -690 -452 40 -684 -1107 483 249 -133 519 316 -1080 -1239 1006 -1018 -454 -650 241 688 -944 -571 -364 -74 116 -1329 -271 619 -1193 -604 340 -1664 113 -445 917 468 11 802 503 264 1109 682 -683 -418 334 794 93 480 324 152 -771 468 729 -149 -683 -558 -937 -332 300 -55 -76 140 -440 283 -899 306 -467 -690 -80 416 509 -14 383 527 261 181 168 231 688 437 -538 11 -916 -716 920 -515 187 216 8 -34 312 -278 187 -172 744 -256 -2212 1155 887 -737 -725 734 498 1143 -109 -121 374 -417 -39 610 148 103 -539 242 1452 -637 -557 549 725 769 -189 -486 451 1331 -382 44 343 12 -302 662 -770 -279 452 -541 191 148 1291 -832 -825 587 286 66 -724 -687 -114 810 68 -832 -22 -300 1183 -917 -503 50 774 561 757 -101 275 208 -502 134 625 797 378 359 -577 139 -379 -451 90 568 -1129 -1388 247 609 -216 817 590 -1056 -522 -303 -270 529 -1263 426 -450 962 -172 664 716 -454 99 -1 711 139 -78 -198 164 -99 377 252 238 -58 -721 -872 -119 940 1356 -454 156 309 -868 518 516 -338 456 -24 -751 260 436 671 -705 -810 274 641 431 791 350 -254 524 132 459 -126 -111 199 687 -625 -605 -31
-54 329 122 815 506 -547 408 434 687 -179 -162 -142 -1206 978 36 851 392 14 178 -50 -673 550 -610 -170 26 1013 298 -117 867 -516 -1231 -93 393 -830 -509 -349 638 613 1351 943 348 -176 632 394 16 450 -418 991 124 980 172 -187 16 41 -303 -388 457 -698 -242 -228 452 -955 244 627 492 -170 -872 -194 6 -193 -142 -921 -152 402 -101 668 -1086 -199 20 140 692 -461 -140 -822 111 -464 129 289 67 467 -88 258 787 -1188 -489 256 -1304 426 225 -154 84 14 -145 -199 -514 -1359 -561 538 202 24 -311 185 -849 297 -333 287 -87 -286 -701 342 -31 -426 130 -68 -903 583 -345 -708 788 43 -555 868 45 192 -134 922 -459 241 -18 -16 195 -1011 -292 337 599 393 374 -1332 530 821 -827 165 -579 226 -176 797 445 -531 -490 546 -300 -677 -473 -415 568 286 -100 -440 1026 501 -168 754 650 212 -49 -372 1132 -811 787 26 363 -153 328 -295 -330 1131 134 637 -385 317 -382 -34 359 1227 609 -212 244 119 -558 368 -606 -750 -520 -1876 -291 333 190 -337 -105 -632 5 11 -890 577 532 -498 -626 1145 789 -339 1567 -625 -167 1481 1650 312 -1119 -29 267 -77 -104 -177 985 544 -776 57 345 441 -445 4 480 -463 -1381 564 -354 -926 -737 118 -36 -934 -204 471 324 1217 -1143 -174 -128 -132 58 35 -98 -169 742 377 469 471 -241 -556 344 459 564 -252 657 409 -474 97 -408 339 -1357 -490 133 -87 84 -304 210 -542 -932 226 395 606 -385 428 555 -481 542 269 -11 1133 555 -277 -815 -833 356 671 296 -533 -576 26 183 476 41 145 171 -819 -1217 148 -214 -295 526 155 -262 -30 -978 -553 1593 -44 588 -20 -360 579 703 -206 -756 164 597 -58 -708 -223 -32 130 364 -608 -1023 512 -486 462 -1041 431 -255 -152 -146 4 290 885 -439 253 97 133 37 14 -970 -197 318 -672 -257 865 47 451 264 -565 -245 -191 840 -525 361 -242 -744 -371 -509 191 277 146 131 34 -1119 -824 -114 1440 662 521 468 -1780 506 138 1043 -623 1087 408 -699 -435
607 -18 -171 343 579 87 -449 124 203 394 6 20 623 -3 -1203 212 627 398 -16 -592 -1220 1121 638 659 300 698 1363 -778 -337 211 -735 -563 -495 -451 598 -562 -324 -90 -336 429 801 -397 -404 8 109 -1233 -1363 73 419 490 1054 989 -246 -687 -775 132 239 212 508 605 548 28 -494 -508 109 -7 371 285 -87 501 -161 -294 1290 -581 -467 -787 199 726 -699 37 -383 -124 -71 -227 58 -171 -228 -406 313 259 -271 -144 887 432 43 220 -982 -622 325 512 -701 -275 -69 490 460 111 630 -186 -347 -32 -610 451 -66 1081 561 1457 109 302 -16 -589 -924 694 132 -633 910 -180 292 685 387 127 338 1045 -73 182 -550 276 -738 459 -694 -631 1233 476 630 -1711 -255 405 411 434 120 286 -180 -751 -689 163 -482 315 366 545 522 187 -452 122 -297 -801 -349 945 -462 -6 289 390 -420 374 -993 -89 1471 -632 -15 358 -1049 314 746 844 371 -219 -109 -86 44 -434 734 525 -726 -243 197 1331 207 -179 -555 279 -253 -625 -217 706 -675 -565 565 -26 1091 805 509 694 491 146 272 -1298 -1450 1472 688 -1388 408 -562 232 -685 301 -337 -631 -386 -384 -151 739 -389 589 418 -11 953 75 -374 -1189 -349 73 -197 408 -78 -329 -40 173 -853 -912 67 -425 -372 377 165 -271 778 -649 -864 -517 -1016 57 -382 -464 221 -443 -604 314 918 434 789 213 589 473 -413 -384 -101 771 168 395 75 -4 -22 -54 807 -214 -991 307 -32 -542 -54 81 117 734 -119 405 -37 -120 -955 -654 416 -448 -572 -272 564 85 710 -489 58 -61 -441 -365 425 812 -717 410 -92 9 840 -1310 -239 519 -621 -197 1229 941 -877 -183 -685 336 826 186 344 700 -649 88 352 -659 893 212 -372 648 86 -174 577 400 160 341 -431 934 -1149 80 1062 307 1092 -135 -41 66 -77 409 -983 -98 637 119 1017 1537 12 -345 926 420 -591 696 -31 271 65 40 1261 -545 -732 6 -80 -84 -188 976 -168 122 730 -117 1050 -760 668 282 250 -614 599 -757 -114 443 961 445 -341 -53 -462
-132 -89 -1358 447 249 -549 -231 370 -18 175 -879 39 516 -424 1220 -25 -1458 -379 -261 -30 -710 418 617 -438 377 -15 -440 -1177 -103 -448 -109 540 60 423 -463 1199 764 791 468 -98 105 -488 -428 709 -716 290 624 724 613 251 -651 -791 254 454 -93 -52 99 -896 145 916 60 660 268 -168 521 -1274 -202 186 242 538 576 322 -1187 -592 420 -527 236 591 433 -387 542 -924 -393 463 593 565 -1392 266 553 153 -475 -33 1038 232 -166 372 488 89 -31 -716 -103 -459 -333 47 -346 -689 -584 96 -164 -235 743 -729 -351 -755 221 -622 417 -215 -316 299 133 -865 527 -189 -1303 -257 -802 -37 935 494 -373 -501 431 -677 67 76 -218 22 925 355 998 -293 357 -903 -92 -623 -1151 -400 -204 569 -51 890 -481 143 38 -40 231 -13 -278 1134 -46 447 191 515 179 -683 202 542 -578 144 745 -102 -201 1252 559 624 -812 310 -26 21 462 382 -473 -419 -993 726 -610 130 1683 -516 -532 526 -173 -1505 731 774 122 1088 414 714 -981 -106 795 4 148 -186 381 -405 -49 115 -554 -505 -680 92 540 -598 -58 533 4 227 -688 66 361 278 1641 -267 -165 323 -50 -235 590 -627 -655 -904 491 259 183 -14 179 316 -382 -587 -896 200 91 -369 66 -674 -137 -77 -203 826 -54 -1456 345 -199 696 300 243 -71 -92 -155 -554 134 -17 36 -238 -308 -552 524 171 98 -10 144 -59 -149 -315 -22 158 1271 7 894 -838 140 -384 553 503 996 -170 651 319 -13 122 -1 -591 -181 440 -684 364 240 -443 -187 267 -752 -124 794 993 125 1401 -466 618 -54 -189 -67 -404 646 485 -762 157 -1152 -1309 -1178 -440 -60 214 819 -493 -337 419 540 407 7 1049 220 -19 85 -397 -291 -536 627 -1553 831 61 881 36 107 513 143 -220 491 -282 -139 127 354 -472 210 -600 -428 139 -474 -793 149 423 830 -1204 -357 494 19 -427 -744 570 -351 -45 205 -204 -363 -1366 697 -521 448 -82 110 402 -12 620 237 -399 584 -717 48 1000 -507 180 65 -45 412 232 1061 -894 -380
233 677 89 569 1264 -463 572 477 -307 229 458 264 592 -176 -363 -68 -71 -380 -130 -221 -82 204 885 7 1374 -602 -272 111 151 -933 247 548 -899 629 770 170 566 186 575 130 450 -1547 314 503 -794 1064 -476 463 324 -408 519 270 939 347 475 181 112 707 -865 180 369 607 -47 947 -484 250 -596 -378 -576 -477 -961 174 907 741 -458 1078 522 8 -704 -639 101 -176 -370 395 1529 53 -172 -269 -196 722 472 -17 633 690 574 -444 -281 -613 -272 157 660 -1965 -1396 -325 -228 -220 53 -504 193 33 -294 814 843 1341 286 702 734 -335 -601 -259 -479 828 405 1196 -1380 12 64 38 -470 385 -472 -140 -83 210 12 -511 218 232 -352 -414 -705 -171 756 -861 -623 843 -264 -93 441 980 -148 167 1047 -104 -361 -67 653 -899 40 1349 1406 418 394 -266 -1363 63 -13 -293 875 437 140 235 -181 115 68 1016 27 281 -624 163 -168 -793 370 531 -336 513 -30 -348 -168 201 -398 744 120 87 14 2 1413 -347 -806 -550 -1448 524 131 -526 -279 -111 10 231 -821 948 112 -327 -238 674 726 -223 -58 -1389 -203 -397 -815 -376 -265 106 162 -174 -28 -336 715 245 -920 -335 -288 1176 -240 311 -580 -52 -235 537 -689 1133 -10 143 986 -637 -144 -318 305 979 -109 486 -533 -811 1052 -430 -298 -728 908 90 -517 -161 -64 -171 -596 83 -438 -298 -1140 824 1264 806 1223 799 151 486 -210 -466 -881 -678 607 -365 -420 393 549 -87 -131 1 465 858 -1033 -148 830 -1373 1062 624 184 234 -221 -72 -846 94 344 -356 16 1057 -355 -7 1123 -554 -429 -647 657 -742 -575 -1497 -801 -709 103 14 778 120 -667 440 601 68 -241 707 63 -617 290 -760 125 591 534 440 -1218 -265 -1029 -1104 -358 213 614 -860 -227 1134 -326 2001 917 87 -66 -326 1079 -17 841 -1178 -477 -149 220 216 -1049 390 40 -347 -1299 -129 163 -706 -25 -913 105 5 56 593 363 955 -1350 275 356 -674 163 -141 118 551 -97 -473 165 -715 282 -246 603 312 524 -946 553 -246 621 -738 878 28
-282 -474 137 840 -525 -476 -157 640 351 550 766 -1008 620 -1334 122 488 -448 89 -1261 -1054 285 -267 410 -848 363 12 -127 199 -749 29 372 794 -129 -902 301 -171 464 -177 -40 -683 585 -217 322 -420 249 112 554 51 -363 -787 713 848 -388 217 419 -848 -245 235 -237 -295 -222 649 1056 1099 -651 -18 233 13 -340 -100 -99 -360 21 -547 -277 727 159 1164 377 -122 528 448 424 -229 309 1513 -45 300 -211 -945 683 -732 46 -603 65 -1057 -975 552 -668 -1180 -784 -228 1108 -401 714 -536 15 -752 956 326 1020 1227 -101 343 591 668 422 -68 -849 -740 269 58 -156 -9 -419 990 -580 13 360 11 520 852 -247 -165 -306 -42 -111 -447 -78 856 -842 1278 453 860 -395 -1 157 444 -211 798 -300 -436 1318 -714 406 -175 -269 557 282 42 1046 -46 477 108 149 -159 316 504 -653 -415 1057 280 723 170 -559 706 -58 3 -408 36 -158 307 457 755 689 854 -93 -1447 -115 -215 -30 527 -677 628 -1024 -894 1021 635 861 -664 -995 640 -180 -311 -108 944 -364 -175 -707 -762 596 -284 513 456 -798 753 -88 56 -962 -1608 199 11 -22 170 -23 -7 1215 503 -430 162 337 352 24 427 -789 765 -303 -33 224 -33 -811 -1294 -942 -787 -532 -104 538 -592 769 -65 -599 497 130 -170 -1239 -510 1070 -276 597 -601 215 38 781 155 -751 -257 -49 387 -199 379 994 379 -478 497 -22 -227 -363 280 136 -473 423 -268 -721 -563 -333 -69 793 327 723 92 -999 -1159 -255 -198 -240 -618 596 -301 -33 -28 361 -661 173 288 -566 -475 277 803 -32 414 -1195 -837 898 -77 103 -103 882 434 -1014 428 -565 -863 -48 209 -1554 -1430 234 -14 22 250 -937 1362 67 346 -72 -525 -1149 1102 -1392 -56 -473 7 967 -113 822 185 -899 1149 -585 676 -506 690 665 103 -460 -630 -1566 -272 -420 226 -86 -971 923 775 -607 -412 -103 -1335 670 -372 -134 252 -868 811 -559 616 -120 77 326 168 -41 663 -275 396 -271 599 322 -548 31 282 -291 -118 308 -94 -63 -263 249 358 925 -74
67 118 -286 -155 616 456 449 124 330 276 -296 -438 -108 -224 -119 -221 -108 991 42 716 -1992 134 -367 1095 -554 192 -347 -167 298 161 339 -785 989 291 43 -479 119 -371 -176 736 491 73 -287 868 -72 44 215 196 1462 925 2069 813 1070 -25 -657 1003 -36 -1273 167 85 -600 -59 1188 -18 -607 46 -748 459 259 254 13 335 534 221 36 -551 423 244 171 1364 329 -21 779 -798 -755 691 1063 1083 -668 67 -137 1450 -773 -705 -268 110 102 172 -611 -823 634 12 -6 -59 20 192 -676 1801 1040 -558 181 -624 -790 -843 -709 805 362 -500 967 -386 76 -802 1223 -229 -222 -726 -609 124 -382 80 -645 -667 -153 1461 1109 -339 -999 575 -1221 -404 -661 -11 -360 -1326 -20 -1494 544 -229 672 166 -396 221 -1449 894 -282 -93 497 188 206 606 758 712 456 952 -238 86 -14 -811 335 -444 -324 -138 -96 -610 1240 -743 675 -1648 415 260 -56 492 718 1332 -311 -393 -440 973 -305 209 -459 198 117 -35 1653 66 1342 1327 -960 255 812 72 -686 -112 964 1382 619 438 571 -831 -449 -451 166 723 -764 1167 -70 527 393 287 1221 -142 -1006 -389 890 242 441 -192 26 475 -96 -360 -455 25 1 -945 50 -284 -2211 -145 -315 928 17 -79 -814 -24 -1058 647 -103 -800 509 -773 -381 457 332 1107 -615 -766 -486 -711 324 -283 675 -138 -103 -1484 503 381 81 -503 285 -1092 -186 491 427 370 -48 426 815 -654 618 -379 220 136 330 -200 -888 -177 933 365 565 239 313 1051 -918 216 -1489 -84 -804 206 -132 -414 152 -163 -726 -364 -869 593 570 -293 349 -508 741 -1044 612 301 573 -17 -482 -483 -178 845 657 -420 557 -394 5 -486 -1626 -169 -8 -708 238 616 -275 2536 637 356 -152 -492 737 85 -1157 364 -234 156 -889 242 -517 -848 275 556 -367 600 -444 311 285 128 -498 598 187 560 1212 -1265 399 871 716 918 -1047 -136 -319 -449 34 98 -211 8 215 -1066 299 2240 -462 -687 -817 257 -188 -428 1313 923 -271 -340 555 464 -92 -383 -189 -327 315 33 886 -162
-781 -1324 -300 180 -526 -163 -1470 1332 -320 152 -213 191 -277 445 -686 -391 -212 -70 102 440 539 240 508 -120 -380 -290 -134 722 437 -197 891 711 -24 -1189 -1557 -358 -552 -125 201 588 72 865 -200 -197 645 -23 673 -96 -587 356 -276 1341 -400 -658 -255 -435 365 153 -318 -409 -83 -209 1508 395 -1178 -402 -1203 789 -32 259 109 355 87 -59 77 58 -231 -392 250 219 1377 130 -92 -652 -353 -296 -1005 390 -705 -546 975 90 418 -1199 392 445 425 -406 -27 -774 415 -624 -742 -521 503 288 -646 632 1288 -263 -805 -1652 -1061 -109 -590 -423 372 64 -561 -343 784 619 120 166 1269 -172 357 620 39 125 1263 -625 -914 638 437 -74 -47 -566 -692 859 -844 -259 -648 -545 590 -147 -488 -1120 -300 -1094 -761 -245 448 356 300 -1307 414 -66 210 -53 175 95 -190 845 -368 -428 282 -437 -324 317 156 -601 -2 418 -544 -484 597 -893 -1188 147 -241 -718 1043 155 330 1091 -255 187 401 377 723 444 62 275 5 -1000 -1278 369 227 22 -649 -416 79 -379 797 72 53 111 587 -140 389 277 711 629 -1136 768 -1017 932 -971 406 152 -472 -65 468 -292 571 -232 -548 -609 -1075 -839 275 -313 -408 -351 789 601 595 -202 544 -252 337 54 -502 -368 -357 42 728 -308 476 -399 195 784 51 -79 429 337 -133 -125 378 8 -29 -793 -271 677 -99 -418 -243 -331 -904 716 790 337 -64 297 142 -427 358 339 864 865 569 -96 34 -449 709 1035 478 1087 -1668 -405 -545 163 -107 -191 105 889 483 238 -580 393 -415 1282 277 -670 274 -168 298 214 -324 18 617 -812 17 282 438 35 135 131 574 801 -665 839 -805 -180 242 38 -169 610 501 -961 -339 491 -1528 -47 886 -168 -344 -510 159 -470 647 535 -1191 -222 680 -458 1458 126 495 -494 271 492 -192 -806 761 298 -597 834 -150 864 -631 465 446 -191 -524 -871 851 93 364 -277 488 13 -1473 308 -1383 724 -1119 -825 -630 -436 1817 -178 -264 -606 1183 -837 944 588 194 660 895 173 1447 -295 -152 -1185 -422 -233 136
43 1100 483 1379 -1760 -856 260 -208 -532 -679 -72 40 521 227 71 695 1071 185 192 1441 526 438 318 316 -953 650 320 525 -221 -388 597 447 -532 423 847 82 323 105 9 417 1105 512 562 148 157 418 602 739 760 63 391 97 -74 137 -91 1246 -638 -246 135 1175 801 -832 1047 1251 912 -360 -678 503 -425 82 525 -455 415 194 221 641 -576 170 591 400 -14 639 46 538 -136 265 -238 -95 117 383 -777 -471 -675 21 608 560 -808 71 -552 -92 -643 225 181 -516 -571 -128 -488 308 592 -265 -815 959 -399 -507 -328 -603 -43 -410 -285 -686 -86 -1079 -638 124 -609 405 617 743 -75 -1249 -162 268 682 -980 -16 -492 -212 281 280 906 -635 469 158 42 -534 -1549 349 -240 -251 808 512 -739 -897 636 383 -451 -303 217 733 -748 -902 -30 1026 331 302 -475 -246 -184 272 -398 760 -75 171 681 -75 -624 39 -428 -269 -536 0 400 -885 -278 485 450 260 320 384 -45 -116 791 -232 177 610 478 302 -769 608 -441 -579 -370 -600 762 325 -613 -528 246 258 -196 -970 1070 -29 185 1190 1128 -599 -474 675 -10 -353 34 665 -322 -95 -372 499 -528 857 1216 -568 260 668 348 -571 -63 486 356 -581 542 -687 686 655 -34 324 630 -60 -658 150 -981 -364 -213 -454 -150 255 -706 -444 -1073 -375 453 578 1184 444 231 -692 380 -358 -63 271 1002 -694 -1280 -24 605 -801 490 -490 484 -233 425 -193 293 166 -372 -3 206 -92 4 525 -57 -713 12 -353 389 200 -274 234 103 88 -386 -687 -694 1159 418 -266 -810 39 353 -147 -744 303 -551 -686 113 950 -49 1476 -1012 195 432 -1311 -150 8 160 -288 -733 -173 485 -258 713 -293 462 315 1081 749 -200 -1201 759 -258 89 -57 354 -483 628 1245 -726 39 247 -708 358 430 -144 1406 166 644 -983 261 776 -416 -209 -372 -939 231 2326 323 498 -172 -795 343 389 880 -273 -345 1018 191 555 -509 402 -403 -650 288 233 -93 435 -404 -878 704 246 600 1141 -82 766 258 -549 -192 367 530 15 -1076 712
401 514 511 375 198 -319 -14 215 625 1019 -544 23 -834 -837 636 -804 1141 103 974 3 228 851 -226 -407 -326 -244 59 -590 370 -987 -92 1183 -222 -501 -134 302 -974 -464 1576 -456 -204 -245 -138 469 -185 827 446 633 348 -86 405 -132 -319 915 -951 -117 126 452 82 -226 112 109 -243 -521 -30 541 281 -474 46 757 591 1614 2085 48 -181 1084 1015 819 -443 781 -327 -279 -779 44 831 326 281 -697 -347 -1113 466 -667 -40 -89 401 406 447 485 76 62 -140 -989 -163 -390 -667 -366 -17 -1689 -601 22 390 475 -435 522 214 511 -442 100 -58 -1029 -204 -1012 390 102 51 -300 -354 -110 -426 335 -1650 840 88 -661 -1233 -779 -36 1169 160 812 362 327 -218 213 1276 608 305 665 287 -403 107 781 696 -677 390 -895 277 -615 422 -49 -5 547 -400 -139 524 -16 -1059 -384 1030 781 -344 -160 240 -990 580 454 125 353 817 675 437 243 287 -856 1402 992 -544 -301 164 663 -905 -115 1033 -180 861 -901 386 -510 812 886 681 -47 816 458 688 518 552 -585 -131 1001 448 662 17 -350 1106 467 -554 -365 1215 523 -760 -1381 317 -545 236 141 -7 716 644 -1112 28 -1395 1459 309 144 -220 -546 -106 -283 532 -906 -58 -1082 231 -1031 440 362 186 1171 -8 1705 1239 -1528 -174 -607 -488 -405 -1501 -1424 -243 597 -387 -466 -588 37 -422 1345 -1028 -751 451 342 640 -756 -61 345 1120 301 -46 116 816 375 -747 -112 -354 -507 160 -959 -691 660 145 918 189 1296 240 175 -528 -976 -340 499 -91 -1259 -137 370 -753 -157 916 10 651 433 87 131 -314 280 493 -262 28 316 -1072 437 -368 169 -437 -60 1176 -641 32 -1514 -811 123 -1074 -234 310 12 943 986 -725 -372 308 -367 -869 312 41 572 -661 -181 340 452 141 -63 621 532 -220 1701 625 -558 516 131 -108 574 473 713 586 327 282 -1258 -161 131 -148 183 -181 514 -750 59 912 1075 -599 -640 -814 -251 1267 510 175 -17 160 154 904 -528 735 82 -286 -396 -491 -934 -765 -1124 -214 278 117 719 1576
-583 47 -471 166 -727 -65 -24 -466 -339 417 240 180 -391 435 460 512 -383 562 -474 -763 693 126 -785 -130 88 -1054 1220 732 -15 -489 570 645 62 954 859 294 -202 -527 -249 162 4 725 876 -21 -445 439 32 714 -83 -852 -798 66 -1220 240 -726 -593 -6 -334 1052 -805 -165 962 40 421 -414 528 228 -240 196 -139 829 490 -474 -554 -87 -705 982 -733 -97 -427 40 641 653 612 263 -329 -235 -58 300 -754 -583 379 -421 -230 -435 -611 777 378 -243 -9 -148 -289 -360 -160 -15 -639 78 936 1009 153 411 563 -88 202 50 630 -445 992 -265 277 -899 -346 26 -756 -859 -550 211 -1041 629 238 -62 138 857 -674 -961 -391 -439 -625 117 607 131 1030 -961 229 -10 -821 988 358 105 135 -507 -400 74 578 266 -518 -505 -46 -269 472 191 -482 312 714 536 275 -118 68 783 457 604 -49 151 102 510 533 -641 -399 297 713 -1057 -217 224 1491 1695 310 197 105 118 63 664 318 -385 -348 -439 -20 616 151 -504 138 -298 1202 26 -107 -441 4 -154 -26 -109 -240 -49 -714 603 1294 -326 854 1073 -931 -782 163 585 -521 -279 -242 38 -1280 -640 -155 78 329 1407 146 -1026 -272 -1101 -717 694 -92 554 -356 214 -476 279 279 1421 -1566 -669 -342 297 -607 -1007 365 53 -4 -672 -343 -214 -31 -1216 -127 1079 -121 315 -865 258 -64 1092 -1071 -145 -217 -1064 771 -535 490 -4 140 -472 278 476 -407 292 280 -572 -378 -381 -666 -790 -340 -46 658 813 217 353 766 186 388 -160 -862 638 -246 -252 -715 -144 287 172 8 -47 671 -317 627 312 124 1056 458 172 213 233 96 -407 -16 -844 -121 969 -122 1142 -510 -1122 -403 -87 101 -610 -80 520 867 771 218 382 334 -353 25 981 589 -667 619 -1117 114 685 -148 781 -195 797 115 102 51 48 -518 -167 -306 81 333 179 -443 655 486 -262 545 753 142 867 -1143 -56 876 -206 -380 421 338 -255 -255 -490 104 545 -401 -359 108 -258 138 -382 313 859 -181 -310 879 170 401 839 -1025 -285 -91 294 -52
464 195 -147 267 -251 3 -604 -290 387 -593 -91 637 -384 -233 -414 833 518 -305 -1 -788 1155 1038 -178 321 -273 11 -52 -138 -277 -564 241 192 -216 -578 348 -314 -436 -1193 -723 749 122 607 797 -916 56 -329 -99 -1171 -330 -374 -174 -801 -256 1289 -923 -832 365 -475 -63 974 744 500 -268 511 -879 606 151 -270 -669 -593 519 -627 -71 -306 -69 -438 -172 311 226 -46 419 -701 652 -64 536 249 -160 -71 371 -174 126 -405 -544 -91 372 190 -619 357 355 735 627 489 -619 -820 -611 -259 -225 44 -666 422 93 232 586 129 -634 -553 1239 227 90 614 -21 429 -298 240 -204 -610 -16 -471 333 228 263 -750 596 1031 302 759 86 274 190 1293 435 197 -1089 -259 1585 641 778 1025 716 -157 765 -248 -260 443 -1449 -452 78 -339 326 690 291 -274 869 828 317 -616 110 -55 -294 393 234 -93 112 -129 -688 -202 -254 610 721 912 473 -166 -1103 -346 1010 -153 -257 -544 551 295 235 -48 -275 918 294 -1266 183 234 -815 181 -203 237 -329 431 -481 361 170 252 538 492 527 -902 -762 -1062 395 -49 604 -470 -190 -607 -1113 64 653 -464 806 29 366 -132 317 139 101 100 197 -233 -504 -1011 631 -513 -572 553 -39 -214 836 134 -291 190 -18 302 -760 1052 -648 894 553 -919 -114 -689 -966 -317 589 75 -825 413 -139 -320 486 -624 276 959 245 -636 -1033 702 565 859 -299 521 -74 11 -942 -534 -201 -993 -217 947 606 -403 -71 -167 360 -653 -184 -1066 -286 1064 911 421 717 67 679 1207 -670 -1019 -517 687 650 -95 197 412 -273 -546 1005 -124 544 -227 -415 520 -4 -929 -136 -736 407 1086 -389 -84 324 -692 436 170 128 -884 -333 430 -325 -135 -8 -779 718 468 -1273 154 -291 -571 -322 78 -411 -511 1001 17 798 -1179 66 764 463 -180 252 120 -525 -355 92 -584 1314 305 -186 546 745 254 113 249 1232 -746 250 -697 758 269 -55 698 -686 -779 893 -630 -1200 294 286 -577 654 122 89 160 377 1407 -220 -542 -559 -37 -631 -661 313 -481 299 -144
-18 32 336 -704 -281 534 -946 438 433 -277 189 93 1045 279 -517 -398 744 -245 -819 87 -610 -8 347 -525 720 235 288 -210 -1105 181 583 302 -208 -223 542 -124 -344 104 466 -626 131 -311 255 745 31 -531 112 1124 -480 -504 -315 574 371 -819 646 -210 957 117 -732 152 -48 -1214 459 -507 882 -297 -464 490 -530 -85 -1092 291 895 111 -1028 -221 706 593 -580 -231 623 -513 -512 -99 575 184 -157 -1116 -465 -760 -409 -321 -440 12 -113 578 -365 -642 -307 -654 274 -158 314 110 -317 433 -1122 46 -379 -216 502 165 -628 52 -26 -476 615 594 482 108 -458 -1047 694 -871 277 267 -385 625 61 439 958 72 432 304 583 27 559 -642 698 -83 -443 110 -910 -286 -205 -681 709 614 -310 -153 -168 -1063 390 -583 -693 273 -113 -949 -378 -435 -215 0 53 -271 -336 869 40 887 -352 36 -835 1226 202 9 72 -160 206 1425 -1056 426 -664 120 699 -291 606 3 445 -1552 -404 -153 -866 475 316 92 -490 909 187 -358 -1173 -853 -979 815 420 -267 -198 303 -194 -1070 -871 -731 597 -212 -306 -77 1746 -467 251 157 -66 259 -1574 124 -751 -183 -1473 1007 275 84 1193 268 674 199 -740 986 -279 -348 690 1454 -969 1191 -798 242 -159 -468 -282 1205 -549 -262 32 -1328 -357 1366 352 -118 475 244 1077 -164 -342 512 239 84 -870 42 1209 477 694 -141 -238 -104 -244 571 256 -730 -1064 -635 -421 -10 -334 -867 150 1033 300 629 1041 164 -327 -143 9 -417 -83 660 -264 317 533 191 428 -624 -1595 -108 -689 -1105 394 1251 -152 -910 -433 -481 6 62 709 -314 -447 -440 -930 -503 99 598 -37 -527 -186 -1481 -510 448 -201 289 58 -271 -292 -79 112 -1031 1399 -691 417 -1386 330 269 -148 144 -46 125 408 -235 26 -490 -322 -248 307 -568 378 -581 65 300 -434 -906 354 579 281 504 -51 -292 -148 541 -110 -42 -541 -285 315 1723 -877 239 1493 1215 728 -681 48 322 333 -1305 -606 -204 172 -635 -30 197 3 -393 173 1006 -982 -288 -512 80 28 -915 -659 -199 194 -237
-38 26 -525 1117 -1142 17 1133 -552 -471 -993 103 -455 198 -366 -245 -411 -147 377 311 170 118 -620 533 -339 496 373 249 823 -630 356 744 -295 291 -879 577 -806 -1257 -117 661 -908 -379 -580 191 999 -1384 -291 -186 42 262 681 -584 592 -251 -659 -450 252 -168 652 -113 -138 -295 -1050 120 -224 1057 327 -1286 684 98 213 956 -709 -269 -328 711 629 370 110 -1161 -265 417 183 -516 72 495 -749 -500 -775 272 95 -56 -121 -876 -160 1012 620 -723 -561 -1256 611 458 -386 879 -149 344 20 -14 723 -21 1064 488 -679 473 432 -7 -1135 780 1497 -496 -874 803 -482 624 -797 27 732 -422 440 542 57 96 -520 -589 -49 268 -808 -86 -1200 543 170 -279 75 -911 -668 -140 -993 844 -1570 -113 46 -748 382 -1202 295 37 679 480 770 -151 539 -738 -989 -137 -466 -717 -305 444 797 837 227 126 403 408 648 308 567 -397 -143 -334 -840 -438 99 -181 508 -159 156 -379 422 -689 -233 -840 620 450 608 -600 -438 114 699 205 -623 -432 -835 613 -1694 136 -749 -185 -407 -717 674 -424 -1146 -404 1151 350 630 -536 -613 247 -720 -152 18 129 -781 430 161 -46 9 769 428 189 -686 40 -1137 357 -291 927 164 -1214 -299 54 -167 -361 -282 -6 66 -474 96 757 262 -1181 971 529 -20 -58 765 -220 493 69 305 72 1053 63 244 -1336 716 -509 185 -410 -215 -428 -405 263 398 1562 288 229 -230 294 426 -556 -295 1146 1497 -1423 -606 -456 -448 -499 -210 1782 667 707 -292 -309 -788 -148 -294 -613 -628 -87 84 -346 -730 -55 962 323 -361 -172 -97 -243 448 775 -381 204 -416 79 -1500 8 139 614 37 -591 244 129 78 190 773 1662 -293 430 642 -778 692 -296 151 122 115 328 253 94 -1618 46 -681 -470 -857 476 -118 827 -680 469 268 1344 -616 -307 -643 1207 683 -8 -460 131 212 271 316 -265 61 515 -1002 93 375 -114 928 1135 222 -17 451 448 -659 -506 369 672 -455 349 189 504 191 715 104 -804 828 -155 531 339 398 689 242 814 373 -634 -128
706 374 164 669 98 -188 -189 231 -267 76 869 -422 -73 -292 199 -365 173 -914 -393 982 -349 837 -605 317 830 924 177 -755 -692 463 1118 -696 -949 -1417 416 -258 -547 285 -14 -2108 -684 351 -272 -412 -594 355 827 245 -62 882 109 922 727 -1081 -23 791 240 -1430 -54 -285 250 342 1399 -831 -108 832 -19 -1171 366 373 -2 813 -48 -116 -675 -98 526 221 -218 -750 -749 -437 680 -163 1450 468 -503 211 -47 746 249 -1204 195 -564 -847 -513 717 -383 -402 10 30 561 -94 -849 902 470 -254 572 191 -627 177 -65 -1344 220 733 -433 449 -345 -279 -702 -87 -408 -630 -44 0 -91 -890 -259 1466 662 -66 -685 -149 88 139 341 -524 -646 21 614 223 -93 46 -471 800 -1265 975 -539 1086 1254 329 434 6 285 396 678 -405 -512 -170 649 439 212 125 -215 -209 -166 -648 1604 -647 -709 87 68 -158 252 278 -171 -1776 540 303 1372 -221 229 -933 -348 397 473 -671 -343 -348 160 561 993 -204 -138 108 644 27 -266 -373 663 340 143 -542 66 -887 -1137 -616 94 287 544 -377 -386 226 865 -338 784 -227 -301 -428 -258 -232 -111 1090 349 -711 515 -708 -1553 1355 514 -160 -421 352 971 -274 -21 -16 -1388 -331 -354 414 1219 -428 -812 -115 212 -868 -758 -81 487 1149 829 365 -518 945 473 -237 674 9 742 -299 -456 -428 -1498 -292 -418 -539 247 -1351 287 698 -642 -234 396 70 566 -531 -559 16 -206 241 729 -1340 830 165 130 799 -101 249 143 -1205 -2 -104 98 933 -236 1143 -296 -1051 319 246 -278 -848 341 -365 -340 -1106 771 -110 -493 -473 485 172 -269 336 -345 172 -579 845 460 -298 -559 -435 -343 -946 -1232 -402 -547 -666 -304 40 -1262 -326 -815 -177 321 275 -78 -1126 -862 16 384 -877 1509 307 -157 708 -252 741 -187 -427 781 -474 448 51 -655 -63 -548 259 -254 -50 -683 767 316 343 325 195 483 -698 92 -85 -1 483 317 -204 15 234 -235 -702 -553 -600 384 343 448 241 -94 201 221 -963 291 1004 579 -21 -260 -4 573 -131 1061 967 -493
-17 -1495 -53 -606 15 -232 1211 741 -215 -338 911 -174 -568 -816 -385 456 -478 82 814 704 -862 -425 1016 -510 -299 -1010 -281 -1333 356 608 -348 -779 -1188 436 378 812 244 398 373 -539 256 -161 -158 -89 -12 362 386 -878 74 185 305 -919 -663 302 319 -617 277 -181 204 428 -155 79 -424 1025 583 -159 1109 -706 -18 454 -714 567 -572 -169 -470 20 -415 -402 715 288 101 -23 -717 54 403 -699 41 317 1085 -440 -349 731 585 -268 111 -905 67 -744 -196 706 -1010 508 717 -916 -225 1302 -47 -240 142 -337 337 -455 -518 534 356 329 425 517 -178 433 -876 631 -437 -939 -280 -735 444 -232 -640 374 -431 55 -509 648 656 1118 -890 -363 -236 -274 -441 840 398 561 190 229 717 445 -572 607 -749 433 1531 -985 585 339 39 -189 621 -278 36 -116 583 330 726 1221 -357 -41 -263 -326 -216 286 22 470 401 -482 253 195 1056 -216 288 878 592 707 -189 254 95 48 -1007 -195 -341 357 -515 -931 -504 34 1041 177 1457 772 666 -13 -1220 -192 -461 -627 183 431 -92 -583 1224 149 -290 -1350 256 -656 -582 370 820 -190 -406 -214 -598 399 -1751 50 -63 944 -509 707 1346 167 947 249 -896 572 90 260 -681 -527 -907 -497 668 -1184 -82 -1245 -134 166 721 -168 -515 264 -156 709 -724 368 356 162 -303 504 971 -1226 305 952 549 530 922 10 250 -326 399 -510 -898 -116 -944 -112 -382 362 59 -957 417 -701 -167 -543 -813 116 -295 95 -12 58 -341 99 -1122 -1204 -1259 -157 -850 552 -341 429 1190 -379 -283 476 379 -938 249 -132 546 272 31 -1183 -810 -1037 -906 838 68 284 -13 1105 -495 590 939 80 -173 -592 -769 966 738 -181 336 491 53 -553 260 294 630 -1237 350 525 263 352 924 238 -658 -569 -516 517 552 -50 255 -57 380 850 901 35 -66 -208 -440 110 -696 -215 -127 -158 -544 872 222 -795 570 1571 -1043 -335 839 346 -529 -552 296 -117 204 200 -473 585 -185 -406 180 -1235 -1876 -915 -264 583 -798 -189 394 -326 311 -570 181 -918 -253 716
-1003 443 -643 70 818 631 121 -1073 -572 122 -867 751 141 216 -359 -381 -25 -1000 329 406 372 405 -1231 -539 -338 400 841 230 -53 200 801 -88 457 -69 -32 650 625 680 -312 -319 491 -1551 -312 -739 447 -399 -1039 -983 -133 -32 -27 710 714 889 -45 93 -336 -385 602 -395 -495 563 773 717 -786 1002 -170 296 -214 575 365 398 466 -131 -439 173 285 724 -312 540 172 329 -415 110 -747 211 -2223 427 -1544 324 778 283 -146 518 193 -44 -67 -806 594 1269 -912 -303 297 -401 -464 -88 152 89 420 -703 160 704 -323 -795 657 737 152 752 283 -490 385 -225 1007 -392 149 206 -640 1093 361 -417 -621 -113 390 1197 -340 -998 -855 4 -1168 151 976 553 492 116 493 -396 431 708 856 515 1013 1276 104 -1388 656 -955 -64 -501 -153 -1163 1224 -1394 44 -887 341 -1160 156 875 1172 279 1584 -69 162 1096 863 -904 1343 867 491 -1189 146 1087 -786 -412 750 -79 462 -1296 -491 162 443 424 207 381 -468 352 -1041 -486 156 -923 1328 1257 523 -386 -124 45 -773 627 -428 253 365 1892 -840 320 -414 212 -179 -251 -68 -72 12 -890 -1094 -1215 34 51 -198 438 297 600 -559 677 -270 465 505 589 -858 1074 1022 19 -309 6 -17 209 606 -619 429 -76 29 -1123 -247 -301 -406 949 -46 -150 490 290 125 108 242 -805 561 492 -173 -346 -288 811 -990 -241 -799 -365 -225 254 866 1141 -245 -16 874 1056 671 757 49 -335 417 -173 -96 989 -323 784 634 -310 187 -243 968 160 329 -703 -694 338 100 737 240 -193 -1038 -443 721 -308 -443 1004 -352 20 168 99 -399 483 260 453 124 -406 12 495 1158 9 99 -470 1117 149 -1087 -47 334 366 897 266 268 338 -700 578 703 131 554 362 877 -239 210 -353 1467 868 315 -213 -680 -1430 59 -1121 -321 45 557 -175 -175 305 526 770 845 209 115 -544 366 -646 798 -348 -349 -1021 161 602 -271 -417 141 180 387 -200 -1193 459 249 -360 587 1654 -193 255 391 -415 -1265 301 564 313 -275 -745 -1042 -1019 -303 -413
-794 -183 820 -805 -134 56 -731 -257 -162 111 -1133 433 -848 -423 -464 1218 875 -542 723 748 -1583 284 -355 814 -838 86 -216 -357 -408 370 12 281 -485 -791 -1192 -1286 -1205 -521 -96 -533 -138 97 -508 -501 310 -400 150 120 -1346 604 1 555 -544 228 242 -595 -345 2 471 -304 450 458 -1406 67 -464 418 -1023 1114 -101 -550 907 876 361 962 -1511 -1495 -733 -779 -193 421 555 -508 230 35 459 569 -178 289 -434 816 -403 148 -712 510 824 -249 758 -1037 172 982 40 -361 645 -902 -496 357 -1150 -12 -642 -194 289 437 -189 213 89 -531 -298 -9 749 -383 762 -230 629 473 1153 -125 656 -272 416 -438 543 -363 -1168 -523 -10 328 -195 -575 -1011 332 -957 -10 -590 -838 641 505 -355 -454 -15 325 -739 392 -1018 103 -928 181 -12 301 -1091 151 323 833 374 -1515 -298 297 345 154 -469 -496 -1464 1045 541 -346 173 -117 -1174 150 601 -199 621 -209 695 -482 -149 -639 -82 -1551 -342 860 251 608 -212 -260 -105 -273 730 310 920 234 151 -470 -851 231 -414 -368 397 89 -239 469 -332 -326 1452 -887 1225 -226 257 10 -668 389 863 -566 -80 -209 548 722 -1379 -860 -734 -826 47 -232 192 844 1186 -22 881 -650 -732 -947 -662 -323 -215 -332 -545 338 -206 1037 440 -482 492 -83 777 -273 -278 -340 -316 -1256 -425 646 219 -69 -186 241 548 -195 -391 307 -665 -37 866 -631 352 453 162 -242 70 -400 1320 -844 534 -185 -468 -322 183 14 -75 -878 1109 -535 274 143 -435 403 -110 625 -1440 -903 -585 -391 -169 -38 -289 113 -373 -1196 -213 -923 -165 971 -1222 -591 -671 664 -43 341 542 555 -577 770 389 481 -604 -44 -231 -1097 483 -180 -99 240 -2080 93 356 -87 -614 -916 824 -679 -269 810 -447 -628 -482 -472 849 -241 -373 -745 907 96 767 346 220 67 -699 -1073 703 -567 -191 224 413 -95 -669 1109 -437 640 179 -1184 -216 829 -670 -691 446 119 -1240 15 -4 -348 956 -313 327 176 306 458 703 -1081 -37 198 -11 701 -32 -236 -653 699 96 -58 -1890 -900 -92 641
459 -740 -940 551 182 -510 664 92 -522 1039 -6 216 901 -409 203 -1754 156 -41 -102 -52 -553 -295 205 -428 -787 -521 131 1015 -1298 -601 -431 1343 -102 -636 -351 -236 -645 203 492 -533 -1003 328 -1050 -641 -514 -742 995 -509 305 -973 874 233 -408 410 -174 -679 -865 750 -577 300 -745 942 409 100 -666 -314 28 -363 -735 198 -94 -677 284 -235 240 -375 -503 -768 -252 1196 104 -281 878 128 -386 -630 137 -129 -429 488 -683 498 -605 -129 36 223 -502 2 -629 -970 -493 -1041 3 481 616 -369 41 856 -617 131 574 -222 -351 1178 82 526 566 -590 791 364 -81 -1211 908 284 -213 -632 -845 993 -863 -214 602 721 122 -246 241 563 319 -173 -1107 -546 122 -505 -883 -472 -317 -990 8 -48 711 635 6 181 -743 879 757 289 292 332 373 -661 -804 805 -137 886 86 84 -56 -457 185 256 859 226 92 -103 -195 -257 587 -196 -1040 523 -276 681 93 1211 149 -1211 995 -744 -299 199 810 -91 -285 1004 -764 222 421 -490 -302 -230 19 1070 161 -304 248 -843 -161 1032 1070 837 414 -51 338 7 -1282 17 74 -89 -674 -604 -321 261 -226 -525 1113 -381 257 -234 -707 -312 -290 112 439 936 -1355 -793 -264 -314 157 -464 -753 673 -430 -350 713 423 892 621 -379 402 -827 369 -137 261 -219 1024 103 -413 -301 13 279 -169 -17 -1013 -772 196 -255 504 -710 -382 292 346 91 -100 463 -148 -534 -625 -245 1131 -77 852 270 -76 -946 850 503 -238 554 -96 0 45 -745 59 -421 -280 -1016 -673 -193 -405 410 1286 354 493 -694 -154 -494 -1386 579 435 396 244 37 642 437 -315 -208 1313 -702 -186 -716 463 376 402 330 -494 -587 491 -274 -725 -579 -378 735 360 -1058 661 -1441 1479 -1191 -782 242 526 -235 -514 444 583 526 522 -78 -115 -387 276 654 1067 -162 -931 195 -535 1079 51 507 -172 555 -925 594 -713 -92 86 -54 92 294 787 -716 -484 -206 -550 -220 -211 -77 679 75 465 403 1092 -320 -256 1343 -577 190 399 -470 579 -382 177 -576 -536 -525 348 894 -327
518 -543 681 22 243 45 12 1107 -108 -104 5 760 -1465 220 -285 902 -258 -102 -308 674 -618 147 207 -81 432 22 -435 418 708 1882 924 1076 243 -214 270 -131 -416 -429 11 669 -804 -154 -633 -50 79 -1147 412 205 381 -137 390 174 -115 294 -343 -5 216 825 -309 -455 -1090 815 -227 372 432 585 452 -856 -514 -1118 -238 -166 -196 748 713 -113 155 930 27 -364 -158 777 -1148 -1081 -353 262 515 395 -481 685 -135 447 -15 207 971 695 -57 -158 -613 336 460 47 -1025 433 -1026 17 148 -540 -355 1380 -498 -340 606 -871 -389 -198 499 1040 -1345 -522 -755 446 76 -452 555 443 150 1107 38 907 511 -611 484 1304 -491 694 -132 136 31 -525 -617 405 -292 -645 563 -1435 677 -51 237 47 -741 576 -819 -616 196 159 231 -187 -1059 -35 201 712 375 169 -76 283 -827 143 223 5 -286 120 -289 277 465 -97 -308 -52 307 -331 312 -782 540 267 1364 342 -759 1607 1060 -410 -432 451 935 310 784 569 -477 57 -208 -1134 503 -57 277 -710 -652 802 173 891 106 -510 -70 749 -1082 -250 -466 -384 -564 -828 136 698 -664 295 752 1079 206 -46 47 585 220 675 -62 -606 -170 1194 -26 -211 6 178 119 1850 -13 422 434 -681 477 984 407 -395 33 -415 393 460 642 410 333 -522 -245 218 -257 234 703 -156 -344 1257 -131 -667 -708 318 -482 -17 694 315 485 -556 766 -400 -102 -117 591 385 270 702 187 372 78 -577 550 -649 49 221 -34 98 813 -547 9 -502 370 293 -614 -282 -1004 1834 716 -1384 -801 427 434 -1628 1419 805 -542 -957 -375 -468 -950 25 -119 -124 1615 -633 -671 58 164 -742 584 -148 195 255 -153 -762 855 188 966 -442 564 334 223 -59 -418 -841 -228 -942 -359 406 -823 -306 -24 287 -13 297 648 -631 1303 931 -315 -273 -352 -91 -614 420 869 -319 595 -501 -453 517 -750 503 -1169 -223 -330 890 -104 1349 809 260 402 68 361 -334 27 -146 209 -143 607 -596 786 324 -697 292 246 204 1508 158 -1789 581 26 418 1107 -272
171 -122 289 29 -857 -519 334 376 -223 11 572 -317 -618 -132 68 -161 -382 -593 194 -53 -319 -184 -873 1198 173 -163 -951 691 301 1477 -2 9 -300 -370 427 389 26 87 240 -1179 187 728 814 47 -676 926 289 7 554 -463 -174 -326 436 -426 682 431 391 364 1036 -1242 -226 -22 134 348 -586 322 820 572 509 -238 -400 -20 -665 153 431 -200 -986 -137 518 554 472 484 345 -531 775 863 -456 613 576 -664 -100 -39 219 125 52 -126 -163 862 293 -714 -638 124 262 -292 -1429 707 -373 1221 -1108 520 1729 -536 -754 899 -519 833 560 -307 -1302 -235 558 -497 -549 483 699 639 464 748 -934 -191 -474 35 -914 -490 235 101 -664 -271 97 417 -1772 323 1157 -97 33 703 -145 429 865 414 98 125 427 -455 126 708 339 -444 1083 1036 220 -419 -594 217 345 625 355 -45 67 -499 239 489 327 -1377 496 328 351 840 1059 385 602 -23 -967 -414 160 342 -1330 -1020 -356 1333 27 280 -750 343 647 776 -278 -302 1353 589 148 -20 490 151 -286 -676 -567 -112 315 1119 640 308 -107 654 -96 487 19 182 -1665 -384 16 -40 -127 -562 238 22 375 121 -610 -950 114 -373 781 -687 203 865 -140 -234 -1038 -988 125 -698 -160 776 -563 -414 837 29 829 163 -207 974 -676 -290 113 510 -113 738 214 848 1103 -500 -327 511 -1226 -561 -1118 -62 723 -503 497 285 318 -47 592 1006 -299 -36 -473 297 188 77 -365 -392 -645 704 164 -1132 -225 -665 -147 -397 245 -801 -940 356 573 221 -1267 10 -132 390 -690 255 1285 696 -517 -1168 -373 467 -625 183 208 596 7 314 503 -130 -82 -75 66 -486 -107 6 502 7 543 -409 770 -828 46 -231 416 -507 -181 -4 338 -146 99 -721 -102 -377 -615 -324 -111 60 -357 605 121 489 -578 -242 731 -486 171 195 688 -522 789 -1657 -391 135 659 591 -567 5 62 -559 -560 1360 91 -606 1113 640 111 535 146 -1175 -1278 -360 537 1063 267 320 1237 -257 1159 -1074 96 565 -527 -209 -335 -204 145 -448 -341 -98 57 -73
529 500 -547 178 311 -152 -1601 1045 -721 92 -1168 452 338 -153 743 5 -404 375 252 -1076 -345 136 -785 660 850 -390 -308 126 618 -245 1004 -583 -472 609 -500 -354 170 -437 167 -81 -327 -60 -563 -357 -791 272 319 -1069 682 114 337 888 -1163 -429 -80 224 416 145 353 -169 -520 483 193 -338 -1471 633 221 -178 106 -178 6 -651 89 975 136 -335 53 -1239 434 46 27 1003 -618 615 -348 68 317 -337 -24 1263 1276 -99 89 -11 -638 774 -170 -876 -83 915 92 145 100 -774 53 2175 204 -428 -46 -205 37 -563 -673 -725 -363 4 831 -166 -376 -750 54 -690 983 -119 -47 -973 -727 -673 -258 730 -243 -320 -78 911 688 733 71 691 340 857 -79 -210 918 262 733 210 94 585 -1248 663 -1094 -35 575 -827 256 583 275 203 -596 1256 793 1450 14 1636 -210 574 273 -667 -19 -690 -683 256 547 -134 -100 -1321 54 953 -1204 -61 187 -153 -135 -1515 -1152 293 705 -1468 967 927 596 161 -719 -623 327 -739 -289 406 -219 -200 -364 1207 -104 -137 722 691 -695 -256 1043 -1420 726 112 553 -287 -91 100 -788 130 -635 367 -29 -903 -88 6 324 76 -437 -484 -365 36 1227 -421 19 -117 487 121 1588 442 -1500 -1486 155 687 512 -1305 -251 610 935 -262 278 448 979 -512 -364 -237 158 -45 279 -665 978 493 -179 -486 80 -1065 93 -689 478 -575 287 91 -427 -22 -508 1924 645 -225 -186 -706 -422 -1097 -796 -297 -715 -581 1169 1594 -629 363 52 1511 -813 723 -2 -231 -496 311 159 -184 778 887 -548 330 482 -59 248 256 145 -919 57 381 -947 -168 1063 342 -305 51 262 278 66 388 -454 -388 -879 -362 -577 -651 918 -87 238 -221 -811 543 -307 -318 -565 94 -112 1081 246 87 -900 337 -737 -679 619 199 605 2193 -627 740 316 -366 272 -294 975 553 -314 -6 -740 953 -108 622 1181 -1089 74 -407 -384 -1213 -172 1214 -59 -960 -416 773 228 -883 324 -851 1211 -40 -500 323 290 758 145 -299 1042 -456 -464 466 -521 73 1280 875 -473 1384 96 -409 232 -132
-665 -338 328 -106 -357 104 647 286 448 116 542 235 -311 225 -157 -792 235 699 488 -455 201 -1132 -371 55 1315 -282 -237 783 -746 -880 -736 -458 -557 948 -177 502 -1279 -1398 303 406 5 -917 260 232 -571 15 39 -271 -581 18 -132 -590 -660 257 -156 -527 -617 669 422 552 -725 -269 1242 364 69 -232 576 672 266 -35 24 -504 -253 695 159 173 19 -800 -401 -316 -102 94 -421 446 404 -1074 197 -870 993 431 694 543 -409 452 -638 -700 372 27 -379 -240 9 392 1072 -103 94 916 -674 -3 -27 848 -681 -653 -377 651 477 489 -25 166 361 287 -759 618 612 -406 389 -900 599 -461 539 734 1063 268 429 288 1273 1063 -560 -93 -1045 -490 1096 313 654 -138 -486 -828 771 1321 -1470 278 88 -1 877 5 -433 -765 -641 -206 -232 1122 -494 72 -182 1005 290 1236 1033 -175 1118 -21 -352 28 139 1142 99 681 26 503 362 -748 -1022 -305 606 299 -582 -236 575 587 1403 15 -58 244 -303 337 187 715 -976 856 -641 -197 397 -158 -488 -61 -739 -502 -428 -229 249 666 732 -768 1317 656 564 580 234 -1140 -330 -46 45 47 -543 -537 -597 399 111 5 -216 -240 245 -202 -391 627 -918 394 32 505 167 505 1640 461 1167 38 -699 -635 -139 -599 980 -540 -1001 271 806 -900 229 -313 1146 -481 -427 1144 182 -294 505 -321 -317 -1255 -806 -328 -91 419 1790 1299 -294 1117 -464 -529 159 -825 -1133 -351 378 247 -695 -226 -100 900 -587 329 71 -584 -477 405 -978 821 -667 842 -227 340 -120 -1366 -131 -67 406 944 319 -699 -118 -70 728 522 655 -1121 40 -1180 -855 -531 786 -96 889 212 -363 -536 -221 743 -939 -424 -36 -672 143 -2 -39 -573 -325 140 -174 -170 -359 -433 330 -353 -220 -169 329 -349 640 -704 182 -414 -628 783 -613 335 -1046 -89 773 487 323 885 -154 1000 -226 0 -638 403 -463 608 941 -64 -326 296 228 564 376 -269 460 -142 -3 -325 -875 -53 -105 -835 -936 331 291 -358 491 -555 310 45 -484 -147 -333 -365 734 909 -722 -283 1204 185
-44 299 -35 204 -1066 320 -556 1196 -625 132 -242 -1258 1073 -912 109 36 282 -1118 -353 811 -293 -10 327 -440 256 -383 113 -270 106 -801 1156 766 -405 -366 -652 -203 -671 89 12 475 305 379 945 347 840 620 -503 -831 -696 791 811 -370 -510 -792 32 81 -292 -365 -218 -1029 -1085 -323 -248 333 -873 -43 394 -1515 150 246 -502 -780 -59 598 417 -311 561 428 -542 -1034 -496 395 -207 -197 355 -104 -277 -675 177 269 794 -140 -37 -31 -864 86 51 -1414 -1398 -615 -179 -406 47 264 -241 239 638 210 -465 -609 443 -69 22 940 -165 -522 78 1062 218 542 -173 814 522 104 107 -312 -125 -121 -1155 -1006 80 -215 530 -615 37 102 362 233 200 1036 -555 204 380 152 670 615 -251 436 807 924 136 -1403 664 240 -786 -1002 -33 -268 -776 -1319 549 790 -1295 -374 236 -268 -706 344 510 -1033 -328 -33 27 -39 -242 -339 1335 214 -236 82 767 1172 1342 141 608 -306 -571 -409 -144 137 630 156 705 525 -955 -1254 -289 807 -476 113 329 485 50 -401 911 -746 -489 1000 502 1367 -205 361 -48 -281 228 -31 230 159 -87 -260 -1092 1006 -1100 216 -217 539 -57 348 311 -725 -914 534 -560 -308 -1144 -38 -364 -483 387 -619 -522 -413 -51 -726 547 -290 -318 -312 212 1005 1253 909 -463 -220 1045 -557 -847 435 -4 -1186 398 251 -474 -1165 17 910 657 951 -339 -1580 338 -59 248 -809 -816 893 330 791 388 278 -1239 -31 481 124 352 657 -308 -555 571 -221 461 -199 -585 -61 -389 -257 -16 -713 716 1241 577 1372 53 -467 -84 286 -439 87 360 -450 -168 563 -274 96 -182 174 -269 486 -1254 735 856 -290 105 -30 171 -1097 393 748 -238 -793 48 -1136 470 423 863 -797 -1759 885 380 -275 -167 108 -395 -395 799 547 563 115 -488 141 884 -1157 -517 981 -872 -182 -1376 -442 60 415 388 -627 186 188 -363 294 823 -1016 323 273 -793 -40 -3 -650 229 491 416 817 -90 -659 226 -91 -169 240 -195 329 -124 40 536 -105 -2024 790 481 -400 -143 138 -164 164 426 -303
-754 -430 277 91 245 303 -1 49 -553 167 160 250 -1000 -144 -199 501 54 559 676 12 402 -374 806 50 -774 426 373 -1011 130 9 -58 -16 916 -739 -148 212 1333 759 -443 -486 -349 -202 486 -298 178 -1284 -544 371 -216 124 253 -409 742 -329 -158 -227 612 -320 -207 -287 517 -154 -113 707 -88 1279 592 -384 1000 43 -919 -181 679 -657 124 -866 -56 626 239 99 582 -175 -843 595 92 -619 -1083 625 549 -800 108 -580 864 -1416 860 -792 -1462 858 -325 30 -1339 -516 -2016 548 501 22 -910 1710 334 19 -1205 260 170 69 -63 -139 -14 629 749 185 -168 1315 -691 65 81 -305 -825 897 516 402 -100 -339 621 397 205 563 -411 -278 418 135 578 625 151 -268 -106 -199 -853 62 -107 -46 -596 1637 -344 -458 62 310 -1195 97 268 -332 -1048 -656 -64 -39 430 365 -1371 -523 -161 442 -533 -28 1159 408 582 -84 191 -189 910 -489 -883 591 315 133 67 235 -16 556 -476 742 -206 -594 349 -621 566 112 374 122 -402 -8 -239 -229 -655 -287 105 -1012 53 -493 243 405 65 -278 -29 325 844 91 -70 966 -499 508 -79 780 -21 -1109 256 976 291 484 605 -1182 79 -803 -157 -667 -348 -763 1165 674 718 595 216 304 -926 927 449 -299 582 -345 434 98 473 -70 31 -616 -646 859 -686 -1453 1704 -298 351 -194 1050 159 1658 410 41 -696 -682 -401 339 -113 -840 357 -633 -174 -279 1020 476 912 128 621 258 -521 110 -1280 -620 630 148 1482 -2 917 313 374 -238 986 328 718 144 434 761 162 447 -519 -306 -549 326 -867 -29 10 86 1110 37 804 403 -258 636 54 431 557 -35 -282 -1093 -167 416 -276 841 -305 1090 106 -742 -305 950 49 -307 43 -108 215 814 -781 327 206 -29 1390 38 71 112 473 -351 217 -62 225 -230 54 66 -102 -26 120 99 891 45 123 128 -461 -166 370 18 -96 1729 542 304 -494 -240 -410 818 -510 -209 -810 202 -33 696 1055 -153 485 -441 806 -1158 58 34 732 -27 -822 364 -750 553 553 -1017 -1264 -492 418
-1212 363 -257 -1399 353 794 -24 485 -56 -323 -225 29 -361 -248 -517 -295 -1215 -441 -333 -329 231 449 -719 -138 319 1560 -279 -937 307 -1011 583 -813 799 385 69 -660 -1220 204 463 -986 -260 -701 68 -592 -290 -59 -417 -603 242 -538 474 551 -149 571 -352 614 629 930 -457 -729 448 -712 -68 679 49 560 809 233 -466 216 -361 1405 29 171 -83 1057 635 475 -214 909 -296 34 141 74 -1046 781 -467 716 -365 210 -823 -743 1071 215 -585 82 894 453 -169 300 -580 904 655 -1013 761 755 -219 -814 1084 -691 -179 -741 186 233 510 983 -1094 433 -1035 -12 581 -912 -1064 560 452 -1087 360 401 351 58 -1593 -136 784 150 -1074 -63 755 466 -1078 -81 -85 355 1454 836 -408 -496 -493 -98 529 -184 971 250 -414 -23 -189 -1248 -896 81 258 1019 1565 177 -468 578 -45 42 1593 1589 -439 885 -402 -1229 -233 1479 72 -551 21 371 -498 30 -1 30 -214 642 -733 1637 14 -170 -223 131 -346 -545 82 712 -1198 378 -532 -1194 205 -190 -337 -1315 111 567 -1462 218 325 101 -607 -419 -223 -132 -821 -78 282 -931 712 589 611 416 766 -1646 -143 59 -585 -170 394 689 168 530 -957 421 1307 -43 171 -612 -984 281 1667 -434 301 -299 -815 -1390 163 -66 478 -239 -264 -733 -76 510 -130 1176 701 -265 852 1039 345 1285 -506 -978 623 56 -628 -370 -555 -76 -82 469 461 1269 -32 490 514 557 105 30 208 -557 43 749 -407 -157 -74 329 -58 1127 -383 -1 -361 -209 -1172 704 231 160 -281 -399 140 -959 257 309 -241 -394 -1156 1340 753 -61 -265 225 -603 416 -4 549 418 -846 798 253 91 141 -345 -828 661 -445 -54 24 911 621 -626 377 329 406 96 -309 -1049 -573 28 -346 517 -39 -120 -371 398 -501 -161 969 -782 200 181 84 -126 -1725 -444 402 506 470 -410 1127 -330 -719 179 -317 322 -336 230 438 94 487 -529 -388 -85 -536 -2 -84 -186 379 -361 -593 -813 -240 476 488 316 -208 223 1 -278 -252 -78 -671 -534 766 -879 608 -808 402 508 -47 77 -633
405 -636 731 124 106 -514 -473 -132 -637 -519 -1209 302 41 161 -62 -138 103 17 880 1001 -768 -93 23 42 323 -1645 -748 971 -15 -517 -259 -148 -887 535 -898 115 7 118 1230 -335 -105 -31 -61 279 -94 -88 -16 346 -620 751 222 -488 193 675 152 -602 -175 104 -1278 468 84 -831 344 -1113 -840 119 -154 -481 -947 828 -843 533 336 766 -275 -135 169 434 -398 -4 -492 -437 596 -54 526 -36 32 -621 91 435 -488 -89 -391 92 -136 -768 1173 -150 -341 458 -993 -305 -280 934 -263 314 1059 -1051 235 -1047 1179 504 585 65 144 229 -682 -365 -605 833 -268 -323 846 -609 -1687 1120 232 -227 -541 963 -285 308 -668 -177 1437 -1027 714 240 -207 -317 -62 24 -41 -695 470 425 367 427 -1079 254 584 -221 2488 -214 -670 320 -463 20 -242 167 255 -14 239 47 -439 -137 -588 -124 -541 791 -1410 262 -340 -641 499 104 -128 559 -342 -569 292 -1361 -782 -912 -633 408 909 -573 517 -133 -144 -246 1216 -458 -706 533 1024 190 -641 243 -229 -51 -81 -227 -9 -462 353 -548 884 -35 257 406 -231 -201 580 -44 -220 -233 511 -634 -424 1154 371 253 -219 -397 -406 74 -320 153 -86 253 -89 -103 -345 510 -15 -695 239 -785 453 399 -447 -89 -131 294 -212 -331 -61 -561 39 147 30 -375 503 518 976 -164 -1168 -394 -986 351 -911 28 -121 -40 696 -673 -266 601 730 -1140 361 -804 -880 1033 -95 -27 -225 264 374 -572 175 191 236 -589 -125 -850 500 301 -327 933 -339 -699 -267 226 -878 -229 -13 -476 -506 37 -582 29 -663 -144 -354 -525 915 -1089 1099 -362 44 -520 25 -1228 464 586 -983 168 -145 -789 2 1042 -330 -188 -514 59 -1715 -734 -799 -1646 1477 142 -657 62 155 -728 -267 722 -296 -646 -580 -507 455 -235 -596 -828 -1060 743 1056 -1495 -545 -217 762 -727 -679 643 -192 660 -901 -836 -824 747 244 -286 -150 -636 -655 641 603 -880 -456 197 -791 -363 -464 -267 1273 -461 -854 -994 -376 -358 -444 -520 75 -451 -344 489 612 -889 -744 -333 656 -1010 -1564 488 405 -712
-298 -615 -244 375 -128 255 142 -306 137 52 -557 423 -232 922 482 1203 -616 418 -348 1161 802 -1300 -479 -1295 -9 923 1634 141 -623 660 608 -990 -152 87 825 -86 1115 850 -746 233 -257 470 -712 737 530 -606 942 96 -19 -305 -284 456 -114 -5 -134 534 715 -541 -480 664 -676 -547 -565 1144 120 735 -732 -292 335 -50 434 571 634 -848 -1394 -466 -378 313 -256 -168 -432 542 354 259 -287 128 309 -41 -1205 -1146 -239 -775 -287 386 432 -78 -359 -617 -389 -1076 954 387 393 -557 -733 -267 -457 1514 -15 -1210 153 150 741 -350 82 -762 -521 1289 431 -270 826 -364 -1309 -59 -1180 1016 0 -578 754 680 -682 318 400 -137 -408 173 -369 229 295 -717 -49 -747 -294 -875 40 -178 414 -481 402 -459 506 -957 -634 -579 413 1792 69 -43 -1108 -247 -928 -635 282 -313 439 -419 -597 74 297 -161 -265 352 655 165 522 229 321 -94 -174 -144 52 -644 -75 37 -226 226 -66 142 -20 -747 -1179 -143 -245 -471 433 320 1313 -641 -65 -610 -619 -1222 -972 -240 -134 -2115 -491 -351 -630 -604 -265 -397 -558 774 783 626 -159 755 -793 1192 -228 -55 44 13 452 191 1125 546 510 -1308 -173 -86 613 182 24 -706 -162 -255 -67 21 200 590 16 -355 264 161 697 -208 885 -880 64 -275 376 685 -197 -814 1148 -1052 -330 504 -108 1421 266 935 -629 297 -85 -1426 -38 170 -688 313 765 -105 -618 308 197 -638 462 365 -597 59 195 654 721 86 1358 1013 55 -187 824 218 667 254 -16 520 87 -1261 -939 -173 -1159 -272 -1349 -264 -16 -951 261 -9 -719 205 -246 422 -55 1446 -179 578 917 254 572 -421 372 -416 -485 -15 285 -817 306 -729 -61 121 -721 -207 402 1502 -93 -1200 -689 120 -1043 21 -82 -359 92 287 -138 543 -1013 606 1031 -404 37 -226 -690 225 -349 -1022 1250 190 -52 -618 -653 1297 -260 482 -170 836 -465 -1530 -399 136 -154 267 -605 475 -136 569 294 529 244 174 849 -105 68 698 629 928 -19 -290 -259 193 1017 473 -835 461 79 -889 -495 -210 -59 162
-51 348 588 225 73 66 -312 520 -424 1216 829 -316 779 370 82 -808 1067 -1554 -1079 68 -24 531 -647 166 636 4 -680 324 -933 -261 -437 -479 577 306 -144 690 432 -75 -367 152 -716 165 -742 -285 668 74 -95 -113 -598 272 557 281 -243 -624 245 513 -1060 -655 386 391 444 -387 349 -507 154 -1021 91 408 -697 -139 -591 790 -380 -604 1016 935 105 -107 673 266 -69 -330 652 -377 -712 -473 216 -400 200 -106 39 -113 -542 138 -718 897 -350 481 408 -426 -486 362 115 -185 319 -344 -1470 478 464 -721 927 -468 42 389 -489 230 174 -60 -833 11 -174 -1007 -1674 -812 -456 -781 -379 43 961 16 -561 -124 1010 285 -748 -274 467 -141 184 -22 -1085 -500 579 -186 -285 -18 -694 -246 214 -297 -529 -252 -646 -123 -169 80 734 138 -440 382 570 798 149 640 -577 -852 -213 753 283 1 412 550 -903 -1387 440 -431 809 -603 -51 751 192 593 406 -273 -455 -400 -608 -781 357 1191 -947 624 -83 -451 1175 604 -1331 -360 -639 287 206 496 -582 -549 1069 -737 720 876 625 695 -568 68 197 -437 -331 34 -203 -166 -629 -884 -451 906 249 -267 208 -401 -84 1002 716 -478 646 -453 963 825 -251 12 -981 381 -441 653 -425 -655 -530 476 -60 -432 520 -687 -227 755 600 517 116 612 34 -335 407 -730 435 -1477 596 -780 -50 373 85 922 759 179 -622 909 354 888 -159 -347 575 -928 -165 436 351 750 564 427 -356 -1026 -1403 338 458 -383 212 817 -372 -438 246 -1044 724 466 873 -686 470 728 -989 427 -811 -598 -401 489 242 -470 418 321 1006 1086 -826 806 -21 752 -593 -204 -938 -643 107 -141 1332 -19 171 837 -396 -460 -660 123 289 -437 -240 282 387 686 -427 463 -30 39 -804 674 -292 -636 -765 115 1123 -720 -462 409 -487 914 -688 39 -61 765 -1184 4 -35 315 904 -252 -159 -27 -545 1344 -20 291 -1266 775 311 -196 146 490 471 -1431 -302 434 1151 622 1029 352 583 -128 -901 537 -127 -73 735 -306 332 901 -279 267 357 -1114 -780 149 -547 76
-469 362 -458 218 580 502 -125 569 340 94 593 -292 229 -670 301 -633 87 725 389 -947 -45 627 717 29 -273 -703 331 -284 183 -106 -960 -921 85 601 478 721 -337 778 6 -46 215 -106 210 542 298 892 -800 508 955 367 1158 1112 1564 -84 -576 206 -118 -189 102 -880 124 358 474 -858 -490 -555 105 -704 -406 683 -10 -501 619 -899 -128 -49 1817 147 -331 478 461 -149 -447 115 900 661 -710 133 239 -1109 -369 -2 255 9 -615 294 -1102 72 861 233 -532 -414 -177 358 -199 433 1238 -24 187 -687 676 567 -489 72 -407 245 -435 829 168 -321 -158 -262 601 -212 -1380 241 -281 -341 -41 -478 -541 535 -262 237 -608 -551 239 857 645 876 -625 162 624 -84 -558 669 -1324 -109 135 -255 -874 243 -110 -770 66 -588 349 1443 337 59 299 551 38 122 276 345 -436 353 -198 1073 170 3 -274 339 -407 528 -923 -883 780 -244 899 1296 -448 203 966 -399 504 680 103 -380 109 -31 304 -671 -1168 -662 -52 -532 288 890 -470 -154 772 -187 -257 -228 -53 791 -68 616 -179 241 284 705 24 1381 -69 -186 598 60 24 367 696 -55 -35 -517 -488 1109 -480 -461 375 -401 -264 -1086 459 490 -377 -90 -199 13 863 -348 519 280 -204 -478 72 -81 174 -822 -20 309 -515 660 -448 -274 229 -758 -308 306 343 -469 238 -1566 167 293 344 -585 534 -337 -814 -875 -654 66 -697 203 28 -147 -40 -227 346 165 891 -524 -85 -261 -1200 90 -52 -134 1266 -236 310 -52 32 823 271 160 790 232 325 -433 -890 -109 -179 113 22 205 368 -56 465 -367 818 -813 -72 -76 -679 -646 -620 -90 -2444 1233 572 505 370 18 -712 -91 -892 -332 -111 -617 -325 740 228 -345 -601 -675 -1 -819 -163 539 334 506 520 1250 -260 227 308 -346 -816 -370 124 178 1162 -372 -780 -327 -517 735 4 504 250 -95 -750 -566 819 -376 -138 -475 321 -634 -833 259 -1201 395 -746 -571 -866 629 1164 -283 -625 -441 -1161 466 -544 -79 -406 -1274 -18 95 11 414 100 -138 555 439 -1021 1044
-464 -59 -384 -598 272 -654 -37 -207 -688 -970 -1270 1057 -701 -442 329 -50 -723 -672 -437 564 -1685 859 -991 1060 61 -703 -279 -523 -429 -240 -334 176 567 -663 -637 946 392 267 -398 -127 239 -255 1216 118 498 53 -226 1246 163 1195 139 565 1168 -745 -136 -552 889 -285 42 806 -453 60 -52 141 -297 288 767 55 -845 -434 298 -907 -1263 367 -1549 -344 -726 -391 216 -1069 703 -921 367 49 353 -918 138 -214 517 1121 8 -607 515 1140 363 193 -345 -99 -78 680 426 -609 -269 -801 -1170 710 -681 -440 948 -35 165 -779 447 274 -637 -55 -188 -9 611 1034 -1554 -326 -269 675 -501 405 -893 330 -780 410 -529 630 -95 539 319 93 710 341 -403 709 -702 78 281 1082 567 317 335 17 -496 550 1294 1570 1513 -457 -432 -83 -396 -913 -292 490 646 365 876 332 171 16 15 101 -437 702 -578 -446 -858 620 544 -1521 754 -81 -378 -457 -548 -246 -533 -457 243 -46 997 -35 334 -28 81 418 245 643 -1069 1484 580 -22 113 869 -818 381 -800 -529 -916 183 1024 -203 -773 -142 192 -672 1035 -386 -28 -317 -351 -387 -90 -473 -332 136 -929 -477 -577 518 -887 357 97 287 342 -494 967 136 567 38 7 456 -454 -431 778 -395 116 -99 141 372 21 -1326 529 -46 -19 -582 1123 -572 -1117 -28 802 -262 -1491 -1030 -10 -770 369 -654 -63 438 671 489 282 -685 453 682 -155 628 -623 -439 929 430 -705 353 -530 -254 -837 359 1077 604 -1138 -218 497 891 536 -42 -399 -897 -77 328 276 642 -770 -38 -843 472 -146 -377 -34 218 485 -236 -377 523 194 -1228 -698 -100 -613 452 433 -1294 189 212 -524 -59 470 -644 697 -81 876 95 -238 -68 199 171 178 -192 -162 1130 562 -11 -446 -412 349 -191 -1006 77 -223 -1620 -1397 427 -180 -543 -1029 612 345 -1091 -166 -1125 -1263 445 -328 -72 902 -486 -1316 -813 -169 676 -650 4 1053 902 -127 -557 395 -248 -575 -764 412 -1285 1567 -25 -816 1305 971 -133 -530 20 -892 71 -378 -245 -341 -310 1227 -419 -958 -341 -589 -223 481 180
-264 -1283 -264 888 16 -320 748 244 110 546 -385 -130 977 -519 -604 589 163 -503 62 26 -36 -209 -496 186 -334 -102 -638 -102 -176 -398 999 -277 538 -1104 554 562 589 447 -287 1125 552 80 -1186 -180 442 -121 524 -340 -252 92 260 377 220 662 477 -1117 -271 230 -892 -117 32 -317 475 -16 669 -616 -253 787 -63 633 498 -200 -400 649 691 -808 68 -204 315 -956 365 -569 -94 -197 -536 247 -624 -221 196 421 152 355 -4 735 228 -146 152 -319 129 144 -240 -347 -100 -641 -119 176 -771 -409 -153 -256 -331 -790 752 -123 -372 -339 376 124 657 803 145 -249 -27 363 376 -50 886 -272 644 245 63 71 41 -998 -290 46 51 -453 -137 -106 -320 -1113 -807 22 -552 132 -232 336 -494 777 -139 -1021 -454 485 -863 -40 262 136 -1023 -104 -134 -377 -173 280 115 -826 -454 -582 397 -715 608 556 175 340 -647 -816 -627 -363 687 -369 419 -258 -344 -304 -642 -1066 265 -505 -1406 422 -175 -830 629 655 400 -1172 -296 -444 -623 -186 -247 978 475 293 -460 562 -675 -815 320 1929 106 -290 2 -22 -758 -317 -794 -902 -1431 101 -502 165 -88 349 86 312 -15 306 134 822 -715 699 417 -568 -383 -111 -131 -557 -293 -100 -684 400 128 -280 -850 28 -252 -1063 261 -630 539 247 331 507 264 48 657 -158 999 822 -588 -370 -282 -129 -973 -205 -843 -606 1031 -279 776 -167 -122 553 631 -5 922 294 -620 894 576 437 -1435 203 -71 463 -120 213 -267 97 -368 1121 920 717 -168 615 157 -102 471 379 48 -342 492 -848 484 571 -69 -549 399 -322 -1039 -907 -1203 219 1746 1199 341 -170 -167 755 893 591 -224 -764 1057 -501 1388 96 595 -8 574 -253 508 935 -271 1085 -589 602 -908 -338 -135 101 -725 -473 249 -587 155 647 -223 467 -1078 841 426 -654 132 -588 -708 -413 -1370 -170 479 -479 -340 644 649 234 967 220 -48 -1046 -476 295 494 -1094 -1067 -333 -946 1215 589 792 353 112 -305 48 -220 -964 35 -758 -882 -158 763 -988 763 34 876 -942 160 -426 -107 -721
-258 -399 1301 138 815 -845 -509 127 -625 387 388 -372 -1041 260 65 -165 709 686 -415 860 451 -476 0 156 -631 -1394 10 -10 -814 844 -284 292 -395 91 523 -83 -366 -709 916 -47 -339 -798 506 760 -1033 -362 932 -265 242 -1091 -215 -460 -75 211 139 -50 562 -851 182 43 -532 557 94 689 -274 643 -668 497 -314 -449 918 -1217 -301 -352 851 143 400 1248 79 155 -170 1318 107 -1697 -1036 206 -69 64 -869 300 -204 -1565 -71 -363 -394 272 27 19 -62 906 383 942 -471 702 169 496 327 122 -642 -241 -672 -405 591 -452 -868 -770 123 113 599 327 -347 -847 -55 325 -69 463 450 1562 -1119 381 373 -325 474 412 1064 -228 -641 -164 114 -700 -1034 313 -297 -89 14 -426 107 -27 -1475 -803 753 303 -170 -20 -662 -244 774 180 952 523 -780 105 1607 1058 329 -531 -17 -505 -381 711 47 68 -105 722 -191 -455 189 3 855 -319 574 -654 800 612 519 -458 246 68 -18 111 94 -1150 -508 -121 1062 603 -376 -1099 -152 613 -829 734 -936 -730 -211 70 -295 -325 106 -197 157 -331 206 -727 692 154 28 -809 -1119 -276 -511 1756 -1137 -589 -145 -666 285 -503 140 -257 891 -1067 -637 -356 -1567 -277 969 -200 -630 24 -134 -720 300 -929 -205 361 818 -499 -194 116 -935 -695 357 180 1170 346 402 -735 -758 -194 -82 1172 -58 241 6 55 574 546 1087 -652 359 6 -387 -116 -239 -169 -1066 -398 -330 -116 -839 504 317 949 689 -409 562 1066 -1191 544 122 -154 458 -84 1316 -1678 1027 365 -701 -12 -71 809 -244 -45 327 -411 -43 11 -166 -1449 54 -257 -119 -323 403 -414 -1082 -118 342 208 -708 -42 -709 -701 -38 -759 91 651 -377 -651 382 -602 731 -457 329 291 911 732 150 263 9 113 -637 -822 -1392 -36 -833 116 -887 -724 -78 -770 -752 389 59 -461 -159 135 363 34 586 -55 562 -289 -283 113 -220 -257 -329 -492 -337 620 -555 223 -726 245 -376 -287 211 130 -111 942 -445 -885 478 -932 -82 -622 13 591 -117 820 239 922 -1639 3 86 -49 -16 558
570 545 649 -292 -262 349 209 -181 416 -499 270 -116 273 1028 589 -784 12 262 407 -647 -848 -5 915 -73 -412 28 143 -633 -114 612 -166 789 -73 190 1040 801 311 -427 254 -686 593 429 -487 468 -8 -538 -286 -575 313 831 110 -269 406 -166 103 973 -100 271 741 -475 353 -371 537 -288 -629 579 -474 265 11 255 750 -792 -254 46 1266 -164 -1141 -72 -460 898 485 -158 -63 -116 -808 -497 -843 77 692 -631 -168 796 596 -45 489 197 -723 622 1426 -557 100 338 -422 158 -602 523 257 -181 -271 1166 -959 897 -434 658 775 563 114 -908 91 288 -254 -232 -398 272 -856 386 -8 -17 -579 436 948 976 -290 -6 -396 711 -290 -43 1293 1266 -761 194 145 386 -6 -484 108 437 164 508 -508 -711 -347 376 6 -549 864 79 771 -506 141 979 301 242 1045 503 -650 -106 -323 -562 -547 1047 -328 -324 -573 76 307 208 76 -63 91 271 -1471 1295 444 -573 772 -1060 40 781 -183 824 159 421 -29 288 162 289 -117 -1016 -56 1613 332 753 -133 1279 -468 359 -57 266 -340 309 -602 456 -5 -56 156 -50 590 -403 207 -50 -209 -296 261 -253 51 1089 575 -68 222 925 -54 1164 112 -43 704 1226 27 -790 500 -171 769 785 -744 194 485 -225 -576 -148 40 -366 -1446 529 86 99 609 -936 -110 -1659 -214 224 244 -147 50 -991 708 -442 -120 80 521 900 421 456 -493 -327 -15 343 -360 726 -742 -1080 -318 -545 48 -609 -331 204 862 840 -152 -1138 700 -202 715 -456 471 499 -597 -1431 -863 729 -48 97 283 -551 375 -510 -541 -505 -48 -909 1811 -611 709 -290 111 -585 573 893 -285 848 -466 341 -630 -364 683 0 -1151 436 -5 -732 -324 582 -580 303 -1065 224 -27 -992 -1865 813 240 559 666 -686 -1571 -703 -22 -32 -868 -562 -352 -764 840 -815 -854 -393 849 -460 800 816 47 122 -723 -504 634 -111 -420 199 -354 -346 239 340 104 95 -1106 -89 797 499 406 -120 -694 1314 -488 1350 1200 -859 -573 133 175 740 721 -604 56 -815 58 -1001 105 68
-756 405 184 998 58 -303 -414 -349 23 -17 -1085 1219 -112 -20 518 -354 369 232 -245 -40 1434 43 -455 1032 -742 375 456 -1200 -236 207 193 764 10 623 -809 -703 205 -846 -1097 735 -516 168 -968 -552 1026 -548 -416 588 -1081 1011 642 -60 111 472 -295 -1242 561 -942 -138 -253 -427 -130 -847 510 -1067 -253 -1031 -8 -83 -689 960 170 529 -205 135 253 166 1497 -852 19 -169 454 954 -523 -439 967 78 -368 518 -57 -97 239 1459 -343 402 -187 -726 -141 184 1183 -831 -306 -735 -273 -692 -751 -176 -987 -67 -1284 -997 16 528 -380 344 -459 -1090 -703 -59 956 -39 30 98 -61 -1304 31 1051 -1215 281 -297 -1033 132 504 714 312 798 230 -381 584 384 -473 1292 491 245 1107 1103 -1070 -682 -483 418 -213 98 -1136 -279 771 889 -851 366 -672 -700 -961 -136 779 -1626 443 -203 -149 -175 98 501 -563 -647 -98 -488 754 186 -330 -758 906 599 -15 -255 -388 -1284 16 -942 -1067 -29 915 375 964 381 -166 -392 112 337 675 -61 456 -78 -129 -321 -466 736 656 -451 187 -449 -632 654 143 792 -349 -1250 63 560 327 217 -838 -175 -872 -233 274 356 1280 -12 -431 -573 1 -969 -846 508 1143 -300 -226 -224 590 -561 63 420 91 47 -286 304 -117 810 1076 -385 656 762 366 538 233 646 -45 -925 883 -401 -455 -939 -187 417 479 -213 1 351 207 -200 1521 224 -86 -1356 -962 -81 -409 -1024 725 -102 -594 1337 -147 -36 -213 131 351 846 -149 258 510 404 671 839 427 428 796 -387 717 -145 -301 -80 222 1073 -742 194 -359 276 262 48 451 -206 -1161 12 -303 -86 321 349 273 -47 -475 75 -172 120 6 -642 -74 -832 541 -445 -1023 -545 -1065 805 -882 409 465 -256 -362 955 -552 77 -882 -196 -622 -417 104 -567 -7 114 5 911 -327 1362 317 34 -274 699 118 -305 -1348 331 462 647 -787 666 261 -683 500 -1002 -127 647 317 -362 -365 458 -873 201 -178 -787 -148 1074 158 -69 215 -848 314 -537 -832 100 -483 172 663 -643 1092 285 -203 -385 -416 -298 764 464
432 245 192 -1213 1034 -798 -348 -478 -266 198 -1146 561 -929 -804 -680 -145 -182 868 -100 -54 377 715 692 234 -215 -452 125 748 583 -158 -1105 846 724 -195 412 498 637 242 520 278 1061 325 -506 -772 590 882 -542 1140 -113 -117 125 237 485 -232 425 372 56 -668 -686 -1135 666 -218 1006 -508 352 -642 -165 -565 -173 -119 15 -473 803 -1296 468 -124 -1281 369 -526 599 405 -123 582 -282 617 -806 141 494 -579 245 133 613 -400 424 -630 602 -656 -8 39 -435 -72 367 270 517 -665 -344 -698 632 470 469 1575 119 712 12 -336 -795 358 395 410 663 365 993 329 979 1073 814 402 16 -11 137 -198 504 -657 -527 -1184 -45 -434 675 395 723 -124 136 -935 -137 1385 350 -538 117 127 141 504 -304 808 -135 -542 455 -697 -672 67 -481 -576 601 359 346 -601 619 -840 555 -176 -234 -36 657 707 259 178 -314 651 1387 642 160 -215 139 -162 803 -98 -351 -113 293 -207 -10 703 -742 911 606 296 -719 -275 400 -558 137 -215 183 154 -731 50 668 -783 337 -349 -796 -176 -46 939 1289 174 1185 -917 351 -603 691 853 -64 -1480 -223 229 65 -872 828 -173 -503 -715 873 240 271 22 -150 1160 -58 -338 -507 -1799 -48 372 80 1454 530 75 -168 -1134 -430 -930 -92 -468 459 -1 -245 7 -596 -621 1221 465 -1335 -553 632 458 -254 -229 -592 -241 175 108 788 -286 -1131 64 -283 -501 1514 -173 785 -900 -649 168 58 106 457 -2 45 181 -21 -147 -292 374 -55 562 -13 734 -83 -672 865 530 -1326 -579 1339 -276 -205 -526 -350 11 -198 876 1281 -534 788 -53 -1436 384 462 -175 -42 611 -318 -317 -68 111 -352 349 762 493 711 -1053 333 1888 -709 1113 -96 -58 1167 -808 -26 815 432 639 -244 36 -517 369 1288 -177 -201 405 -191 415 -341 -317 349 -826 -272 252 -1862 282 907 309 -489 364 -513 -503 -60 -671 69 -239 130 -455 -69 -440 820 356 358 -452 -847 322 954 -317 575 -46 -375 126 -263 -1333 309 -493 107 104 -154 -1127 -130 -631 -947 -113 832
-1237 -123 -77 -737 674 155 799 -118 -528 -688 92 135 1353 149 -220 211 319 1216 -291 -363 285 -1532 -1220 464 -196 545 751 222 -934 993 204 209 -957 89 98 297 -326 483 603 -157 -479 -452 -613 -285 402 650 -618 -807 458 -522 178 1425 -659 169 562 -207 174 -506 -214 -59 -796 33 -181 630 155 -206 -1150 -318 655 88 840 65 172 240 -462 -229 103 -728 744 -305 -157 6 -107 495 -288 -100 -199 8 348 133 -338 475 -606 -505 739 129 -431 -821 659 19 -515 -1078 -143 -795 385 -997 -825 272 -105 -921 57 603 -145 -457 108 -233 237 -110 948 131 -349 607 -55 -6 465 711 565 -766 -883 695 482 197 256 -229 132 889 342 433 -267 228 -498 819 -810 40 139 -169 150 -776 289 -167 204 -740 -495 -502 975 -576 220 -771 294 -218 -809 1381 583 -778 -209 -277 630 311 915 814 477 -415 426 9 308 -935 482 -342 6 -302 2 130 -8 214 303 -586 -153 227 464 -559 390 388 -152 -649 -287 -705 -746 799 -228 -266 -890 -222 -70 577 -546 406 -384 166 -717 -78 838 651 -361 -369 271 -768 -166 -514 200 -674 231 -173 -71 -279 124 301 980 -630 -227 -455 -777 672 -3 -305 -714 1185 6 -29 -137 192 806 722 -456 185 75 -708 -190 -440 1166 43 -202 333 147 104 869 -326 -262 98 296 254 -126 676 928 -201 -16 -940 431 83 -356 -223 -710 230 -1133 563 381 -1916 832 -22 -34 -133 -811 -768 -52 -889 1135 282 -974 -493 9 -512 369 123 -244 -1101 858 401 378 -1340 -568 -231 1483 504 1591 -355 1322 -31 -283 1298 -1068 -133 172 -142 220 57 -226 -282 -96 482 10 -944 216 -58 130 177 271 405 -425 -772 -683 340 -238 204 -693 288 333 439 439 719 -996 -354 1638 553 922 -988 166 -707 792 285 -76 -156 1031 463 629 342 -158 211 -118 882 1637 114 -498 -369 -282 -203 12 -931 642 295 -46 -855 -460 160 -434 -1022 513 -509 -1477 52 -276 -139 -42 -145 331 -583 -842 632 -114 -167 614 -93 -38 -815 -764 -212 1598 -106 -1067 441 -587 1125
-842 -162 215 120 804 137 954 446 -682 405 -286 -402 45 -59 -734 1080 -192 31 -102 350 -1 565 1300 -578 1372 639 -430 -374 940 -248 174 1368 1168 48 1061 336 -450 -1022 -226 -317 -1416 561 269 466 284 -211 -570 1054 174 977 170 -441 881 119 -482 872 577 -13 -487 63 320 243 802 30 326 425 586 -90 611 103 -420 302 216 -606 523 -380 -1041 -789 116 752 382 385 292 -322 102 135 -120 -802 821 395 967 -329 887 404 -539 -577 179 -177 -3 -58 -1183 225 201 -292 888 -158 -75 905 -303 386 886 198 -53 1018 782 -94 -632 375 -7 131 -1027 522 300 116 10 -588 420 422 1069 248 -982 1390 1160 75 487 1623 59 -1011 -678 1068 -269 255 -405 238 41 188 78 -150 66 752 802 -206 613 -220 -10 -187 -326 -524 520 -279 -396 -487 8 1247 -477 312 400 408 939 620 -853 -55 -16 -929 938 684 183 -479 -235 231 -190 1191 -28 1331 -981 142 -990 1056 -713 401 377 675 386 225 -68 -606 -348 -905 -660 238 195 75 235 200 232 -921 565 473 128 -511 1217 -152 892 268 355 1231 520 82 -392 -843 -441 239 -351 369 -313 -740 -326 -465 428 -338 795 -702 264 -543 -261 57 -196 83 394 825 -323 50 -161 -419 -649 637 -1304 497 -628 710 911 1052 -638 -842 -190 -124 20 -265 -754 -1047 -173 -773 -412 -409 -534 531 1583 -109 -550 137 834 -218 256 228 -23 259 92 -463 -199 701 -375 -80 -781 -180 -63 67 513 -814 677 -502 301 424 -237 -1173 221 -705 -391 398 -843 125 1151 -82 -1049 540 668 -530 -224 450 555 -655 -431 428 538 -603 -480 124 -486 -253 -383 -597 475 -208 -117 -638 37 528 -315 -104 -140 -1967 316 -582 436 127 561 537 1086 -801 -1037 579 -220 21 749 -334 -640 78 -298 194 -37 788 -477 -686 274 271 260 -534 210 438 -292 -1162 490 -565 507 -910 40 405 591 189 -344 -166 -1083 424 850 -180 444 -340 492 -381 -1157 -340 -220 -98 751 226 -1543 812 476 -298 -14 -157 -527 772 107 -538 170 243 -447 60 1180 642
1083 386 -606 345 -364 -332 -238 -477 130 -328 -1216 365 -643 60 -13 710 370 283 -98 -353 339 309 -153 -334 -563 -452 237 -733 82 -694 170 906 -453 -434 -742 274 -18 -734 -126 -207 868 -775 308 -147 -404 433 -551 14 -725 79 387 -292 76 562 -274 -162 1347 -618 680 -635 -773 290 1016 168 77 -345 -118 -307 150 177 224 -989 694 -105 635 -253 -308 503 -886 -260 257 32 -522 533 448 480 -771 422 188 327 -45 -465 213 471 689 -123 525 539 950 504 213 -142 454 447 -119 304 -635 -981 694 -138 -1250 1424 168 675 34 68 211 -163 -1053 -755 355 602 609 -890 426 340 -647 -442 -115 -548 305 282 -281 -292 49 643 328 533 37 1439 263 206 -274 1434 493 546 -218 -391 -715 -43 1169 -40 10 543 74 -112 -792 -444 564 -306 -436 412 318 754 -393 63 23 20 42 144 -281 79 -642 -160 189 -81 385 105 -188 827 -361 107 -692 -188 -53 37 527 1695 -113 514 -462 512 -121 -641 617 -848 82 790 569 315 -1458 491 344 -935 -39 -693 467 -195 183 115 -81 -831 -400 491 -74 457 -1941 -1128 423 -47 -1248 -646 506 -133 759 115 -1060 86 615 -1902 33 -1075 332 698 158 1061 1222 -116 -795 -1398 -760 -892 -587 -946 -148 39 1314 282 779 -44 300 745 574 62 -894 454 180 609 368 437 -538 347 435 -417 633 -171 -239 532 170 -297 387 -22 -86 -175 -593 -1047 1100 530 435 86 -139 391 76 -44 1155 -668 -831 183 305 87 356 -354 -243 451 489 1055 -27 970 -1022 -693 -259 -405 -578 -697 871 377 -1111 -378 -254 425 -1068 242 718 -459 -230 -86 -167 -638 468 175 204 844 -651 832 -448 -463 -184 -259 668 -20 -1271 331 84 1050 -109 -300 261 469 403 97 -190 656 -241 567 -359 591 302 225 -368 28 -707 334 -564 -516 -856 -166 395 573 -954 -1100 -886 519 257 -70 0 995 -74 328 -459 94 626 553 -413 1494 110 218 -805 203 777 -618 464 293 -44 625 401 517 -882 -591 -42 599 171 479 201 -150 1141 847 99 878 -88 -293
-94 -346 -168 17 313 -409 -494 -330 -944 115 -138 879 327 -1135 -61 533 -196 -52 555 -215 -397 283 534 1106 -693 -735 1265 22 737 1058 -9 -636 -250 -681 -331 383 -684 -373 151 -156 185 -598 -578 -542 -262 22 -523 75 -930 643 876 508 465 -2105 -314 -850 -416 -172 -362 -51 224 602 1359 -706 -135 -380 -660 752 -610 140 -101 -271 79 -270 -358 -157 -426 -226 -970 66 580 -893 4 299 -314 491 270 151 809 -464 -412 131 -15 644 -893 -206 -2 469 97 550 -783 758 -458 61 229 710 563 71 292 324 16 -824 908 207 -1007 -397 233 87 -166 -1442 -365 129 -393 -166 119 -431 -132 737 -594 427 -188 -154 -983 777 -114 155 212 -93 119 -364 -403 -926 761 351 -179 -297 17 820 -1136 590 -742 -282 503 321 454 781 565 -880 -322 29 364 -800 574 181 -1325 1695 573 -962 -1802 -84 -966 295 -395 521 -751 -428 -497 996 293 374 304 540 284 605 830 -294 712 -1141 51 -276 284 134 -530 -138 -708 -214 -202 22 254 -535 -129 487 -841 -272 -831 568 104 569 304 -474 866 -53 -117 -110 -1025 667 -82 -128 -325 411 -531 598 832 -208 508 -983 -439 414 851 36 132 481 -544 1070 681 567 414 126 -449 -1557 144 -719 -1051 469 -355 361 -383 -400 -23 1542 -266 -1104 -354 -169 -212 -10 53 -276 227 -224 737 186 -400 -303 528 -34 -1002 423 -533 214 349 1688 444 -179 467 75 -545 414 -412 -129 63 375 -485 -260 -1829 766 -611 704 469 -178 -298 161 319 -1012 577 375 220 448 153 185 -584 452 204 17 -547 79 -17 -298 901 514 -531 -272 408 503 376 -602 625 -20 -277 770 29 604 689 -329 113 332 432 135 -703 -255 -502 169 157 -114 -249 -375 800 -514 28 27 529 388 -218 -937 -208 631 -1043 -426 -645 105 661 -727 -292 -1065 -1741 135 -787 38 -272 232 -427 -836 10 113 -512 899 -203 -128 142 -204 -84 -730 -378 -73 -318 -580 981 -119 -221 -1163 -287 1153 -878 418 -484 1116 370 -160 169 -570 -913 589 340 -498 -777 -424 -24 -348 152 107
-418 -322 245 -527 931 -87 -403 -1249 -336 336 909 587 -637 1270 -771 902 344 357 -287 55 769 516 -901 149 -562 -283 -858 -904 -432 97 -211 -779 -371 127 -495 680 -383 174 -31 -290 545 -35 1 859 473 197 -408 321 614 -384 -381 455 -364 -524 -400 -501 -368 49 306 -377 1142 659 -588 862 1557 -539 -202 -20 1042 520 -350 -112 -791 1105 -176 -345 -827 475 -147 454 80 -260 818 976 -110 -30 -257 -945 -584 675 606 -816 534 -191 -795 13 -818 -595 653 -37 -372 1066 -410 -2 439 -80 -781 -42 113 640 -78 -206 -724 -374 -1395 369 -365 -353 -207 121 691 -168 -987 357 -589 1135 536 579 141 479 -111 -1056 37 1353 136 389 -485 -243 -64 286 285 1469 71 192 -70 -1007 -651 148 -572 -1179 1133 744 -254 -212 88 -471 -1190 832 134 -389 1088 -1310 654 583 417 -1265 818 459 -413 -395 -467 -369 -451 -178 -197 -335 -543 -150 182 -436 -268 -2019 -750 -422 416 3 165 -715 916 473 692 202 332 86 861 797 -665 -229 215 -589 -533 -649 1701 227 -119 1247 -298 -15 -1100 -14 98 -226 51 775 437 650 72 -168 345 773 -84 50 471 -477 299 1021 110 760 -634 585 257 -297 -254 -837 1218 -1133 -520 1491 -250 570 -327 637 467 196 -205 222 -255 562 -260 -831 -697 468 -400 -36 -300 -123 -712 23 -142 -431 -27 -240 47 -864 448 -464 -92 -415 -90 211 -771 1474 582 980 208 -256 796 127 -2 -938 126 -600 -68 -279 209 -1151 256 869 -171 -233 -101 705 585 -151 -593 304 379 -517 479 65 1138 376 155 -102 -848 252 542 931 -103 533 -104 697 789 1895 -1019 778 -462 -368 -728 40 1030 324 -489 885 -79 -1069 -691 -1121 -249 -761 -111 679 373 484 -782 -660 117 622 -510 -509 692 -51 951 -111 -273 -812 -451 -411 721 382 -629 626 353 -314 -187 -360 -533 -988 -601 613 838 358 -1036 -280 -101 -1098 -355 -149 -775 -23 527 341 -455 -21 198 220 361 1399 -549 -397 124 -400 -609 98 229 229 -42 612 305 -41 -60 -238 82 -700 467 15 436 -1206 -743 866
74 109 555 -295 349 -263 -211 103 -44 714 -1199 -196 87 -96 421 60 321 503 525 28 -475 -618 932 118 191 31 72 -1035 -551 -644 556 -186 -259 -419 -488 -193 -382 -231 489 -348 -237 -120 1245 -863 -278 -687 112 -312 -1391 592 -27 -419 660 315 -81 -640 291 -450 545 -792 -84 -686 1078 426 277 1188 589 -309 119 206 -733 -360 244 454 187 -141 612 560 -500 158 -156 -815 -561 -22 -220 739 423 148 867 394 847 -286 582 -315 1368 -890 -511 109 -536 9 -423 -1187 -867 681 376 -155 218 849 -731 258 43 1183 368 679 330 -8 286 -195 890 801 -18 357 -77 868 335 448 -976 -833 130 763 -110 724 -910 161 306 894 90 -297 -858 199 749 442 -1019 -231 766 495 497 189 -198 1701 530 -886 440 -320 -370 599 -831 -344 -508 -485 152 592 139 -132 -172 -212 344 278 541 -1372 -856 -1024 478 917 -1071 -145 -403 -193 200 330 -1026 110 -409 -304 -873 -79 -128 318 14 604 -332 -145 -28 -1332 -128 -1138 963 195 -237 -105 -19 625 -608 559 438 -642 478 624 934 -537 632 -571 629 1126 1059 657 559 357 1803 240 -462 -161 -117 -807 458 219 -711 -647 -740 -932 -272 -726 49 -1342 533 337 207 -36 632 -420 603 714 464 -514 694 -611 569 301 479 358 154 -769 -95 50 -388 1038 -203 207 338 -194 -813 -1084 -14 -535 -674 235 128 1895 618 -320 392 -191 -531 448 -546 286 -519 -515 737 -8 432 -312 -646 -647 629 -971 -209 -1022 -123 -197 10 13 -354 43 386 718 550 1028 315 -435 237 -891 -747 340 -596 -632 128 -566 -1083 -221 -878 -73 337 -1075 -1078 -89 26 1132 437 303 638 94 511 237 -1056 -151 60 304 378 165 272 -1 -567 1410 98 591 402 176 -106 1537 676 -827 700 -462 1053 -238 921 -563 -1287 -655 177 31 -644 452 -628 879 -584 -1046 365 290 583 252 -843 -154 665 69 27 641 280 533 -459 352 -20 -506 13 1131 -98 -209 724 264 -5 35 886 669 381 521 -367 -817 -228 48 -688 -24 -46 814 1585 188 -158 224 741 -232
25 179 943 -1325 -300 -702 1122 179 90 520 631 -1633 1435 -133 -206 32 -236 186 -18 -774 514 -588 -1774 253 171 -757 -45 -3 -463 -75 -729 -184 151 239 -635 1130 -201 -193 -95 -678 232 -351 -139 76 1038 264 -11 -760 274 -399 -15 554 -1562 148 654 566 -215 927 409 -196 -958 655 400 -275 -800 -1152 -639 1049 176 -12 659 260 232 -1597 562 -175 -394 322 253 653 69 145 1620 -146 55 -314 808 -332 39 -1257 -365 982 73 -4 -300 -135 -1153 -1745 -404 644 -609 -14 258 -427 -528 -566 556 -190 27 -413 498 159 53 -741 535 -453 -73 359 -742 639 838 -45 767 -315 13 -615 383 65 728 -324 -840 110 499 -287 257 -612 -981 -236 -479 -219 -1075 -858 472 -4 45 580 -408 977 -1268 -894 1525 -212 -443 628 238 -224 457 -37 -528 -3 144 -159 225 -455 1027 -27 -148 812 -479 279 753 369 -251 -358 287 63 84 810 -550 363 -19 765 -374 639 -208 -494 1051 -1565 -803 331 776 841 -314 1179 -293 196 -510 743 722 1920 -71 -558 -534 -84 15 -795 -56 333 -1259 256 -390 10 -95 -994 142 1005 336 207 -12 257 1 853 -576 338 321 837 691 34 -272 -215 -106 329 890 204 -112 384 -315 874 624 -765 -1211 410 437 543 -479 -14 242 449 745 -78 -98 -25 149 249 183 -505 581 641 -26 -110 248 528 482 -766 -186 694 -199 546 -322 -767 -209 143 -1031 -949 420 -285 -317 626 -216 234 -911 -756 -176 -450 -327 348 -1119 3 275 290 2 286 -891 -115 387 944 -163 -843 -910 32 -709 1293 374 155 451 -103 -387 65 588 402 -185 -225 -332 1011 -167 -192 969 688 -615 762 117 -137 880 -244 -1497 -286 713 557 -344 754 -416 1136 149 573 779 -1079 -1113 738 439 518 -466 -698 -151 -565 -392 -812 537 -210 -840 4 951 -38 -156 118 -589 1122 -1193 -101 295 349 150 -387 -776 -366 95 334 404 -1662 -250 -11 986 207 -143 292 -1974 -1710 386 -36 -25 -387 125 -1184 -330 217 437 119 -313 -1048 552 -313 -722 -286 -772 -168 162 -342 -89 -485 -45 -47
44 -149 991 369 953 -839 148 -298 -339 -274 241 457 -911 680 515 -792 1667 586 -124 419 -958 410 -567 -366 -189 286 614 -1248 -284 -1058 69 126 -442 1483 -329 -1265 -689 379 739 -193 262 916 104 615 -62 -1095 -93 -119 887 -110 -722 487 1212 -303 396 46 686 -570 -417 401 485 339 -608 -681 627 46 1000 -450 222 763 40 506 -276 563 33 -836 -295 527 330 -384 41 -839 -660 -674 216 -945 -410 -955 31 149 1079 1341 -1230 194 92 841 -272 286 425 -143 942 -1071 573 1125 176 1344 127 107 640 59 50 -1082 556 -172 368 -99 154 23 31 877 231 596 -1044 -304 518 -73 292 103 302 -536 549 -440 425 704 -578 257 374 -258 -273 -449 -985 843 47 337 -252 384 -90 -117 502 460 -458 -342 -390 -679 -807 -210 -558 -530 128 -473 -426 846 55 735 753 22 745 606 -231 -1045 -2101 441 -360 1069 -195 -1252 439 937 437 679 -374 571 846 685 212 1100 58 316 673 -461 -426 40 -501 -325 618 192 327 114 -102 393 -977 85 45 81 750 -201 -308 -127 117 -95 -451 -1025 138 -337 99 211 13 75 -510 420 -63 138 -688 203 68 -353 -585 44 -1040 -242 143 826 -248 555 -1341 -288 91 -1228 -720 254 205 -283 659 -92 -619 -627 -287 -733 -413 951 687 5 304 953 -182 -664 763 -426 696 -768 117 990 -706 141 871 685 -352 280 251 -87 1071 360 -88 -8 -775 614 -860 -82 -59 1077 262 37 -548 -494 647 866 676 -588 -559 760 -1376 277 329 46 153 85 313 -589 -276 970 561 -1453 61 -824 -260 261 491 414 -674 -87 1 -219 147 -80 227 92 577 725 -163 432 -236 -621 -100 -30 1336 -905 655 -30 961 734 733 -740 133 -233 -280 -193 -1382 -862 454 97 186 -143 950 -263 616 183 -865 -630 -27 -604 608 -528 -750 593 -748 382 46 -149 717 589 385 -370 -38 -494 53 856 141 63 1374 450 113 23 132 -60 702 567 234 -242 11 322 175 -460 157 25 -1668 -771 139 -291 442 162 -282 -160 -549 878 615 56 95 -135 410 -56
433 1101 465 -323 -111 990 -913 -76 0 -125 429 -426 488 -2179 59 -120 -89 -285 -270 33 -791 -684 283 417 -1057 63 323 453 -53 1070 951 1093 -285 -79 -119 -1532 228 -423 356 -204 -963 -341 215 -916 1110 -306 -504 -480 -174 1 -350 308 44 619 151 -212 218 139 -192 132 -146 363 -1325 368 283 -458 324 394 14 -512 306 -1608 38 -67 -1165 -818 -277 359 259 -178 501 121 361 -467 22 243 211 30 -1281 661 -460 -190 555 -620 29 404 -305 999 179 -750 -139 795 -932 1442 193 347 570 -323 -757 -650 -205 1058 973 -1663 428 314 -561 986 626 -172 -574 758 696 -98 -363 1167 -385 -65 -691 -1757 -986 -344 54 105 -1435 645 23 1028 709 -611 6 -127 1029 841 -98 1166 234 -610 -155 -787 -484 419 -212 -167 469 -300 16 596 -60 392 -230 -461 -386 -371 -80 -486 -395 527 64 -34 979 -602 -391 -502 -319 -1404 295 -63 61 826 -621 196 -81 34 -307 -375 238 813 43 -1383 -705 593 307 -206 789 113 354 974 -21 -985 306 -478 102 -1152 486 36 967 -612 -89 -1329 120 -476 -559 175 1080 -995 741 -887 -115 -312 -1340 1469 -375 14 731 446 467 196 -160 -33 553 1176 -25 931 124 430 927 -356 684 -1137 -55 610 -406 419 147 107 1278 -668 -142 -300 -113 -1068 -331 -403 -348 -155 162 8 -1779 194 -73 200 351 -33 1368 -980 611 -383 -209 -103 -349 -457 -814 490 -257 -1186 407 -336 307 -298 -674 1048 504 -380 84 -269 -812 257 169 1215 -11 -20 -198 195 -855 -190 496 -325 44 273 630 923 301 421 -120 -417 828 148 -483 499 754 1269 481 733 -26 677 979 -231 454 -6 -280 -338 -48 234 -74 -268 819 925 -212 -232 152 438 -209 -21 463 -155 155 796 381 673 -604 54 -58 -290 -424 76 -1516 -876 -275 -797 1159 -288 -801 293 -1106 -815 -580 -89 -3 81 -1372 -238 548 768 396 11 -784 -682 -95 542 556 -418 -3 -936 -184 212 279 -20 -971 336 878 495 315 139 -862 292 -48 3 206 221 -46 -708 -422 -100 582 127 157 235 -132 -895
136 55 214 -548 -287 -96 1521 -177 -359 164 -198 -302 -1765 -427 -655 -90 666 -86 935 -868 802 -345 211 78 -1222 88 -162 247 823 -18 -432 185 -369 -621 -579 -469 -61 -258 -579 -895 -202 -126 421 181 1015 212 -1338 979 1003 593 1115 751 446 -1084 320 -673 353 68 445 -1101 11 -428 -404 1453 745 -522 162 -547 -128 -799 643 175 -344 -298 -119 -187 -865 -841 -417 412 -991 556 -544 -966 -362 329 -61 232 -80 195 -285 -1000 627 -96 -846 885 -1120 -228 -144 974 -559 -962 -333 448 -538 953 984 -143 -636 554 235 491 -81 40 -735 433 -48 8 -1386 -788 -1400 258 -661 28 -131 448 852 332 1562 -850 -384 330 1018 1083 -602 5 -100 -43 137 218 -682 1278 5 -640 345 -94 -131 -326 714 -1008 -305 180 794 -769 140 -172 -116 935 433 97 -54 -17 1002 445 915 -621 -190 392 249 -224 -561 342 -1058 58 710 -781 -1058 160 1009 -574 -495 -21 -696 539 178 670 118 24 -312 -522 -101 12 226 523 -436 -121 749 -979 62 502 646 249 -578 457 -662 -1303 857 241 -636 846 243 1059 641 -103 314 1367 -30 -577 -385 312 443 -580 -513 -768 -109 -208 -115 950 1182 121 309 -1355 793 911 114 -858 -628 -560 467 -126 313 -803 -318 -103 -576 -618 -89 -102 577 353 839 -936 431 -97 -682 -613 -121 -655 -825 -1061 111 32 -27 -611 -163 1277 387 692 598 22 97 -347 -312 -1362 1198 1161 1022 349 -370 148 502 -347 1401 30 -671 -1256 -845 534 135 1311 700 1695 -357 -383 -64 156 659 488 405 -120 -73 510 257 -438 1291 628 381 -644 870 -881 -421 438 148 -288 -426 298 590 -626 -301 1695 -146 959 -517 -533 315 -475 550 805 -763 1029 -177 -190 662 1274 38 -390 1106 1 479 -18 540 -389 -677 -593 -53 -370 -1114 222 -429 19 -438 255 468 614 -1187 509 298 233 157 489 759 -467 -358 113 -389 1148 -290 605 -1002 -120 371 677 -412 616 256 -276 -34 -1616 264 -475 1359 817 488 826 617 299 -31 -155 -42 -127 -619 -758 594 -541 -27 431 968 -580 423 573
-320 1234 226 133 66 -571 -669 -220 163 930 471 -1422 145 364 791 858 -123 -114 -976 390 41 773 -550 953 171 212 -546 462 716 -181 -1609 -121 255 -153 1451 989 -278 969 -755 -449 -97 -407 -420 337 175 -328 209 1391 382 -210 -438 1007 192 -1451 633 685 -450 570 699 604 203 -36 -182 33 -222 -927 -937 47 276 -192 466 -71 -248 -48 1020 270 -594 -387 892 184 -1433 -876 -342 -434 -254 420 926 -225 247 790 -654 -82 -523 -229 -357 376 -268 -237 -439 -28 -394 -147 -684 -418 642 -1895 426 -2 -597 -159 413 -1185 -84 390 -198 -493 221 -737 75 -16 914 59 -130 1272 741 -548 137 1011 415 -403 86 -213 -333 -590 -412 -1 210 360 402 -256 -321 -453 -391 -812 -893 -1374 -593 -346 -690 211 631 -77 -745 -69 -706 -778 347 369 -797 -581 -563 -222 -100 532 244 1075 336 617 -263 -52 -114 268 657 -1119 198 44 -119 40 -1124 1013 1282 1031 -193 182 -397 841 -243 -1033 205 268 -456 -513 -287 -148 453 -757 211 213 -127 186 486 423 -136 268 1312 321 -380 -77 588 743 -277 -193 817 -1086 -477 683 404 -86 213 -288 682 -753 -460 629 -182 1006 -3 527 75 -150 -223 -1212 -988 -409 -831 30 -1596 60 -313 257 344 390 476 566 407 263 -1700 546 653 -151 1239 -227 789 438 42 619 -949 341 497 -526 -135 1130 -307 -1103 -903 726 -767 583 14 446 934 -103 -623 243 -182 853 331 -109 510 -331 -592 659 1535 306 -85 -229 -293 628 445 -122 -1300 -119 40 1511 257 -3 954 -339 -652 190 -516 820 755 51 -912 500 -752 682 -791 -109 116 -881 -979 536 16 -680 435 364 296 300 -315 -230 -114 -529 -372 -108 -136 626 352 178 776 150 423 286 -985 -261 391 -118 -204 -636 -199 363 -530 284 73 1307 -162 418 -1242 1138 -663 -465 -947 782 -809 665 683 -246 23 -754 364 -436 31 259 786 -1521 -978 -56 -1 -415 433 191 2 654 -327 -1904 517 -571 -819 149 137 185 1344 1151 -248 1570 -518 1733 200 -175 273 -93 327 317 363 384 15 579 -587 -406
-602 -64 -141 -488 -400 17 68 -1477 97 1054 992 -136 -200 1188 504 385 -108 -77 613 397 -247 -448 185 826 728 365 415 -31 8 -1064 90 -82 -297 650 -317 -202 453 113 357 -379 -324 -90 213 554 1253 311 23 -166 -513 -75 -393 883 -4 239 -101 636 -1047 297 -767 1047 394 -443 326 -513 -192 -724 690 -708 334 1062 -724 -136 968 -59 85 -59 -1067 -347 -12 -390 -149 -401 625 -674 -84 37 -592 -535 -359 709 -183 -312 139 825 -178 517 76 -295 772 -435 -956 -285 287 1648 -138 183 155 473 955 139 -379 70 511 -524 -40 215 -631 -109 -200 -191 -603 1447 184 900 -534 -551 -646 962 1514 -585 877 -1403 535 -975 104 217 -945 -1003 429 -383 -173 -354 -1252 -80 -242 437 -305 -369 39 13 429 111 -525 173 65 274 360 -91 582 -805 84 132 -1157 -733 -82 316 -427 1122 51 83 -657 -653 -21 670 1167 -352 -619 -207 -1103 -349 -332 77 -192 468 -932 -893 917 604 1072 -198 1011 -234 -468 -1004 576 476 -381 19 650 632 -622 -250 -218 115 -727 -1699 83 -535 89 73 -294 973 347 -949 -668 286 -5 -275 -156 299 -243 -253 71 862 -233 -83 -1277 -1146 -150 -761 -59 -343 -24 442 484 674 -33 -156 81 1144 -307 803 -694 346 346 -318 -829 -681 -564 -1057 -6 -1071 -41 458 139 86 16 579 -493 147 -518 725 247 140 996 68 -50 -111 -537 1252 126 -982 -813 -663 -402 489 359 -712 121 185 -449 933 70 517 649 -93 590 330 -369 -155 -366 -663 439 -56 -172 275 121 188 -390 -738 708 -547 -226 -212 -1301 -391 255 -277 -319 -321 356 1029 -452 841 -220 -64 -320 400 79 912 -30 -1040 148 -187 -525 -82 764 301 -836 854 -131 -409 514 -198 -227 -293 -354 -187 -69 -116 -429 -627 -531 -379 264 -288 216 524 101 -70 -725 -507 -333 434 528 -478 -1113 -547 433 -196 291 242 -367 528 -88 76 -796 -147 99 -1093 964 114 -691 -804 -617 -208 -616 715 -1216 -361 397 -165 193 290 803 727 -468 -28 310 24 549 -16 813 1045 -449 244 146 494 223 61
693 -125 447 -120 6 -703 367 -31 -272 68 901 1053 -931 740 -678 -699 816 610 -290 100 -440 552 -223 -473 -203 1024 216 558 -282 1026 593 669 -1384 64 -982 201 -477 574 -15 682 -446 -747 894 -539 36 -323 207 -305 573 189 172 -538 184 414 455 1032 -413 692 -726 674 -545 77 204 50 510 -273 -244 -425 -295 450 -211 787 -1313 -749 316 -677 95 336 -428 321 216 -361 -395 -1093 -1260 -848 -159 -809 -439 -952 301 152 -633 598 759 -902 115 370 1205 379 966 116 -15 396 41 625 339 22 372 459 -180 830 -804 -564 99 779 542 -298 -499 -657 789 -418 -144 259 744 161 -578 -246 -243 -207 -521 -76 -536 731 -102 -390 -266 491 285 42 -185 246 285 898 -67 -629 953 -40 33 -2151 -286 -320 605 843 13 -573 415 -421 447 -7 747 -539 910 -946 -582 -1111 -149 -558 335 48 381 529 205 159 1007 -321 170 -1034 232 -594 554 -699 -133 74 198 1206 490 -802 -108 760 -278 402 -690 1131 -302 -70 -1141 121 -552 -1390 194 437 -569 155 -31 43 258 -737 501 17 202 804 93 543 -566 -9 170 281 -21 779 -173 -529 87 -157 -800 -67 242 -302 148 -651 -629 102 969 -953 233 40 31 -255 -70 641 942 -673 621 188 -543 87 -61 -234 258 -260 964 -690 171 -848 -964 -555 280 633 414 -384 -93 636 -658 478 -326 -610 -1008 -504 -1 -674 277 -566 551 760 960 -43 -248 102 973 561 287 -80 -4 -310 547 -840 626 318 625 -651 -866 211 195 -200 -26 942 593 -356 601 -427 -549 -340 834 311 -330 688 834 -95 530 -771 -297 119 489 771 739 5 -369 -677 155 -184 290 950 -638 709 -518 -645 366 -777 920 -11 320 47 801 814 185 -2 -472 -944 454 -1409 10 165 97 -568 163 282 553 268 49 -1150 761 -80 78 -676 -273 243 -243 558 6 -172 2 -1060 -738 -1352 870 -1242 -2 -251 -1075 457 -778 92 444 -167 -1331 -736 -440 252 -312 -436 782 167 805 -152 841 952 778 642 -906 -822 611 -471 936 729 -710 -86 -293 -730 349 -394
915 -283 -439 504 -1056 14 -180 -936 -504 -701 -685 -588 -248 576 467 1269 20 754 98 -66 -495 826 -734 -456 -40 -696 -769 -404 233 -393 -129 -516 458 -629 560 -541 511 65 412 -517 410 -835 -20 47 397 -200 -1303 -688 302 -595 143 -648 1224 156 279 609 -303 533 -596 502 109 -33 -351 -773 -140 -310 -26 300 -521 362 -838 -759 479 20 -571 -94 530 -1518 -36 361 67 -17 162 -637 -443 -1073 -1026 -353 -1022 79 25 462 343 -323 169 493 -159 -878 29 252 -131 380 200 -243 -258 -584 -474 850 -463 -603 -284 1123 -555 220 -1061 153 -1119 469 188 378 -242 -614 677 -71 305 646 553 -326 -684 323 126 22 440 34 224 91 84 -129 280 -486 -109 379 108 -544 95 -313 -574 215 249 665 -808 98 595 -1472 -821 -22 110 76 -456 359 -744 -122 -534 -551 -120 1087 -550 151 179 544 401 470 -662 -672 840 303 492 709 277 149 640 -260 -758 -378 -699 515 415 882 876 -556 -79 -959 -440 733 360 20 -537 -315 -565 214 -353 -313 -389 -797 -273 -347 -660 171 -292 -21 874 -527 1167 -587 327 -214 103 992 332 -674 -507 719 -459 -609 -1554 1405 -108 131 1022 696 627 -705 -245 99 713 -933 322 -531 248 815 -795 -529 -475 829 -392 -1385 -601 948 -1211 -282 -550 954 -648 -1250 457 -81 118 -761 -419 1005 -1311 -470 86 548 1122 1201 -263 -148 109 -329 951 -365 46 -1489 367 890 -126 -102 -52 575 763 487 714 -220 62 -1025 184 852 -443 593 297 320 21 1594 -200 337 -1130 -409 371 -29 803 184 -479 483 -210 966 -63 173 893 86 -628 902 -878 -435 297 -302 285 627 663 -452 146 -204 75 -643 709 334 295 913 -581 205 691 -443 1086 541 -181 78 414 -330 391 449 680 282 26 -81 -196 1473 150 599 384 264 643 542 -66 1044 -100 573 -183 -1068 305 -778 -272 -937 911 -318 -162 263 -210 194 494 116 -934 -127 -539 481 662 -231 -986 -976 185 395 667 -304 155 -596 278 -117 139 1006 773 1117 240 -322 271 293 565 -687 -644 -558 582 -615
143 -93 189 -481 -334 -891 805 -1295 405 -680 -380 87 -423 358 548 -977 -140 122 -103 495 368 79 -1084 -533 1203 25 120 -604 -547 551 527 62 110 529 745 547 -520 973 -26 419 540 -986 323 -524 27 1023 705 -205 -344 -516 -1044 -81 175 -69 478 755 411 -9 226 1024 -181 -17 317 1244 556 686 -375 -675 90 846 148 488 55 -1506 272 248 -1150 385 817 -855 -185 -248 956 -220 -664 -880 -573 -231 1028 979 -1220 704 -71 412 -615 -597 311 -151 -278 -88 1157 -290 -290 -1537 -137 94 389 -708 -371 405 1690 175 507 -94 -453 -390 -431 712 -216 4 -463 490 -443 -122 -198 -126 644 203 -494 -442 1108 -794 -278 -728 215 55 103 68 -95 263 -620 674 62 550 -12 -325 -511 -352 -666 -1386 1687 279 362 55 286 -911 -1000 -364 38 -451 90 -347 554 -186 394 -368 970 795 -59 -1108 660 -63 753 749 364 681 -175 211 -461 -816 196 556 -115 237 31 201 -540 704 141 346 -83 -336 -673 -74 -119 87 -1159 -589 925 -346 -325 -234 -615 218 -195 573 -321 205 1231 -444 34 -477 -179 557 171 -342 -805 -1223 111 -236 87 7 1310 851 -119 114 -274 766 243 -1025 155 -815 555 -863 731 591 -386 -536 102 1023 -1007 -281 -365 -462 117 74 44 -382 -28 -449 -344 273 -228 422 -618 -618 170 1161 -1094 -224 663 1497 -264 718 -925 248 380 205 -275 609 349 946 -214 3 -126 -724 -717 739 942 650 -372 402 -173 250 461 642 1900 806 462 -461 -335 674 1182 -393 729 98 538 -176 -941 -383 -194 -1036 348 -253 144 -229 727 471 42 312 159 247 -291 -212 -1067 -665 163 -547 -32 -629 -71 185 1074 -756 -692 485 -629 925 489 -651 76 -561 -46 334 367 398 30 58 740 215 322 163 241 55 -664 -1165 677 284 582 229 403 222 493 -364 404 -628 -28 -70 -371 -1208 -541 -225 250 970 -457 -552 1204 -116 870 -740 346 -867 -1007 393 -228 -340 271 943 249 -178 -286 -176 -200 -493 914 -497 -333 -88 395 -409 296 173 305 1592 300 -470 -471 129 36 -163
-902 -221 -236 540 -740 1304 847 850 -750 154 416 -354 155 -935 646 -290 570 -321 -954 280 94 203 391 920 688 660 -658 -341 -222 298 109 197 -869 449 215 571 -895 -272 -607 259 639 633 -396 1 1047 417 18 -34 -1113 -116 -386 -74 -290 201 401 -596 -583 18 325 -85 326 -958 -78 -747 1137 -189 30 -289 568 301 -134 -512 52 -348 937 491 -352 -186 808 -524 -247 382 129 141 821 -513 -366 188 559 147 -908 828 -101 -364 145 -450 -330 213 -427 434 462 732 -877 7 11 -278 -1443 -307 -217 -94 -240 -437 -997 136 -786 415 800 -582 -372 497 -273 505 778 -648 -1467 -131 -989 212 -237 -307 206 -629 250 -525 -334 368 -427 175 -359 -491 -553 421 233 280 -131 -561 978 -642 811 121 -1097 -193 -160 -185 196 -13 843 -688 -944 -186 -191 -158 -237 -134 20 598 43 519 -641 -17 -880 -668 623 -49 -763 59 -178 431 -29 1100 718 -851 -34 -514 -719 -591 -523 -278 19 -274 172 445 -90 -657 605 671 -333 430 796 -471 -291 426 35 -259 -170 -920 -520 -585 -99 -218 177 -240 224 -689 91 -634 1564 1624 491 347 -1029 -65 104 -214 -864 695 -234 -652 280 -52 -273 214 424 -746 326 -112 899 964 -69 1366 41 -468 432 -318 717 255 -409 334 -545 34 556 -589 -208 504 522 -139 -471 403 -204 261 689 -408 308 -366 -178 646 -1 -459 1531 -1467 -793 -225 -571 -526 104 207 -595 596 -188 -562 -154 708 570 17 -414 -363 -170 49 -595 439 436 -523 121 -602 -656 24 -330 -247 -54 509 174 1023 457 472 142 76 -366 591 719 842 144 -999 0 -690 115 -905 386 -115 -728 244 -375 -8 69 406 358 -14 177 -400 -540 -287 -66 -226 -580 2 -774 -689 -56 -252 -30 18 -494 -999 -1142 124 286 -210 -501 -16 -683 -748 823 -487 160 368 382 331 -353 -1716 -543 410 -404 -504 -272 758 -112 358 76 173 112 614 283 -813 -732 405 726 -57 -11 754 -946 -740 -358 351 414 -549 95 -951 -672 -157 29 259 428 1316 -480 -120 -497 755 -1154 -78 -209 -52
1158 -286 590 -653 -299 428 117 1221 -148 166 959 642 1396 719 -166 -59 -1213 -399 -667 -506 117 413 1282 960 -610 -8 -350 243 329 399 563 -987 356 327 471 337 1045 -275 -258 -473 -497 768 -294 -522 -330 651 -470 1126 -58 704 -362 472 -792 733 462 -470 -969 272 -364 -588 140 -151 -150 -911 -8 -298 629 595 269 86 -25 19 -455 450 -96 -456 744 -818 -625 -430 -1534 -391 57 776 -487 -252 -308 -708 798 -63 -981 124 419 -60 -643 -751 -237 519 105 362 -204 -177 38 374 420 138 -864 -576 206 352 -424 480 -153 -1323 -984 -257 -706 -363 175 1261 -1013 -863 947 532 -486 -1244 61 -552 468 -94 -338 -328 228 787 15 296 763 112 -337 356 608 -300 -791 591 669 -452 648 -264 566 62 -219 -39 416 972 -76 -663 -26 -76 171 906 294 576 -168 -469 221 -308 91 -442 -18 405 679 -139 250 -431 -39 -731 -1166 162 -753 2082 -309 285 -63 -485 6 -505 381 -1424 -544 881 28 -18 1733 -531 200 492 77 904 -621 75 380 1365 -156 -401 -138 -44 -554 -733 -1050 281 343 206 991 406 -1057 654 -53 778 -328 350 -403 374 452 392 -387 -449 269 -1022 -200 1330 216 529 1021 217 78 358 -224 -717 -81 -580 342 -65 457 146 28 916 -713 -1189 184 135 21 -78 308 302 -877 199 688 309 312 430 -385 -783 550 -838 93 168 925 14 -536 -437 -1293 -674 -285 -186 -329 34 728 -871 -182 231 466 -489 -243 -669 -626 -1155 -730 396 66 364 1 920 1369 -74 352 130 -44 24 -542 -286 -544 -314 92 -335 167 100 -946 -121 682 -531 -1163 -510 352 61 512 46 -543 -58 -290 388 -143 418 -363 547 -260 -283 770 152 -229 220 128 -818 -873 170 -1296 915 104 -468 119 -463 -598 1074 -512 1206 -8 -25 70 84 -454 130 -354 567 -708 -472 323 -167 -177 -601 -837 558 -487 10 -1029 572 932 849 -533 8 -347 -334 -687 436 276 -919 28 -849 98 271 -96 547 -1363 -1132 -494 244 331 842 -538 -111 688 -246 865 333 -208 -301 1064 320 560 384 -314 -531
239 838 701 -244 834 826 78 1102 41 -302 -823 680 52 -39 245 467 308 380 434 827 497 -638 -135 -1318 839 -344 390 -662 509 -976 419 -61 295 145 -725 10 779 -83 -67 443 352 287 39 353 -584 -855 -1012 200 -1091 147 -1175 725 -1126 -351 -128 -65 122 757 629 527 177 1122 521 53 -238 1747 409 2 752 560 -897 874 -137 -1305 -206 -786 1683 167 82 272 -358 461 -319 532 423 -429 -897 -93 -192 -365 228 -269 -230 -347 508 -274 79 557 382 -248 -226 71 -1267 47 703 393 55 -750 387 1038 -782 430 267 -411 576 48 25 -102 -483 -486 207 -249 -561 -162 467 168 669 482 353 13 -187 127 479 -632 -1613 -489 119 240 -48 1107 -327 136 -487 102 306 -600 -203 768 -248 -56 -654 -276 -291 691 -157 -1307 -54 160 503 1100 320 -492 494 -45 767 30 -621 1010 -523 529 -243 -682 1029 -310 -639 978 -864 -7 -52 1881 367 179 -147 -611 512 -324 392 628 356 36 -829 -84 335 214 -403 -235 -283 -860 -221 -814 -584 45 316 -764 -733 387 -248 661 102 300 -303 -60 -834 212 262 449 -234 -399 5 610 375 -304 478 -324 -173 843 441 1061 108 -174 706 -156 -427 -186 384 -143 344 142 36 -248 -654 1491 -78 -145 587 1060 -661 -599 -751 156 -1124 644 -600 -183 1090 707 9 933 1161 374 -474 -377 -749 -1082 520 -383 139 601 -1347 928 -84 -95 155 103 -470 111 -455 230 280 294 -311 -1782 -76 224 200 -111 33 -172 112 -196 -385 476 461 214 58 1030 -149 667 -653 -727 369 433 424 -399 440 183 -240 581 83 1021 -416 -1297 474 3 469 17 742 752 609 -853 -809 -172 -703 -469 -583 186 524 276 -150 -215 103 -885 938 398 -715 291 -341 -437 814 8 103 146 -111 -248 -846 5 1229 50 854 -195 -40 -24 -559 -899 252 554 -125 374 -38 76 807 87 -1011 -475 -28 -325 -198 1240 786 126 450 413 250 -37 173 786 634 830 -182 -703 346 -443 -922 665 -385 840 -478 -1129 474 -215 75 -374 -1048 323 -318 564 -855 -1637 -176 -490
-122 -739 -555 -295 1256 164 -1176 282 1052 1126 -879 -118 789 896 -582 -418 474 201 482 604 915 -785 -1013 -53 1004 -891 473 293 1363 -1480 -279 -59 -1034 270 711 -368 152 -832 -544 1537 11 277 242 81 -177 155 724 389 -482 279 -301 196 -40 -288 -364 -720 802 -578 193 -167 -32 -455 612 704 -376 358 286 233 -463 618 -381 -102 739 -43 412 693 -249 931 -64 601 -3 -429 -84 808 512 -604 948 -602 -698 -751 138 -642 -23 156 -86 781 563 483 -217 721 -205 1062 -258 -41 -818 -125 -241 -176 258 -931 138 757 649 -412 465 -585 216 795 410 -761 820 254 -193 -158 196 420 -87 67 585 47 576 -29 642 301 -241 1040 454 224 -647 -831 -262 -234 98 -186 374 143 513 -285 1541 654 1243 -962 -254 -248 668 -359 -438 -1198 90 997 -1032 -373 -1135 403 1100 -544 -838 773 209 -2 -355 -811 -108 -908 -371 -1239 694 580 -707 690 -1011 -136 -29 240 979 -153 -149 260 -400 -272 1510 -484 767 -177 428 -161 439 -261 -501 103 -59 34 -382 -270 1348 -1574 -134 -215 -51 456 325 71 -272 -415 -536 249 -111 -552 168 -145 290 -1098 -117 20 450 1102 -900 708 -52 -822 -492 -178 -287 1514 250 299 324 141 -58 -797 -225 243 297 -430 -421 203 316 327 -905 307 845 375 138 -258 532 87 -433 -46 55 666 335 227 -191 14 248 434 -318 958 -7 -87 -506 -976 -769 20 934 -447 -277 -449 371 -407 739 -69 -333 99 586 -16 -159 646 1424 -931 -365 386 -1302 129 84 -715 -519 405 -357 516 -200 92 429 -456 -40 83 -775 -130 -183 826 -239 531 1021 -649 -1082 -308 -184 745 -913 -671 643 -108 239 362 -528 -1706 528 -21 -168 811 -1062 476 -466 -1076 297 -291 -786 871 -41 253 392 -1374 -535 -778 109 33 100 106 -1389 -483 542 -1037 -693 -99 85 -489 -400 -194 124 -695 61 221 351 263 352 656 -172 -32 307 -34 303 -41 42 429 -552 -71 1243 847 -63 -655 396 -655 -358 597 -1375 125 -276 -733 1173 548 153 -326 442 111 -524 -359 -155 -961 268 53
-176 -331 -102 -659 -572 -926 -46 1 -320 -867 -740 245 -108 1190 -297 164 844 245 -137 -378 840 -161 -178 -128 -353 440 490 -538 -1123 -458 -342 -663 239 133 -643 26 868 344 -438 -15 205 348 -845 -356 638 -396 487 -725 -440 6 -283 -475 -148 -292 1004 -442 150 40 -578 -94 39 294 -535 1151 85 -393 -985 693 -344 -1188 -72 -128 -581 192 878 -1013 369 484 -30 -91 422 383 631 -473 133 -349 -965 -263 638 -1118 610 472 -292 421 175 -643 -1008 418 1437 430 479 -967 -750 -282 -472 98 -6 -234 30 -383 330 -1435 -408 757 132 -353 -391 1472 664 -356 1234 -695 -282 -268 -772 81 886 -800 509 379 300 205 -561 -292 -1806 -957 673 781 -1041 1116 -639 -429 115 621 494 491 -1282 -169 341 -755 -90 672 -918 1015 -504 -106 -579 -458 596 -601 135 585 -257 -150 751 1128 90 -236 -480 -1023 -210 -440 -558 416 -370 966 -162 926 -1076 631 -506 312 -995 64 -10 537 -225 -483 146 636 26 -1267 13 65 -73 987 339 -649 -180 -1049 -94 1531 -150 702 -404 2091 -93 326 21 -367 161 -456 -1371 -510 1170 -31 -813 -510 179 86 -69 -944 -296 -348 100 91 486 401 906 -405 -669 333 71 -296 589 -537 -97 481 232 138 164 -409 -590 -2 268 -186 72 8 -418 94 -456 1052 413 364 758 -756 920 -214 467 42 137 550 -1256 -457 117 -214 534 -207 -272 359 283 397 -794 -17 -437 -1119 -428 -196 1000 1 711 19 -347 802 461 -418 -1236 286 -315 -29 542 48 -1118 -691 1052 608 -673 -111 -158 -164 1603 107 -1205 -872 -248 -458 883 179 838 -396 -796 -119 -45 -248 625 99 249 518 -106 -147 1051 958 310 -235 291 1124 1380 172 49 117 439 -109 271 -711 -756 -121 -498 1007 163 -178 397 41 162 132 -179 30 7 514 498 -537 310 -216 -692 16 -1113 -26 -30 -218 498 -613 -49 126 -171 -107 78 476 166 -493 -709 1495 676 -64 637 -559 -1273 -880 8 -283 -968 1072 -299 -438 -101 595 716 151 -529 -313 345 160 1114 -272 -11 393 108 -159 574 -486 -96 -672
-1036 93 -850 -132 669 -205 -268 -1026 845 265 -495 -235 -249 -162 150 516 -82 -315 -523 1015 729 1194 -833 -207 886 -624 49 838 750 -196 -159 76 341 -482 -1016 84 878 988 -86 1481 365 -134 899 -257 642 69 1142 -193 -490 1668 -657 367 563 795 -869 -91 -636 334 459 1125 -357 -899 348 131 -466 148 -323 -533 -877 -277 -781 25 -135 653 329 -423 300 43 -343 -256 897 -59 438 -57 465 -285 -488 -14 -242 -385 579 -221 -320 -22 -34 -243 970 479 37 -905 13 1290 -108 533 1198 -112 782 -808 -424 870 -530 -43 806 222 -82 437 -317 482 43 -314 -154 -334 286 -25 -568 -372 -318 555 153 -283 -333 284 8 -528 773 -154 854 -463 68 228 -1014 -1101 551 357 37 -629 239 -253 13 1002 92 338 188 -1214 -862 371 121 -271 57 1112 -16 -752 -508 47 -252 -1712 -845 -617 368 57 561 -935 329 -850 288 -10 22 -390 -1265 74 -193 581 -1136 -538 1075 -162 -104 -193 -694 553 331 -132 717 630 -496 -966 -10 476 -544 -922 -299 -697 -147 130 42 -409 -132 -1107 913 181 -243 -413 604 453 246 77 -789 165 172 237 -693 174 -1613 -308 -514 213 281 549 -156 436 -75 3 -162 -158 435 -108 -986 -602 706 647 250 492 -231 177 -777 586 -101 531 -170 50 -345 425 -486 -417 -292 565 30 -1096 422 1107 138 -1268 379 70 -243 253 -315 853 797 -784 -595 436 260 198 384 687 -723 438 -239 -769 1000 753 59 535 252 -758 848 -653 -724 -247 -182 -288 87 96 175 1534 358 -234 460 643 431 -1021 -1238 -419 -315 -398 397 -194 682 -739 365 724 -383 -599 1250 -371 395 122 -468 -1257 351 -216 212 -356 152 -261 -743 -495 152 16 -78 -14 399 196 1125 577 265 288 41 807 -929 339 275 -636 -178 776 763 -275 -232 -793 -74 -690 240 583 -134 514 -384 -446 202 -21 -463 24 683 -836 662 -991 227 459 -568 437 1277 634 212 1001 -115 278 169 -250 -1543 835 143 685 -372 128 650 567 -149 759 131 -120 1207 110 680 -793 -354 535 -300 -725 -506 334
-694 258 603 172 335 67 -504 -949 332 553 55 242 -62 -200 496 -11 714 -1192 70 -1029 165 421 335 -221 636 -377 -360 -1012 -1449 915 271 -2 504 264 94 355 -773 -705 -716 -351 -608 -1627 595 653 -93 878 676 269 -872 -739 -29 678 -459 -343 94 -13 1700 -775 -484 -1264 976 372 -588 81 -1326 310 985 -1011 -366 68 -55 548 379 364 -224 -723 1185 -114 -32 514 620 302 -1236 -75 -322 1047 -179 -504 852 -562 -152 -530 -7 521 -444 1327 529 3 -1037 281 774 123 -875 -862 -382 285 844 -529 409 487 260 -354 440 153 -16 85 -343 333 -744 -589 -576 -1173 -701 578 -571 -609 609 557 202 116 -460 -321 519 98 149 -2313 -415 258 -123 745 -599 -376 350 960 200 1106 -363 -412 -391 654 -276 1388 371 472 -386 358 783 -118 16 258 -354 -227 1113 131 1009 -3 566 1067 -49 -8 -508 304 403 252 35 1201 74 616 600 -391 397 374 -385 708 1576 354 199 334 -355 328 -1006 224 -308 35 -282 551 264 -385 -17 -29 -1185 -824 503 -1067 -1142 25 298 -651 -641 1071 -38 -229 -2176 -666 692 -144 163 980 -728 -328 -200 610 430 -309 399 -761 297 893 364 291 701 18 118 97 -770 655 -995 -16 142 240 233 301 -10 34 14 950 310 -78 1327 -1022 62 -958 -47 361 -700 1004 220 -222 -350 -914 913 906 -600 -313 106 -300 -159 -142 -779 881 78 96 826 -422 -833 -998 -293 -6 -591 -7 -281 233 -703 255 -610 513 -146 591 -95 109 462 -108 793 431 175 488 172 186 -1044 333 -1713 -61 -504 556 163 -216 -516 40 358 1105 -638 -383 -632 878 -199 819 -777 -60 640 -381 -333 28 -1006 1703 49 271 -984 -310 -657 -59 -1002 873 -28 -33 157 -266 512 198 998 -42 -589 -788 370 -503 -926 -26 -576 18 235 -841 70 709 -255 -559 -378 1461 -225 -880 451 -615 943 -167 -17 19 -440 -577 -93 567 936 -191 195 -981 1389 -546 -440 -252 -365 1059 598 -1100 507 1471 694 -404 240 -358 130 91 198 -14 464 -197 69 292 -809 150 588 -326 314 -226
620 571 288 -111 598 -451 -1007 223 199 -26 -382 806 326 689 142 830 -722 -187 -138 458 -418 -983 51 676 685 997 -220 345 -397 597 13 475 -335 -52 266 484 105 756 119 78 455 108 283 139 918 -264 -1444 785 -1139 -692 -573 -289 -110 -562 68 332 590 -715 249 1166 202 -398 621 699 707 13 -229 80 -61 779 -1142 -690 89 -728 306 983 -642 457 -1100 -331 -389 -587 -874 52 -749 -274 41 -22 795 463 426 -101 147 431 23 172 161 -657 706 -890 1180 -1353 -421 1176 363 -794 252 287 -437 359 -252 -297 -430 -493 -157 -448 -912 -387 899 785 132 83 -153 1107 44 203 187 20 -480 818 -643 -93 26 -503 75 1959 685 235 -904 313 259 1014 772 -577 -581 507 -928 168 40 -229 457 286 -414 141 -312 -1060 415 464 348 657 700 -205 561 -414 561 739 736 -1174 -108 -1268 132 188 -922 -862 -875 1011 750 1091 -28 219 583 -703 -48 56 -1080 -250 213 217 1993 76 197 213 -101 -501 1050 -458 -188 -112 -377 151 -447 524 904 -63 80 474 502 -869 930 -950 766 303 29 -56 188 -1331 -40 -91 900 808 120 240 -269 1258 -501 -136 1401 -447 -763 -330 -375 -388 195 386 373 -657 -349 78 17 155 682 406 247 -167 909 396 -750 -348 -1074 -409 481 577 -195 -192 -27 -381 -456 -520 1234 383 -1198 1023 -41 328 90 288 -512 830 -176 -592 757 -603 167 -873 -341 -145 40 35 303 -629 904 -515 -929 -110 1184 -593 -816 -608 -700 -739 387 195 -1215 -1489 -547 -234 624 309 -280 -375 396 -497 403 1226 -31 -261 1074 1487 -201 -84 -54 748 747 -577 -325 1415 335 533 -434 -669 -828 -1665 -605 -364 -632 687 666 438 306 709 603 -914 343 -1060 -210 51 564 -346 -103 282 353 -323 574 116 1075 -816 -155 -384 300 186 269 -611 730 233 -411 161 223 -491 366 -616 -185 788 -268 -318 1110 -1321 585 561 914 -328 582 348 -79 -598 99 6 -682 353 -754 -975 261 186 469 304 557 400 121 340 532 419 211 -646 -709 -108 -87 29 659 434 -773 -421
830 -731 667 -713 963 -753 378 -157 -333 369 225 539 -1049 -334 419 73 -595 -388 -112 243 -1672 -1356 236 464 -83 -365 284 1054 -942 90 -211 981 -304 -975 -668 -270 536 -35 985 -489 -141 -1150 814 -729 -15 142 1058 422 219 -701 554 -63 -849 22 -118 623 314 536 136 20 -578 -943 593 446 -299 -47 -292 321 644 -417 -222 -349 710 298 -377 -123 917 487 -954 -88 283 621 19 754 391 -131 -235 -309 -334 -548 121 222 -269 -179 795 -675 -413 6 624 -307 -236 -450 789 763 -343 66 -134 -92 -420 266 1194 594 377 -1331 148 -400 784 -136 -1719 -103 66 -390 -24 561 131 -725 -570 -506 1249 -103 1814 -815 -569 -389 1954 -517 -1203 718 -597 -617 -496 42 -631 1401 875 -631 113 -863 -279 -820 237 -169 -48 542 148 -822 -19 238 212 -638 738 196 605 400 -843 -74 -584 153 757 -440 -1024 340 1072 188 -850 -267 349 265 -279 -49 -1223 -65 269 -54 -80 567 -160 147 -229 -166 -130 922 -373 -53 233 554 438 538 502 603 197 1104 287 663 -637 87 948 -1270 -736 -164 103 79 219 535 542 1358 678 -205 -804 480 495 424 -2083 122 794 -498 -322 112 -925 702 -250 -300 -713 -660 -818 432 226 6 -71 367 -697 -135 840 373 -13 -309 -445 -297 -135 -605 -759 -811 -130 134 -140 137 22 649 -674 96 126 -165 122 693 246 -749 -851 -210 -22 113 -215 -439 -73 311 -776 -173 186 -434 -1 416 -220 565 -211 271 216 412 -478 591 301 -473 289 -766 493 -59 514 -178 390 1129 -1231 -132 -254 -358 718 149 -459 -1259 -79 383 -135 -80 -956 -479 806 -284 -167 -642 2 974 822 -470 -357 -76 801 130 116 -381 -16 12 -99 155 -690 249 362 404 740 346 -137 589 633 487 306 -179 -281 829 -546 463 -475 198 -292 -361 -300 -473 -593 24 -799 164 235 662 -204 1024 -25 521 -522 -814 -133 194 -1029 -172 -473 425 1154 964 918 -186 78 189 920 362 440 -34 -853 623 -581 1593 121 711 -327 -684 899 283 -550 270 585 -6 38 -173 237 -26 -68 34
-711 462 193 764 278 872 -380 -578 1201 -601 23 -303 -207 -809 181 -267 -505 904 -432 861 171 -278 -566 -2 82 -28 187 -1092 293 -476 -87 -386 625 -701 -467 893 361 225 91 -556 -377 -80 -736 -295 -28 -131 -259 -332 234 -485 -1276 -222 743 -420 1318 -1075 -12 164 -1512 -355 -498 105 -246 -811 -213 764 600 -516 629 1165 -482 -273 -520 -257 241 415 -124 483 499 383 118 586 93 226 -299 -435 424 -264 -147 -506 284 -1020 -152 -62 -366 772 -1684 634 863 128 252 746 985 -342 -614 1220 521 -3 542 -426 659 -237 245 -1011 19 -905 -1474 -1236 -964 477 361 323 1 -321 295 -36 -408 251 -228 860 -370 912 1025 -323 -449 -384 98 554 1518 -382 -410 810 -79 -115 84 71 -54 913 -926 -742 285 567 -284 -782 -1293 141 -1161 -197 -653 -1372 -538 -1360 321 374 44 231 243 37 -345 -200 -1271 1271 -278 -542 -343 486 1243 412 -199 34 341 516 -393 -29 703 455 5 -247 -918 298 67 100 -930 330 304 -266 212 -71 -692 594 -175 281 -124 525 604 -209 -818 -375 862 -91 272 -527 381 133 611 328 153 -1196 -120 199 -123 615 -257 -118 -530 717 -496 483 952 -321 -102 710 17 -764 -10 -1675 1104 -497 305 112 -229 197 554 129 60 -697 807 1266 284 313 -101 742 -589 1397 601 103 -810 216 365 -124 928 532 -266 321 -272 -811 913 -340 -314 703 -896 746 -461 373 -459 291 -725 180 -536 -429 144 -115 385 -175 9 -13 63 671 -643 475 -363 1246 -601 282 -402 -353 -248 -1418 534 487 196 -648 65 571 -892 -542 871 718 -944 -398 1033 147 -324 1461 -353 273 738 293 -256 -747 398 229 -59 -406 -1140 125 -609 -192 -406 218 -492 839 253 486 13 -382 -385 -413 -877 236 1252 -266 444 -1204 -450 161 199 699 -498 1342 698 383 -220 -381 57 -591 -21 978 991 1090 1055 481 810 -662 -339 36 471 -1317 -429 43 541 -195 83 -407 -141 759 101 130 -386 147 -405 -1007 301 107 282 -608 -569 281 -973 -482 283 -247 72 -598 -281 548 -1070 -223 348 502
444 -324 -108 -727 396 -524 578 -346 -1690 658 684 -412 257 628 -249 1023 -122 353 -48 734 613 494 306 -181 -716 -677 259 1129 600 -308 -827 -1646 226 1588 -171 396 -397 -219 -284 386 -918 29 567 -18 -435 -172 -360 -169 -73 -279 1378 -56 -422 380 -488 516 -704 377 770 488 -407 245 -277 317 -332 -272 -918 464 -314 -509 10 277 124 311 -522 -125 328 -1035 854 251 -45 -447 -499 326 776 -161 995 1158 428 794 -519 -145 -711 6 376 -784 274 711 514 146 -464 46 -22 -315 -1094 -592 -432 -404 -423 439 36 67 901 -957 80 933 453 -602 583 -407 123 1047 -254 -53 73 -336 629 -100 -473 -121 -319 304 -928 -361 1326 -927 189 908 -996 -1232 -468 810 519 -715 -704 427 0 -250 522 -478 635 -94 495 748 417 27 537 31 957 -161 -44 -190 -588 -577 -1185 -70 -243 398 379 75 457 -384 1167 51 -361 -67 1150 -664 -882 128 -18 24 -414 -309 -439 -193 -788 535 232 -153 -193 95 -58 -833 -262 -852 -880 -496 882 834 -290 329 88 -317 -377 129 741 19 125 394 -67 203 919 425 194 489 1296 -525 827 30 368 -1046 930 338 -68 14 -60 528 582 -766 159 -480 546 -507 364 146 -141 -223 1000 -22 -79 1270 -440 140 857 -1350 -779 608 482 492 83 -404 538 -181 -605 71 -656 465 -1126 -720 386 -590 74 935 -545 16 -21 557 -124 -687 1181 -251 -233 504 442 -636 1001 -848 469 -231 -242 -161 144 125 -81 -346 -600 -1558 569 39 -694 -431 -114 -672 277 -88 46 -237 138 251 -420 -138 63 -209 -671 -115 -723 -166 -923 9 737 -154 14 772 -2111 422 -797 -301 -444 -949 479 495 615 -140 128 223 740 -378 -542 -858 -32 -82 -348 42 -5 164 292 -779 489 -625 -410 -831 -836 -477 -39 796 133 -216 -406 15 90 -859 492 -759 80 -1239 -262 -128 883 218 10 931 -52 221 -358 238 -1096 423 -1628 -621 1109 362 392 -359 190 -1060 -385 652 1398 476 -316 352 3 488 -786 -228 -579 -514 541 -1103 -705 544 684 537 -438 -842 -397 -101 1002 -427
-355 508 219 -451 -159 -584 1328 -812 -1241 -582 -201 -172 -747 1343 -723 1222 -866 -792 -196 1120 632 383 499 -430 0 -67 384 -479 203 1152 -624 659 -271 770 -83 -211 388 -472 567 -978 199 -622 -524 231 -438 -625 -645 -357 -229 -1140 -109 -865 -462 1157 -4 -309 784 -699 -804 630 -3 -40 -862 -660 476 206 175 801 -435 -605 650 1050 -289 594 -392 395 -658 556 -87 -163 -519 586 -325 -438 401 1586 -701 -202 -41 1234 237 431 326 92 -234 -528 -357 -728 -394 511 -1162 47 984 -1346 -497 -988 -407 -14 -415 601 1291 1101 680 -676 727 183 799 36 -154 -1155 -569 -328 92 -104 765 -259 775 1384 -312 -140 -780 -509 -623 409 -186 209 -1 -897 -109 220 292 674 -89 -95 -266 77 1223 89 362 414 484 -245 579 -71 -276 -69 -704 -326 282 -892 192 -506 269 -805 262 -350 333 359 137 766 -246 -66 -19 827 1273 274 393 195 910 -480 237 518 97 -649 -22 413 1345 -99 168 421 -168 560 160 -356 -431 631 -42 -209 -186 114 -39 -35 -81 1003 -22 -612 -314 564 115 -277 194 -559 -469 684 -663 630 438 -63 -518 -1080 348 -449 -748 365 109 -708 -977 -570 499 -643 315 -48 870 209 47 27 -189 393 1158 -257 -19 -654 93 1092 -162 -168 -145 -86 -218 21 17 200 -595 610 -290 522 1060 9 627 -89 -158 832 357 315 -1008 -300 -431 302 5 89 -427 213 226 -524 -1032 656 -1255 -90 746 1732 -533 67 193 -735 1412 -624 491 893 940 -100 -610 437 -104 73 40 -159 -79 279 -793 178 -893 311 -551 -790 -318 315 -13 -480 752 -372 -345 -35 133 809 -618 -1411 1059 -490 -1125 333 -85 -293 208 -315 674 328 50 391 496 119 843 128 838 1499 421 -144 234 110 -801 48 234 943 -383 885 601 -532 766 -294 269 427 -442 -939 -320 -25 -341 -589 -259 1042 -233 308 -372 -425 1279 263 -444 -507 520 -86 790 164 -651 -179 -216 -157 -57 278 -485 -90 1634 -242 77 -76 562 -864 -855 623 -322 -1043 319 -549 -756 786 963 948 -35 75 -311 -365 44 -562
-499 -655 240 -158 -231 254 839 95 1365 408 216 -704 -259 -649 31 -746 -349 -517 -980 980 -262 101 -784 109 564 1 289 1144 -533 -184 -786 -438 24 94 -145 1352 264 -942 195 -1431 100 -784 -302 -229 -516 601 -74 67 -172 -643 -156 -474 159 -710 -413 -1112 -839 732 -881 1 -153 -104 745 -495 -293 -368 -67 -32 608 -435 -1367 571 -825 -363 1159 490 -821 449 651 999 -921 -480 205 234 -632 -41 362 227 -297 -1668 437 40 334 -514 761 438 639 66 539 -579 -772 691 39 187 375 362 142 88 1461 -281 813 -827 700 405 577 774 -350 -675 -115 -73 499 64 169 773 -1414 -266 149 572 115 1693 -944 697 565 360 405 280 1239 435 32 -1147 43 370 122 653 1444 -49 71 697 1138 -785 -315 517 -66 188 -303 754 -453 -506 -298 635 -661 -329 925 517 -116 347 -10 -436 -252 -367 -568 118 -607 -443 577 226 882 836 -19 923 891 846 333 -209 442 -337 -20 -558 -1245 736 251 547 417 772 1032 -1302 555 15 -1080 1177 223 221 -289 388 528 -522 -747 747 1027 362 603 1 307 -195 -67 1118 83 402 326 875 -906 -37 26 106 509 614 -478 1570 -254 -233 675 -19 -509 542 -431 -1036 -1640 -534 191 -34 -604 1025 -810 321 213 -441 -365 -52 402 -1027 -69 279 -685 -156 -235 -272 -460 -371 -21 -99 501 -1240 24 -640 -754 116 -617 -52 115 -235 150 743 -214 -240 210 533 -1725 -170 -114 -206 482 -959 -76 916 -687 958 -737 35 -18 889 182 522 -575 -681 -157 42 9 293 -153 492 -451 -517 -539 77 659 -311 95 242 1270 -409 924 368 531 275 -65 -776 15 278 -349 566 -105 -394 713 454 -780 133 -307 1072 629 -359 995 1111 -504 -192 -340 -574 -600 -710 27 288 -269 -25 888 -356 -411 -129 -48 607 269 1316 -290 184 -991 255 -271 622 323 -106 795 -815 -1011 133 138 -60 -444 -56 -616 -527 -558 382 649 127 323 -938 -545 389 -394 -1182 -1327 1114 167 -707 788 1259 340 657 1388 182 -1270 115 668 890 123 -1425 -351 5 561 855 -708 818
2 -94 440 436 -36 -101 517 943 673 -169 268 598 -94 -426 -70 -1662 736 211 -306 288 1390 -698 -786 174 -200 -250 686 -662 31 -285 634 1129 -52 -64 728 -380 -757 -648 544 -130 555 173 950 261 742 -284 2090 -10 -322 -526 537 -184 -663 1823 -274 -173 150 18 -56 67 682 -188 -573 130 554 767 358 -162 -322 -302 -1043 239 351 435 410 -445 -613 -210 680 229 -341 798 369 -442 542 -526 -702 -166 -327 -351 -146 -324 420 783 577 -47 -1334 748 357 1213 -731 -198 263 -720 565 -612 259 -891 228 250 -185 224 302 497 -142 1966 -39 -875 -271 821 49 208 -150 -465 -694 -91 -1106 -98 -1037 -477 -106 885 196 -123 -653 705 -955 -269 617 595 -273 0 371 -68 -1173 406 1428 -427 211 155 710 -243 1133 -320 -85 200 -880 237 -238 -1174 163 987 -427 767 867 -60 -339 -234 712 177 51 128 466 -34 99 -360 753 -467 54 -249 -550 -304 -716 -68 -476 938 138 1133 -557 -723 -71 869 895 -125 -297 -629 -737 625 442 -650 1052 -636 650 236 -287 686 639 89 558 413 672 -620 -251 -254 -746 -554 316 -752 -1000 -113 1157 -239 -230 296 336 -508 -695 614 -327 2 149 89 172 324 -818 -110 -313 560 1232 -859 -160 -1102 -265 -668 -799 -211 240 -127 634 983 570 -155 -572 154 -1570 -72 860 0 32 -585 400 442 961 -111 364 -91 1536 -28 289 -91 -453 -91 -358 50 235 -115 186 -136 125 -207 -15 736 -411 -1078 779 -164 1302 177 -509 576 -64 812 -467 -720 297 497 -1337 1036 -243 -334 89 580 -72 -282 -490 13 -123 -485 455 550 124 -254 -417 -794 694 -220 479 692 152 -561 2355 363 188 -42 1353 240 -750 -322 -102 -698 -667 136 1100 346 -772 -229 1 898 737 1148 369 436 231 -169 173 42 891 25 -453 -814 437 124 -511 79 1067 -530 294 154 -216 364 444 1307 947 245 -823 661 -75 771 767 646 -675 -337 213 971 -518 -640 239 159 -111 427 791 577 -30 -56 223 -1165 -109 -1529 1422 -180 -83 29 -915 40 -567 270 -441 -10 939 289
-409 101 -394 483 -927 -213 -331 -95 1072 1738 805 205 672 -801 -95 804 482 461 -291 114 388 -860 -209 -283 2253 1230 -155 80 -768 -350 -461 902 641 -758 -518 -335 -1520 289 -206 1251 -187 -358 -95 1265 1283 249 -10 402 1078 311 27 1189 -776 -312 -561 1154 -399 -159 -847 30 -49 -339 662 -98 466 -697 -717 -609 -772 -354 -21 307 -141 273 -265 381 305 -590 173 202 -909 429 121 -890 649 1673 472 217 -749 20 -241 -442 -723 -233 71 15 -793 123 -1560 342 -417 -958 860 262 495 -301 229 443 433 419 -394 557 247 103 -751 270 477 121 -1432 -785 -742 -774 -382 -347 -1297 363 119 93 858 140 961 -417 -102 -1197 -408 -62 -414 -1161 263 -337 -531 378 -227 307 -89 -313 1167 -735 -1074 -210 -1073 -272 -106 853 400 237 -968 -280 -398 -696 -590 -1582 1352 -439 -95 -1529 -681 914 -540 509 -794 -693 -774 516 -432 -751 -762 -437 350 -545 -753 -898 1041 -55 250 -1098 510 444 -44 1111 471 -448 106 -568 245 816 664 251 -307 -736 -187 39 398 144 466 -734 355 -1093 -164 291 110 457 -1042 104 462 900 -368 -251 -746 -890 366 -200 -432 -1135 -135 67 -660 -295 -264 6 1010 -522 -1555 154 -1077 -680 70 657 -674 929 29 243 -64 611 29 -138 42 -486 1222 -880 -455 -413 -506 -31 399 458 -1392 -452 -53 -285 463 640 -417 -726 -366 -116 -183 96 -116 1184 585 -820 -60 -73 -828 -418 308 -121 -387 -152 931 1111 728 -776 -794 475 88 625 866 -1199 1142 516 95 476 -1086 365 -438 823 -221 467 -174 910 -52 -149 -2117 763 -326 -185 343 472 365 1075 -140 1142 1457 581 -120 -747 361 141 -848 571 -757 30 287 514 -1979 216 -422 195 -184 578 250 699 145 -711 -276 285 139 483 986 252 522 666 -150 -526 -78 -244 -256 348 -630 489 -1275 693 -156 162 -371 153 -948 1399 -319 -33 771 1637 -860 -156 70 102 1158 -723 -412 -195 -143 -574 768 61 218 -72 21 -228 250 -146 -545 29 983 -430 600 641 449 420 -860 40 -330 103 319 759 -472 -272 -101 164
-152 562 -481 -691 1042 558 942 61 191 -969 -35 -141 -596 694 704 -605 -507 96 -463 -323 -1125 -29 -100 796 209 -363 586 -222 -742 89 -426 -378 -257 239 543 48 1168 358 1297 -445 101 195 -148 363 272 726 143 868 723 66 -274 191 258 -388 -563 -307 191 -86 698 -224 -122 -223 -745 234 12 61 -503 784 -225 726 8 -144 -243 -815 -706 -821 75 38 -581 -580 142 264 -169 483 -27 19 159 13 918 175 -424 -491 -406 596 -6 411 -410 318 -262 1198 -538 -913 1144 -1674 -583 -152 527 -141 -279 484 -607 290 213 59 1428 -860 58 15 825 -631 842 -142 893 -629 46 -282 -727 -568 713 82 1163 129 22 -239 299 84 -469 -34 -1050 -1 -222 -390 -308 203 42 -101 -158 -277 -440 -952 -424 708 -9 225 754 -522 510 -313 242 1057 -298 -20 929 -831 -814 598 -368 -348 1128 -98 18 -384 -197 595 -998 1344 228 511 -1800 -761 1051 1586 -417 934 -518 -86 625 672 -201 -945 398 -213 -232 551 -661 -458 252 -463 241 380 -62 -476 -1122 -635 -981 -585 355 24 -190 -1155 358 272 167 -976 -84 -156 -374 600 -469 -285 -1351 -80 248 -163 336 211 760 563 -223 318 -55 -223 510 -214 45 -242 266 37 -659 -639 -107 -368 -204 -768 -159 -49 1131 316 -1146 129 -923 -620 -324 -292 374 -212 141 -1333 1342 100 150 -329 -184 317 -580 259 394 394 200 141 481 398 119 256 -280 -468 608 594 265 -98 -453 -328 786 -288 -438 -531 -495 633 -146 509 1418 -487 -314 142 181 241 -2202 -864 815 291 -410 -315 -461 -686 635 402 1494 -687 582 -111 -826 114 946 -754 -775 -266 159 205 -606 1368 -71 1053 1191 1204 -196 -222 1164 732 -472 951 -317 -248 -283 237 272 -353 740 -35 -435 -529 -773 -88 6 -673 1094 -219 368 518 -586 -1110 743 423 630 -346 -130 -88 190 622 -256 -390 -1464 1034 62 -629 -525 551 1160 -1261 90 131 -340 -500 -556 -598 206 704 -261 -90 76 -1113 437 13 -226 -320 -433 -181 -1099 -2 847 -618 10 947 -423 -643 692 701 -354 296 -99 438
-714 420 598 786 -114 -965 -535 -180 -416 -707 183 271 289 463 600 626 89 -439 603 -326 -209 195 -45 -1149 118 178 111 -238 -655 -168 411 97 95 563 -148 345 601 298 17 359 869 -459 119 -724 147 -531 -931 -86 509 371 -266 1020 -868 -559 -39 27 250 -91 342 -607 -247 408 658 163 -52 765 -1334 -1166 572 -59 -897 562 255 203 -370 -95 -774 653 332 -677 -170 400 -25 -1016 67 -80 -367 -626 419 -344 379 -260 -381 -547 954 -454 872 -152 323 352 468 -77 -607 906 -64 -172 280 1134 902 -83 542 -499 -372 312 -48 -584 338 722 -69 -763 170 -867 97 940 200 84 182 -622 132 591 374 -201 -1172 333 -256 -292 -1234 86 -855 -24 225 -436 -754 719 281 -923 -426 291 -522 1761 -320 1174 -1291 -412 -423 307 223 259 -835 -527 671 -549 64 -804 -258 -640 59 -762 163 -797 -1266 -705 794 -58 -486 -669 194 -172 -258 -257 535 -83 -285 199 -292 1265 -366 -525 -29 936 -428 64 890 32 -500 -736 334 361 -448 -100 -563 -285 -149 175 456 468 24 -985 64 -173 -32 361 -699 -334 228 -231 19 -4 61 456 -324 -579 -357 113 146 375 -1360 744 -1337 290 -492 82 -700 -122 -714 57 336 -340 -287 -1041 235 295 290 664 -1232 -180 -667 -90 -226 -1011 -288 -113 -600 724 -491 845 27 -361 -149 -920 22 -1194 148 367 -486 271 91 -1033 -577 78 1188 -54 828 516 651 -109 835 537 -309 -944 1043 -59 -111 -933 104 -125 -864 30 522 -750 -685 -158 326 358 56 255 743 -353 -469 -471 -435 -996 226 0 -678 91 538 193 289 -298 -152 122 -580 -7 -663 204 551 381 -133 272 -228 -282 -208 -816 -158 -419 -833 -436 -48 414 105 -104 311 -393 621 68 -309 165 -263 358 1002 469 -89 -44 663 918 -779 -339 -104 705 10 -799 18 1034 -86 -14 -721 -130 516 90 457 -966 596 634 198 242 333 -125 1116 -456 310 -120 258 -97 -146 -417 -155 712 56 347 17 -113 278 706 -38 594 1563 68 -1179 496 46 -1040 -578 -443 336 -533 1024 292 -291 183
-408 23 56 130 457 440 -131 377 -639 -12 881 -178 -164 -771 -599 -1282 63 30 -149 508 763 108 -308 492 726 -188 -283 -177 -387 -514 400 -90 505 295 -821 -607 677 -1649 130 -858 -389 576 -465 -5 2 -196 310 -127 213 -458 660 793 -93 55 165 -224 -386 8 -422 383 326 91 261 -743 -598 545 568 -116 142 -193 315 -355 -786 -565 169 -637 -592 -67 232 333 -95 -271 521 8 -508 -575 946 -270 -918 -116 587 -353 -486 -28 -792 -656 -260 -355 291 -186 -1035 686 475 769 362 1346 -186 388 -937 262 23 -973 -1119 -640 -24 -314 288 -501 902 376 770 -112 805 703 -317 340 -1317 -201 -711 -167 -533 -512 -1364 612 318 339 -213 -93 704 -60 784 -779 -1230 102 -95 795 409 -17 432 302 13 -138 -680 396 -665 -85 -679 906 -796 303 -363 -132 993 -289 74 -474 -870 -1516 -1228 -138 -762 -886 -160 156 1212 526 -218 61 -805 340 630 -392 267 505 -453 -170 -313 -33 -300 -570 731 119 -808 1101 559 591 247 -89 107 24 -404 325 504 548 89 -525 781 181 580 -1150 331 -274 561 -818 782 82 478 -13 154 268 -202 310 172 81 564 614 -67 -943 -463 -520 -77 -497 166 144 201 -531 245 1143 -210 -509 -934 108 467 523 52 607 396 785 311 168 -244 -569 -1021 423 -203 -864 -302 419 -370 -692 318 62 -1471 -363 -645 -1201 -674 -1023 -331 407 -899 309 1004 -376 451 -859 270 868 -659 -125 655 468 710 879 283 496 -1301 305 1366 272 1114 1364 -1133 338 -1853 -659 -226 -44 -152 -284 -78 582 77 30 -493 189 -219 -81 766 -218 -102 -43 865 -447 1591 -912 637 -155 -1242 502 -416 276 532 452 -66 85 -444 -544 -50 204 -322 819 -15 -158 -601 281 104 513 251 294 845 -664 445 -645 -152 -586 473 1184 -228 -2 29 540 147 1172 -270 306 -195 132 -55 420 156 -387 -615 -174 252 849 135 -178 169 1247 -250 -227 -344 -268 105 90 368 -695 -557 295 80 -447 -212 -38 -601 333 845 11 -127 -617 1515 1129 -163 -945 62 -39 384 755 49 -210
449 842 258 820 201 -345 -203 446 940 -492 -304 252 -210 283 -773 189 591 -264 -20 496 391 27 -522 -673 896 1119 -533 760 399 223 -638 -710 -120 -1068 810 1135 9 -97 -581 -163 841 -440 251 -40 -394 424 459 -628 -619 1 758 146 19 -471 306 605 -430 -1505 134 -830 -672 617 304 96 -343 397 -430 -266 595 -199 706 167 -44 117 -705 -249 -261 256 -585 972 -450 -429 -532 269 -1108 304 -515 -55 544 -1047 902 -572 -214 -123 696 -232 157 -787 80 -658 -498 -26 106 -170 747 24 -6 -241 -35 -191 -499 -1303 -366 694 19 -426 356 161 312 -579 1258 -81 -611 167 484 -159 68 -949 -41 146 668 -486 -266 20 854 981 -224 -153 -1021 64 139 -620 -503 -343 232 12 854 814 -453 771 -47 -840 -222 -46 -662 569 709 598 93 -435 11 125 1100 -847 -12 -639 -247 -756 -167 -745 1088 -274 392 -196 -305 -816 769 1934 504 -50 -803 191 936 -642 146 -125 639 -1029 -415 835 1270 1016 -169 517 768 787 -543 395 -223 384 366 118 -216 -725 517 -340 -356 -543 269 1541 -460 1223 328 -882 173 410 -258 782 -987 -441 -268 257 77 -1057 215 -277 -164 -905 305 -196 -463 -725 -606 471 -807 842 343 38 223 121 497 756 312 482 -291 847 -661 -163 303 399 991 -276 -499 -593 -397 740 1038 -42 618 -24 739 229 169 -251 -565 -399 -1327 589 -420 -21 -78 -161 -1189 -268 -58 381 -1006 -314 -364 -93 26 373 157 -12 -1068 628 1058 668 -150 -728 -495 168 120 -387 686 -975 630 18 -554 338 -161 -101 -243 1457 275 -462 765 -485 -271 789 -726 915 -788 404 18 60 -693 -580 759 469 -736 614 -62 9 -791 -220 257 -232 415 -354 386 -559 460 -1191 669 -162 -51 159 -208 -1326 -452 122 312 -448 667 -725 563 -32 -1240 -409 -503 -711 85 -586 -144 395 -567 827 286 884 1251 -330 -231 429 -49 -352 553 248 -261 -485 -594 -274 593 -275 -914 -1274 -292 -1618 1110 -221 -474 1386 -577 -167 -897 458 -285 -495 481 347 -766 -705 592 -836 146 700 190 -994 627 302
124 28 234 299 3 93 -638 586 -526 310 -771 819 -695 -515 1548 -602 -397 478 -419 1224 228 -9 84 552 -23 -326 -624 420 -246 852 666 337 259 568 -223 166 -320 246 -236 1 -175 25 724 -219 992 23 20 1268 -59 291 36 1467 1628 -375 134 -355 258 360 598 -16 -349 -427 -219 912 -69 -1501 351 -170 518 -845 24 -494 419 -1283 -697 -177 -213 251 111 -17 107 -171 -480 -889 139 270 -611 401 717 -988 -787 -146 879 -178 587 -563 325 1119 46 -621 -839 196 643 -589 -75 -368 121 579 281 -172 369 844 373 -56 -320 -324 404 427 159 -479 -812 -269 -1109 -1050 771 -478 -174 464 758 -979 -1378 571 30 285 1070 1655 65 572 -152 -669 -2 899 318 256 -312 -821 1098 -1451 8 406 -120 409 236 -1380 1007 -499 -143 56 -652 127 -212 692 -390 -121 -128 270 343 426 -551 954 413 -159 680 -498 -206 -477 89 -932 946 338 -422 -208 734 -432 -543 -24 -422 1602 -3 -193 220 645 204 66 675 927 152 232 1279 -613 425 -721 -95 -133 -57 -1396 478 -663 -156 -51 736 253 -401 96 -86 -599 331 98 -490 -74 -1068 -412 1151 -250 183 -293 -1231 74 -149 -1280 155 -381 670 982 674 1026 -293 -121 -1196 734 -389 -799 -542 -230 -247 -569 470 -79 195 757 -135 270 1138 -219 -594 618 -152 779 -454 -144 1527 -412 568 23 899 -437 275 -19 302 -696 1336 -184 -683 -755 45 -300 1204 -403 402 1127 460 421 -227 -457 -267 -188 -310 754 564 48 137 -52 78 -236 -561 -550 947 -616 -736 -1449 909 640 861 -293 136 126 -226 686 502 -393 -293 146 -196 -748 -617 -176 -416 -1261 793 -94 -37 -381 -1104 -12 682 -571 293 -224 -30 97 -821 575 -457 547 545 350 -464 -367 -204 700 -338 1243 135 488 905 -579 -518 -448 21 800 -1176 611 138 676 -1197 -158 -45 37 -657 544 -202 -699 -9 898 -200 -435 -296 -1414 240 408 97 487 396 -456 636 437 -935 -529 -1037 -662 -180 195 378 -72 254 435 -1743 -1079 -648 107 381 239 1286 97 658 -155 -1122 366 611 -438
537 550 179 146 723 -93 -470 -11 416 -144 378 -353 474 99 796 155 -175 867 -630 665 156 -287 -160 95 -480 -8 668 487 -221 750 -157 -864 -7 -479 -462 -97 419 -20 208 -1292 -233 -232 52 1055 472 -173 -116 692 -323 -190 255 155 408 -320 -390 -86 -784 461 67 1232 -223 -756 505 -369 -110 -882 -125 249 -243 -568 231 -161 130 1000 -178 -325 -522 379 198 -97 -104 1165 42 -117 458 357 214 -368 497 155 520 683 145 393 -968 691 734 -108 208 136 -354 -424 -45 -95 705 694 132 178 771 458 -451 -422 -1013 368 1387 -506 -696 -581 -1218 -1085 69 275 -1129 -76 466 218 90 745 613 36 189 2162 -420 -168 94 199 17 -866 444 -1158 342 412 -335 -46 638 932 82 -943 225 -577 -493 697 -290 14 280 637 -382 1164 862 -87 688 -453 437 172 -108 457 944 -174 -11 -64 18 -140 -1123 -875 -55 -116 -467 -618 788 386 -20 -651 587 -435 0 22 1457 135 -1391 396 90 1041 -678 -899 -39 356 8 599 335 -903 35 610 -267 -135 -829 295 -1159 949 312 -258 -819 -722 209 407 20 642 -738 -35 -22 366 308 1169 -57 -1014 713 -1208 -246 -330 1192 -154 -647 101 157 250 213 59 -607 680 -851 -298 578 -511 329 -453 208 -188 -324 -168 -94 323 197 86 393 -93 322 374 -564 -614 565 470 -49 66 469 -796 -276 432 -233 1033 -138 390 751 377 944 325 8 378 -1707 832 -313 41 572 -1214 -640 430 -856 48 1682 309 -233 -310 37 319 862 -971 -147 -87 -169 -368 341 330 3 257 -214 -133 914 -656 -45 -121 369 173 272 -111 1191 -760 944 -1054 -864 317 690 -192 -326 -305 -278 -1102 -1302 1130 284 -794 764 777 -55 621 -848 35 -24 -633 -17 -862 -279 181 -836 655 174 -721 458 288 671 -518 -216 786 -1086 -767 712 -553 84 -297 757 116 553 205 70 1720 197 -64 76 -481 718 100 -1079 -352 -1121 -214 -60 116 67 933 499 -612 139 352 269 -672 -356 661 387 -232 1010 -319 -953 -310 360 550 176 885 303 -264 381 -349 723 207
-552 208 175 -74 -99 175 -739 -862 107 -636 -62 -1103 358 -270 996 1770 -1208 -210 -58 -305 915 -836 705 -728 -136 -32 929 116 218 585 1078 1082 235 -326 -320 1161 1929 948 -87 678 724 900 203 763 -548 1499 554 243 -306 -469 -632 -449 161 539 149 181 328 193 697 403 392 -47 1775 580 823 -935 45 80 678 524 1039 -251 682 877 16 -191 -344 405 -39 906 665 830 -45 -146 -658 594 -376 726 -1321 -280 258 -571 1035 -388 432 673 72 231 -335 -1300 -416 -774 -751 134 -1017 -454 -86 541 -443 731 -760 388 600 -221 -1852 3 -1371 421 -106 440 -408 -339 -900 -58 510 275 -96 81 -646 686 292 697 -647 -728 726 -423 -146 -220 -14 -390 704 968 -621 597 -653 -349 -49 671 -91 -162 -773 503 -4 326 -561 -553 485 -325 492 -172 862 -969 1384 33 145 -1137 -585 -959 -671 94 165 750 -125 -938 491 850 -369 48 7 320 528 934 176 345 908 -946 244 -57 -47 1432 512 503 -513 49 933 417 -103 24 388 977 743 -849 501 -337 -348 -30 217 457 -390 -124 887 -262 837 1155 -783 -382 313 240 -363 529 271 100 541 370 527 -345 179 -208 1137 -271 501 -52 -844 -265 517 137 61 199 151 470 -769 -129 -213 262 -1074 4 -51 456 564 -495 352 -1013 -598 -52 547 -120 -14 -328 20 705 -462 -294 841 780 85 -915 623 652 -291 -194 -252 -493 -335 -311 -66 -40 186 -209 371 400 -249 480 -167 -1334 1173 375 368 -69 325 -214 403 -266 -214 -1182 793 292 763 570 -327 -324 533 -733 1361 -38 1000 160 -313 43 -330 455 -857 883 -45 567 -389 970 662 240 -90 -627 -665 -315 662 -528 0 -565 -175 -245 215 525 335 310 -404 913 21 314 -764 183 -1312 224 -194 101 -633 -973 -662 -874 -72 588 -829 848 -138 695 -66 307 -1008 -176 648 -286 220 497 -694 -97 182 -115 43 -120 -248 72 -572 -1264 -1150 1155 368 -3 69 -90 239 407 -27 762 1212 -81 92 211 -83 -202 -139 -360 713 -399 -219 913 846 455 -131 221 -1859 -243 304 115
197 681 363 245 14 -1214 4 257 -227 855 245 -475 -211 524 667 957 379 95 -1366 978 1287 213 -627 -84 683 525 -295 544 -287 -213 200 -771 60 979 -784 489 -176 365 -419 -56 -256 269 -43 677 7 -540 -111 -449 -458 -747 154 127 -772 -27 370 574 428 327 257 625 0 -229 10 411 -294 -233 942 -347 126 488 285 460 625 -487 786 1706 -489 243 -436 -1155 320 442 -60 -437 300 -669 -634 228 -66 -579 -312 -540 600 316 -903 -925 289 1226 -52 -491 -481 -78 -153 -337 373 -364 40 385 938 -904 -600 499 970 366 7 -242 197 -735 230 -2245 -263 705 384 817 10 111 -43 -616 195 -1112 417 996 -129 -145 198 464 789 -242 -2 362 574 -258 -261 -235 -641 335 -288 305 -445 -191 982 -508 649 -56 15 -29 -1375 -270 503 682 -859 -895 -1055 -156 342 -487 875 1601 230 223 1286 214 33 665 -894 -608 1354 293 -593 -236 -18 172 700 59 -34 602 -712 -272 -1400 -15 385 -946 58 -763 496 -912 -330 -237 300 -689 -1623 327 1064 -596 540 -67 -291 -1200 -1075 862 -1052 -110 669 523 171 686 -344 -202 -545 -72 43 -1306 -219 -152 -711 663 -264 -183 -158 -417 980 -59 1529 274 167 1086 -307 28 1026 486 -345 -622 182 -442 540 -852 764 -139 90 -205 -317 -432 142 141 -88 803 149 -273 -492 1606 -145 575 -105 639 -1091 343 125 289 -734 -54 680 333 -642 224 173 157 -200 -269 -154 -629 -760 -72 -1366 -867 -424 451 784 -688 -962 -333 153 -1107 407 617 849 95 449 -650 599 -840 219 -76 -707 774 -702 105 -363 270 -1113 420 -57 537 -138 237 1038 427 -189 443 -126 -268 -731 -302 89 -1011 20 -126 -536 349 515 768 156 -102 -138 476 1570 -12 -490 221 700 710 -368 -40 306 767 -609 883 -610 700 186 -334 -132 -857 -599 722 -267 -155 244 -1094 254 -655 -143 876 763 304 203 386 -614 -1356 1103 -1052 1215 1100 -269 178 801 519 -269 -123 -454 70 -508 18 466 780 597 -9 -367 -276 -733 32 -343 -100 -567 664 390 708 -408 -523 128 584
-686 -520 -576 -255 76 25 -141 -207 -225 876 801 -394 -733 225 1163 -569 -136 -378 -205 45 -451 -172 774 -167 727 -505 189 610 -1263 506 -287 315 224 -83 834 499 -240 231 788 -236 -1299 -747 205 -585 -75 329 662 221 157 -565 -811 393 -178 -294 514 3 -504 826 -966 -423 -223 435 -464 118 -14 -764 -861 -1018 455 562 -249 270 -249 449 774 -1251 -170 -214 -83 995 -708 146 257 -877 92 -453 365 787 -387 -398 -978 -1190 32 42 -761 84 -589 607 -158 -486 68 383 158 1025 210 -24 1045 316 209 247 -477 -472 -62 587 -809 -332 595 172 -18 30 -153 607 559 44 -1768 -194 130 944 1044 710 -81 -202 377 -407 397 810 -97 -1189 19 -309 454 -215 -393 -296 789 866 832 303 149 -218 -604 241 70 790 690 -106 332 -847 428 138 757 -338 159 1574 -104 -769 407 -868 -476 -587 -52 -900 -772 -435 -28 241 -592 920 -870 -511 -541 -512 170 427 -376 -280 -772 -1135 310 338 631 -369 910 -300 755 529 451 -725 45 1028 -455 734 -130 -96 -1432 -1022 -284 -278 348 -198 -461 917 -712 -592 589 409 -716 334 -1141 279 -619 143 870 -450 127 -418 173 989 -1113 170 970 476 -1981 -338 -758 -247 -120 -512 -131 31 341 213 -739 -330 130 539 -444 254 162 -238 -1215 460 -1181 -371 584 471 -160 534 -340 -24 -155 424 -612 -1348 105 -835 167 217 421 -254 -302 -212 -240 583 78 336 108 -1251 358 281 -635 -334 72 -61 -159 83 1293 1022 -294 -924 1384 -309 -294 -238 -1721 409 81 189 -573 -158 -446 -280 464 1144 -673 168 -843 133 734 -392 -26 855 208 745 -144 366 -48 417 708 871 -85 -279 -1341 913 -575 82 -45 792 -126 -76 -16 586 -1001 -637 -743 -209 899 -801 -651 569 -1450 -227 1015 -815 213 -126 -740 -189 760 -263 -678 123 -167 308 86 398 142 -646 -1135 -416 -178 -890 -128 48 -120 -357 221 -469 -29 -925 19 -513 740 -319 -193 246 -129 -98 -1114 144 -100 335 -34 -223 272 394 732 346 -874 -490 -1142 196 506 -131 93 76 -247 534 229 -797
855 607 163 -1474 -718 -373 718 -1425 56 1081 285 423 31 491 -326 -125 49 -210 -689 -216 729 398 368 205 19 -475 310 499 988 271 -65 146 207 -660 673 -354 338 -239 -11 1069 -246 -390 178 -137 -310 732 307 820 563 442 356 553 579 37 714 340 405 782 -441 -160 983 73 204 301 -255 -334 -312 -439 260 -1482 -277 -125 1180 -1029 388 -296 -3 880 -328 1137 591 -364 654 -511 865 -470 -52 -223 -161 -201 -496 1039 228 0 198 -206 -187 -151 788 123 -498 -461 -1128 -741 81 -365 704 -762 -894 337 -1967 782 2 -531 -390 -65 482 624 -46 -614 -84 1040 1120 -104 986 -373 229 -175 -690 504 150 34 -1345 -167 -16 385 221 658 -568 131 -1183 -417 -222 1124 -34 666 -952 -102 -332 342 552 -57 -860 501 -570 -722 -280 32 39 702 580 466 -285 553 -65 -440 -623 644 -241 559 466 133 294 -1007 46 -14 -283 -170 -770 1173 34 675 -1124 458 1506 -27 627 -204 -289 187 521 -73 451 491 -1100 39 537 332 450 -683 654 -147 1276 61 112 1029 1247 862 -429 362 -64 -593 -741 -616 -397 -750 -826 328 -583 -308 409 -907 399 346 -1025 462 -1054 -139 482 -182 637 -1137 -491 137 348 -92 -526 -973 491 185 142 -229 -804 -403 337 1193 457 7 16 1145 -248 -15 861 -833 -363 130 -412 868 -398 -160 -516 358 -489 -1133 1104 -297 563 -421 -58 -497 -411 -17 -581 -201 -552 -738 870 -130 604 279 425 84 1004 683 345 1655 -492 173 508 -268 549 800 -1079 1240 64 -279 289 -60 -240 -106 714 949 -182 -1877 -12 357 -123 588 82 -342 -1378 -801 676 267 839 230 534 161 887 1278 897 1105 622 825 0 -481 -584 49 821 536 -892 143 44 179 418 -286 159 -407 -627 -437 248 355 -605 394 -385 -180 -223 978 115 -675 -560 720 1083 -877 -422 969 517 -347 1077 -274 167 -188 -944 -966 -136 -986 -3 323 -116 -438 -813 1011 16 -1220 -1217 -416 -58 -570 197 352 81 1316 69 -250 458 506 -665 -59 204 -399 756 -993 834 224 -236 -369 -320 -1353 -159 443
317 -335 -278 -366 -132 1029 -179 -257 519 -1170 19 -151 1033 105 226 244 394 185 245 -233 -780 -280 574 -455 25 -138 -480 -922 530 177 66 -437 -163 968 307 857 756 81 121 31 141 360 -126 353 -710 862 -435 161 65 -199 184 -124 -643 557 224 -171 58 719 1213 -289 403 159 -796 -68 -542 -61 -635 73 428 833 -678 -793 -52 562 773 -283 858 -383 -269 551 200 -177 689 -113 -86 1079 219 425 174 -236 -103 647 1329 267 -115 -1626 -487 -181 642 199 -194 154 143 -391 -374 618 53 -428 -308 179 290 -114 -253 -205 -571 -157 -887 279 368 356 1 -313 -44 -16 -202 -476 -42 -308 -1638 -456 -52 389 298 -535 281 -230 794 -157 -46 -325 364 -560 410 -1472 -578 160 -750 1038 -502 -145 -914 -120 316 -842 -58 626 1210 382 -16 300 261 69 -16 62 745 672 -457 235 125 -414 -167 -935 598 -265 -414 -429 -1121 589 -367 -452 205 464 -88 469 -847 -751 819 -526 -238 21 -396 475 83 101 125 -31 29 31 6 57 -1170 167 -706 -64 1222 613 374 -306 -323 -813 -572 -466 874 -401 793 -445 -1022 718 1045 531 -254 948 -1175 120 -633 683 60 80 50 -144 -608 49 354 470 1032 294 -336 120 195 11 -68 268 1263 -119 341 510 116 927 -674 68 -652 -526 -1342 -169 0 -144 735 626 25 969 -330 -1062 694 -997 1005 -257 286 -211 -71 2 9 331 -385 -341 125 -51 -352 11 298 292 280 893 478 -43 -1058 -783 493 -306 -1215 519 -436 1060 -420 -565 -147 -393 -2076 169 726 1285 469 -660 63 279 871 288 -157 609 -135 345 524 -316 748 559 -599 645 192 246 -393 470 73 -575 1256 -103 706 357 600 -233 109 45 523 861 -1136 -107 244 308 959 -228 1348 -403 -727 708 -1214 102 993 -272 -320 -361 -122 -435 1031 -738 -286 441 463 275 4 -215 120 282 -464 661 -1044 -729 286 -258 -136 -27 -771 685 -93 123 -274 20 -744 -871 -496 -97 -313 -248 -220 -790 1153 -510 449 -432 -1367 -51 -960 -363 421 197 299 816 30 690 690 104 -238 -544
110 918 -1147 343 40 -153 593 1114 69 -737 -972 -473 199 747 -46 515 -249 -716 73 295 -302 -1149 392 -146 439 -40 -249 -566 -860 -63 -557 656 144 851 -214 -195 -17 -41 1899 -1273 -1000 348 -152 542 -302 -776 -491 -288 -219 -727 333 -318 276 848 -303 -45 -149 -1033 117 -530 -72 171 -240 75 543 1154 494 457 200 -166 -890 217 -243 265 201 671 538 -270 287 91 391 1131 545 60 1617 1024 -172 560 910 305 762 15 -1174 4 123 129 -86 -711 -811 1077 -127 -161 -721 -263 509 -503 -179 527 -720 22 376 -683 788 189 570 693 354 -1109 557 -19 252 -438 -1468 999 -730 -593 -859 79 839 705 593 -578 782 197 90 67 1070 811 150 -594 -586 -396 -205 -245 675 -483 -661 -170 1508 906 -235 -660 -25 202 84 315 1107 -1063 -613 159 -90 414 288 296 1065 -1086 -34 -776 450 299 338 672 -14 194 -875 601 71 860 -212 -39 -134 -727 -722 -862 -948 -85 -354 -39 1188 -817 -925 -436 -81 143 -313 523 184 -567 499 -575 27 -489 -826 493 1133 -776 1132 -567 516 1486 293 914 -222 -1093 213 134 544 464 208 444 -352 127 538 -833 200 -125 1136 490 -151 -445 -111 -1010 -632 -446 478 341 -568 908 180 1042 991 147 230 -336 -333 727 -196 1139 529 -903 449 228 101 -1464 -26 -251 -609 593 -312 225 233 -26 1021 1102 -190 -895 -482 117 -96 -333 63 -29 196 991 -160 123 696 381 -388 -454 -383 43 -129 293 514 377 -532 -654 -336 -170 -55 -1580 -596 -463 -202 51 -78 -563 -451 660 -408 -591 566 -567 -255 270 818 250 -1372 -545 374 -1236 326 -15 -1313 -371 1100 264 -356 -1299 528 -1222 772 2271 -624 284 662 -705 -571 -2525 -1251 80 502 -283 339 -130 -919 -90 607 -9 -411 222 -358 522 341 754 108 582 190 -753 698 271 590 143 -1137 -688 548 -173 -57 637 306 8 194 1230 -1008 -939 911 690 1148 251 -251 -461 126 370 686 231 -674 452 727 348 -240 539 615 519 -274 528 677 518 529 608 494 -1006 -118 -85 -172 -264 -175 -543 -482 485
612 1094 84 -59 -811 199 -382 -130 -751 -208 -158 -906 -132 -1134 -72 15 325 -743 -367 -358 748 537 -212 266 1221 698 322 412 -996 -459 -53 167 -344 958 444 392 -824 -155 -862 587 -751 161 -253 -288 307 191 1349 -604 479 48 -545 -361 854 231 981 844 -815 127 -1156 849 327 -629 -166 179 -238 -396 1035 66 -243 -463 -824 4 -307 -251 449 -824 122 -86 448 496 -455 604 -516 -145 -331 -11 515 -190 435 -784 1083 943 -51 134 197 -831 -242 -431 -112 210 -95 -192 1079 -298 -240 569 -450 130 559 -160 263 -285 -219 102 768 468 -55 -560 843 296 -244 289 -217 -131 -546 -410 594 -269 1105 -848 635 -1055 112 299 155 172 -538 -644 -557 395 384 263 -197 866 6 661 1353 570 -882 -73 49 -263 -500 -6 -152 448 387 6 811 -353 264 918 308 814 -759 659 -51 541 170 -443 -287 -405 189 -553 -463 -247 363 385 -617 273 -703 330 440 921 -302 455 186 867 323 468 -907 143 -1456 598 89 -468 -525 285 410 -1041 -365 -534 -359 534 621 268 -611 -1660 -13 -232 1386 225 -704 -553 -1069 -455 -399 823 -422 -544 -64 -1181 1248 400 -320 248 -1164 -1622 88 659 44 358 109 -635 252 -1738 691 685 -1444 241 247 -27 172 -1411 598 -886 -986 8 -103 324 -541 -308 -160 498 443 -375 -419 814 -568 514 -986 811 -188 320 -270 -172 -801 -437 893 546 -74 -540 1149 217 317 73 -535 -77 592 -676 672 110 306 309 -556 599 -357 824 3 -376 -1142 -474 653 -46 578 584 305 -39 -467 -182 -74 244 711 400 96 432 -655 -539 -120 668 609 -383 -754 -12 818 330 317 -176 477 -48 878 70 521 515 -214 460 -517 -123 562 609 540 -15 360 172 -1106 554 -1037 -698 954 -378 -248 -328 -316 -765 -86 1505 441 612 -837 550 515 702 369 -251 -189 330 303 -786 -592 -818 130 -319 64 -261 -199 -614 -759 525 273 283 407 -705 666 92 -111 -463 -1 139 -737 42 -554 -709 4 -907 123 802 880 -160 269 -254 -960 -1022 -949 -656 994 -663 1423 -255 -615 -584
-589 268 -902 237 -611 315 -996 18 -527 -672 319 -33 845 331 500 513 296 -760 979 -724 -106 193 85 -131 899 290 -395 -985 132 139 480 76 -422 417 -168 -109 -490 221 385 348 -431 -843 -352 -54 -497 12 -346 -1262 1496 -333 438 661 296 -128 842 55 -68 -359 -466 53 820 -138 520 303 179 72 594 -535 169 169 803 -961 -845 -19 146 1026 917 155 468 104 -233 -227 -339 1019 -241 520 866 -404 -348 179 -1303 8 129 536 -88 -269 -578 791 -495 239 294 -696 665 -21 1086 256 -330 425 483 -200 116 419 -1233 11 -857 -296 1288 -829 -193 636 798 -477 -442 -616 9 -728 -390 -262 -265 216 20 -630 -633 157 -434 245 -597 -895 -886 175 562 -995 846 -514 -289 725 45 45 -136 1035 58 312 58 60 443 -31 -242 367 -609 895 -219 327 582 61 -72 260 377 -102 -1130 -388 -97 -209 -284 487 -698 153 -6 -668 51 351 -1148 -687 358 511 -1569 -414 412 -110 -184 -215 202 -1048 -904 -176 449 -109 1145 526 -644 57 -871 -276 -394 331 -154 -8 -80 742 -130 -1616 51 -273 -445 -32 88 -434 -71 443 107 -341 62 371 -102 223 -451 121 -105 -554 107 -766 526 -740 529 164 -277 -861 -220 770 -966 341 217 474 -172 41 556 88 753 832 307 -428 116 -438 -597 -473 -97 270 -996 447 265 300 -503 1306 691 -648 -940 -293 -368 -865 -377 421 312 -452 1099 513 -41 356 -295 470 -264 178 567 1178 125 421 28 -123 -565 1231 492 -910 -946 112 179 713 -984 455 -498 721 396 -646 -168 345 372 760 -197 1111 -712 -344 -819 130 -610 429 689 -533 560 298 1078 251 51 783 -1066 486 375 313 526 523 -364 -62 224 1219 418 934 -472 -1284 -570 -71 351 -116 676 148 -2 -594 -27 701 393 312 -635 378 338 92 -259 666 819 947 -207 62 -839 534 358 -23 -158 30 -219 329 327 -300 182 988 842 1052 -829 460 -1126 -148 -551 393 -171 492 -809 -131 -156 -82 631 -323 245 -593 873 -267 648 -404 328 330 -25 739 401 690 271 46 746 -1526
180 163 -990 -194 -341 442 -815 -286 1489 -50 308 -96 -215 -199 -451 -363 -650 846 -612 -273 -476 995 -151 575 -547 -1199 -417 1074 241 -329 -303 776 -337 -413 391 376 -869 -486 962 -680 538 356 -97 -758 -1114 787 344 441 631 -701 6 -433 218 -321 -223 -236 244 -120 155 -263 1285 533 300 -725 -327 19 841 44 -144 1500 -395 -288 108 512 386 -125 372 -635 76 105 33 447 -393 889 -205 517 355 10 -16 79 -1090 896 -614 446 607 -320 71 -992 -662 220 -1006 -288 100 -41 415 -323 -1097 -110 244 43 362 1713 872 -1035 181 351 501 -294 990 861 -22 -361 -713 81 -627 76 -479 614 36 398 197 -888 667 250 -83 -1161 836 74 165 352 317 -193 -670 -381 -368 534 402 719 -850 731 102 755 430 -415 -283 544 -455 409 -1044 103 -129 701 -258 -360 580 147 574 -852 15 -313 61 -26 259 -1953 1074 872 90 -447 -521 189 -304 -248 280 -593 1135 -421 1098 -49 -200 -183 36 -122 984 185 913 -195 1163 181 737 1237 -342 116 -31 1382 690 327 108 -184 541 -658 665 -281 910 19 511 -98 235 323 -108 -177 -1435 -92 140 104 421 226 1177 531 101 479 903 -197 446 476 471 67 495 198 2 265 -126 663 41 -936 546 290 461 636 265 -830 1321 -1189 -518 -293 -277 -163 -355 -362 -217 -87 -416 446 -50 -270 -315 -298 -213 -1376 271 -5 -112 298 -552 353 360 345 102 434 -231 127 231 -554 168 -453 -45 -1283 -82 11 -48 264 457 1309 815 -166 -464 -306 -199 -1217 -1214 131 -356 -222 384 -277 330 601 -448 -445 -270 631 -344 -164 -584 497 418 -345 -71 -117 297 181 -6 -72 339 675 -443 -123 -1013 -527 -881 -489 -724 -251 913 -259 -1346 -357 188 -64 315 -105 -176 -354 153 -1766 -277 -493 -359 829 -246 -1018 -263 287 411 -23 -508 -84 975 -706 -913 76 228 -343 629 -257 309 -172 -111 526 -709 635 624 -352 860 304 -465 602 413 361 -725 -1094 17 223 279 -675 -407 206 -1056 758 569 209 406 121 -134 -1489 646 315 490 48 -1038 835
344 381 -86 -399 227 -142 38 -694 124 -780 536 106 574 -120 23 -333 1258 603 -819 747 329 459 -43 -547 849 -409 -34 -352 -862 -712 -618 716 464 -18 -659 312 178 -531 338 -184 212 -235 -15 491 -382 1406 -338 193 150 72 668 -123 1141 84 176 -911 1170 -765 -158 -887 158 754 908 -161 -933 -1283 -16 -467 -435 -273 -358 535 -293 9 109 -33 -692 640 15 913 -121 962 -86 -653 9 411 200 -639 -388 -167 889 109 570 952 -401 -282 -580 474 -100 -225 143 280 518 -288 -500 -553 -253 807 1034 -136 441 -918 -684 75 378 -38 -566 120 441 340 539 -1051 -503 275 -710 -865 168 172 560 710 -43 1192 290 117 -946 -269 -226 203 334 471 244 -46 73 529 3 23 123 -263 505 -588 537 195 -128 -169 -912 -348 -565 -1065 -465 -1 -737 -937 540 156 -681 -813 -904 -258 340 229 -114 -998 267 -916 698 -802 -271 -1002 315 -364 1345 -196 76 936 -101 327 96 1058 -606 135 -244 322 -92 989 -90 156 419 270 -287 577 -1849 643 278 -201 329 -703 -667 104 930 -332 662 260 572 130 362 173 -622 184 -253 343 -346 -188 -406 -238 -10 416 -1171 543 307 -405 495 -92 -398 669 -952 -959 -391 -248 1056 630 -848 442 1099 -3 -833 -44 -210 150 -788 512 905 -117 -305 118 -345 386 -423 -308 -981 -298 -456 -170 -745 -43 480 491 -188 -210 -996 -11 1625 390 -31 -498 127 -110 -812 256 -1595 864 387 710 994 657 -118 -686 -235 -265 582 -305 513 856 -175 959 -412 426 -257 -122 50 601 -619 701 162 38 -1201 -391 -383 -239 158 -549 -619 746 -65 0 -34 119 118 577 -286 -334 500 -11 -470 -592 -406 473 -986 -597 -7 -148 -1044 340 1105 332 339 -558 -494 527 -397 -648 1564 336 141 -157 604 872 360 992 -112 15 -859 703 -348 1036 -95 24 18 -669 400 61 236 -310 -202 -1790 300 -223 353 -296 -495 -380 -615 1565 320 -41 -38 -408 238 -268 326 374 289 -235 377 803 246 99 604 1066 -1300 398 300 -226 207 -892 -1038 225 415 -129 461 70
